{
  "rows": 14880,
  "start": "2014-01-01 00:00:00+00:00",
  "end": "2014-12-31 23:54:00+00:00",
  "segments": 1,
  "params": {
    "tct_window_hours": 24,
    "stress_window_hours": 24,
    "cp_threshold": 0.08,
    "s_max": 2.5,
    "k_depth": 13.0,
    "gap_hours": 6.0
  },
  "top_CP": [
    {
      "time": "2014-04-10 19:54:00+00:00",
      "CP": 51.92304908816731,
      "SCE": 2.8400108163517013e-19,
      "S_struct": 42.70530890614646,
      "admissible": false,
      "snowfall_cm": 0.0,
      "depth_est_cm": 51.59490640877745,
      "corridor_score": 1.4653009226958167e-17,
      "segment_id": 0
    },
    {
      "time": "2014-04-10 21:00:00+00:00",
      "CP": 51.34209671559413,
      "SCE": 6.280278483344213e-19,
      "S_struct": 41.911702442908386,
      "admissible": false,
      "snowfall_cm": 0.0,
      "depth_est_cm": 51.45141242573412,
      "corridor_score": 3.231291983950071e-17,
      "segment_id": 0
    },
    {
      "time": "2014-04-10 20:54:00+00:00",
      "CP": 51.34209671559413,
      "SCE": 6.1637670656353e-19,
      "S_struct": 41.93042863962466,
      "admissible": false,
      "snowfall_cm": 0.0,
      "depth_est_cm": 51.45141242573412,
      "corridor_score": 3.171345213901588e-17,
      "segment_id": 0
    },
    {
      "time": "2014-04-10 18:54:00+00:00",
      "CP": 50.01984535690848,
      "SCE": 1.9048942571974204e-18,
      "S_struct": 40.802105174887636,
      "admissible": false,
      "snowfall_cm": 0.0,
      "depth_est_cm": 51.11879086184299,
      "corridor_score": 9.737589114760068e-17,
      "segment_id": 0
    },
    {
      "time": "2014-04-11 02:54:00+00:00",
      "CP": 49.44994714223432,
      "SCE": 2.664727404665805e-35,
      "S_struct": 79.61037648958529,
      "admissible": false,
      "snowfall_cm": 0.0,
      "depth_est_cm": 50.97276208795274,
      "corridor_score": 1.3582851602727784e-33,
      "segment_id": 0
    },
    {
      "time": "2014-04-11 08:54:00+00:00",
      "CP": 47.781834267239695,
      "SCE": 1.8483297256012118e-35,
      "S_struct": 79.97619587454321,
      "admissible": false,
      "snowfall_cm": 0.0,
      "depth_est_cm": 50.535653934158205,
      "corridor_score": 9.340655136920043e-34,
      "segment_id": 0
    },
    {
      "time": "2014-04-11 07:54:00+00:00",
      "CP": 46.731653924083105,
      "SCE": 5.282834143995622e-35,
      "S_struct": 78.92601553138661,
      "admissible": false,
      "snowfall_cm": 0.0,
      "depth_est_cm": 50.252732167102536,
      "corridor_score": 2.6547684932143636e-33,
      "segment_id": 0
    },
    {
      "time": "2014-04-11 09:00:00+00:00",
      "CP": 45.72592517583984,
      "SCE": 6.648507619282594e-34,
      "S_struct": 76.3935007504683,
      "admissible": false,
      "snowfall_cm": 0.0,
      "depth_est_cm": 49.97588899669094,
      "corridor_score": 3.322650787749209e-32,
      "segment_id": 0
    },
    {
      "time": "2014-04-10 23:54:00+00:00",
      "CP": 45.70349250011938,
      "SCE": 2.3335580107770364e-20,
      "S_struct": 45.20430771379631,
      "admissible": false,
      "snowfall_cm": 0.0,
      "depth_est_cm": 49.96964632072818,
      "corridor_score": 1.1660706846743051e-18,
      "segment_id": 0
    },
    {
      "time": "2014-04-10 22:54:00+00:00",
      "CP": 45.70349250011938,
      "SCE": 2.3335580107770364e-20,
      "S_struct": 45.20430771379631,
      "admissible": false,
      "snowfall_cm": 0.0,
      "depth_est_cm": 49.96964632072818,
      "corridor_score": 1.1660706846743051e-18,
      "segment_id": 0
    },
    {
      "time": "2014-04-10 21:54:00+00:00",
      "CP": 45.70349250011938,
      "SCE": 2.3335580107770364e-20,
      "S_struct": 45.20430771379631,
      "admissible": false,
      "snowfall_cm": 0.0,
      "depth_est_cm": 49.96964632072818,
      "corridor_score": 1.1660706846743051e-18,
      "segment_id": 0
    },
    {
      "time": "2014-04-11 03:00:00+00:00",
      "CP": 45.12645449591876,
      "SCE": 3.5316998709406777e-37,
      "S_struct": 83.93386913590085,
      "admissible": false,
      "snowfall_cm": 0.0,
      "depth_est_cm": 49.80802626345479,
      "corridor_score": 1.7590699992645317e-35,
      "segment_id": 0
    }
  ],
  "top_depth_any": [
    {
      "time": "2014-04-10 19:54:00+00:00",
      "CP": 51.92304908816731,
      "SCE": 2.8400108163517013e-19,
      "S_struct": 42.70530890614646,
      "admissible": false,
      "snowfall_cm": 0.0,
      "depth_est_cm": 51.59490640877745,
      "corridor_score": 1.4653009226958167e-17,
      "segment_id": 0
    },
    {
      "time": "2014-04-10 21:00:00+00:00",
      "CP": 51.34209671559413,
      "SCE": 6.280278483344213e-19,
      "S_struct": 41.911702442908386,
      "admissible": false,
      "snowfall_cm": 0.0,
      "depth_est_cm": 51.45141242573412,
      "corridor_score": 3.231291983950071e-17,
      "segment_id": 0
    },
    {
      "time": "2014-04-10 20:54:00+00:00",
      "CP": 51.34209671559413,
      "SCE": 6.1637670656353e-19,
      "S_struct": 41.93042863962466,
      "admissible": false,
      "snowfall_cm": 0.0,
      "depth_est_cm": 51.45141242573412,
      "corridor_score": 3.171345213901588e-17,
      "segment_id": 0
    },
    {
      "time": "2014-04-10 18:54:00+00:00",
      "CP": 50.01984535690848,
      "SCE": 1.9048942571974204e-18,
      "S_struct": 40.802105174887636,
      "admissible": false,
      "snowfall_cm": 0.0,
      "depth_est_cm": 51.11879086184299,
      "corridor_score": 9.737589114760068e-17,
      "segment_id": 0
    },
    {
      "time": "2014-04-11 02:54:00+00:00",
      "CP": 49.44994714223432,
      "SCE": 2.664727404665805e-35,
      "S_struct": 79.61037648958529,
      "admissible": false,
      "snowfall_cm": 0.0,
      "depth_est_cm": 50.97276208795274,
      "corridor_score": 1.3582851602727784e-33,
      "segment_id": 0
    },
    {
      "time": "2014-04-11 08:54:00+00:00",
      "CP": 47.781834267239695,
      "SCE": 1.8483297256012118e-35,
      "S_struct": 79.97619587454321,
      "admissible": false,
      "snowfall_cm": 0.0,
      "depth_est_cm": 50.535653934158205,
      "corridor_score": 9.340655136920043e-34,
      "segment_id": 0
    },
    {
      "time": "2014-04-11 07:54:00+00:00",
      "CP": 46.731653924083105,
      "SCE": 5.282834143995622e-35,
      "S_struct": 78.92601553138661,
      "admissible": false,
      "snowfall_cm": 0.0,
      "depth_est_cm": 50.252732167102536,
      "corridor_score": 2.6547684932143636e-33,
      "segment_id": 0
    },
    {
      "time": "2014-04-11 09:00:00+00:00",
      "CP": 45.72592517583984,
      "SCE": 6.648507619282594e-34,
      "S_struct": 76.3935007504683,
      "admissible": false,
      "snowfall_cm": 0.0,
      "depth_est_cm": 49.97588899669094,
      "corridor_score": 3.322650787749209e-32,
      "segment_id": 0
    },
    {
      "time": "2014-04-10 23:54:00+00:00",
      "CP": 45.70349250011938,
      "SCE": 2.3335580107770364e-20,
      "S_struct": 45.20430771379631,
      "admissible": false,
      "snowfall_cm": 0.0,
      "depth_est_cm": 49.96964632072818,
      "corridor_score": 1.1660706846743051e-18,
      "segment_id": 0
    },
    {
      "time": "2014-04-10 22:54:00+00:00",
      "CP": 45.70349250011938,
      "SCE": 2.3335580107770364e-20,
      "S_struct": 45.20430771379631,
      "admissible": false,
      "snowfall_cm": 0.0,
      "depth_est_cm": 49.96964632072818,
      "corridor_score": 1.1660706846743051e-18,
      "segment_id": 0
    },
    {
      "time": "2014-04-10 21:54:00+00:00",
      "CP": 45.70349250011938,
      "SCE": 2.3335580107770364e-20,
      "S_struct": 45.20430771379631,
      "admissible": false,
      "snowfall_cm": 0.0,
      "depth_est_cm": 49.96964632072818,
      "corridor_score": 1.1660706846743051e-18,
      "segment_id": 0
    },
    {
      "time": "2014-04-11 03:00:00+00:00",
      "CP": 45.12645449591876,
      "SCE": 3.5316998709406777e-37,
      "S_struct": 83.93386913590085,
      "admissible": false,
      "snowfall_cm": 0.0,
      "depth_est_cm": 49.80802626345479,
      "corridor_score": 1.7590699992645317e-35,
      "segment_id": 0
    }
  ],
  "top_depth_admissible": [
    {
      "time": "2014-06-30 07:54:00+00:00",
      "CP": 10.292710251252743,
      "SCE": 0.10930297312759768,
      "S_struct": 2.213631682636226,
      "admissible": true,
      "snowfall_cm": 0.0,
      "depth_est_cm": 31.5140462914728,
      "corridor_score": 3.4445789549387205,
      "segment_id": 0
    },
    {
      "time": "2014-06-30 08:54:00+00:00",
      "CP": 10.292710251252743,
      "SCE": 0.10930297312759768,
      "S_struct": 2.213631682636226,
      "admissible": true,
      "snowfall_cm": 0.0,
      "depth_est_cm": 31.5140462914728,
      "corridor_score": 3.4445789549387205,
      "segment_id": 0
    },
    {
      "time": "2014-06-30 09:00:00+00:00",
      "CP": 10.292710251252743,
      "SCE": 0.10930297312759768,
      "S_struct": 2.213631682636226,
      "admissible": true,
      "snowfall_cm": 0.0,
      "depth_est_cm": 31.5140462914728,
      "corridor_score": 3.4445789549387205,
      "segment_id": 0
    },
    {
      "time": "2014-06-30 09:54:00+00:00",
      "CP": 10.292710251252743,
      "SCE": 0.10930297312759768,
      "S_struct": 2.213631682636226,
      "admissible": true,
      "snowfall_cm": 0.0,
      "depth_est_cm": 31.5140462914728,
      "corridor_score": 3.4445789549387205,
      "segment_id": 0
    },
    {
      "time": "2014-06-30 10:54:00+00:00",
      "CP": 10.292710251252743,
      "SCE": 0.10930297312759768,
      "S_struct": 2.213631682636226,
      "admissible": true,
      "snowfall_cm": 0.0,
      "depth_est_cm": 31.5140462914728,
      "corridor_score": 3.4445789549387205,
      "segment_id": 0
    },
    {
      "time": "2014-06-30 06:54:00+00:00",
      "CP": 9.672667465032697,
      "SCE": 0.11483598822458276,
      "S_struct": 2.164250357946374,
      "admissible": true,
      "snowfall_cm": 0.0,
      "depth_est_cm": 30.779918400302865,
      "corridor_score": 3.5346423469707977,
      "segment_id": 0
    },
    {
      "time": "2014-06-30 06:00:00+00:00",
      "CP": 8.928616121568647,
      "SCE": 0.24166591709353094,
      "S_struct": 1.420199014482323,
      "admissible": true,
      "snowfall_cm": 0.0,
      "depth_est_cm": 29.840474364457364,
      "corridor_score": 7.211425603792589,
      "segment_id": 0
    },
    {
      "time": "2014-07-09 01:43:00+00:00",
      "CP": 7.499102038624749,
      "SCE": 0.1593383728248767,
      "S_struct": 1.8367252070509519,
      "admissible": true,
      "snowfall_cm": 0.0,
      "depth_est_cm": 27.819486700212636,
      "corridor_score": 4.4327117436351795,
      "segment_id": 0
    },
    {
      "time": "2014-12-27 11:54:00+00:00",
      "CP": 6.621076690781347,
      "SCE": 0.08625819120509298,
      "S_struct": 2.450410257086248,
      "admissible": true,
      "snowfall_cm": 0.0,
      "depth_est_cm": 26.40192955035654,
      "corridor_score": 2.277382687338049,
      "segment_id": 0
    },
    {
      "time": "2014-12-27 10:54:00+00:00",
      "CP": 6.621076690781347,
      "SCE": 0.08625819120509298,
      "S_struct": 2.450410257086248,
      "admissible": true,
      "snowfall_cm": 0.0,
      "depth_est_cm": 26.40192955035654,
      "corridor_score": 2.277382687338049,
      "segment_id": 0
    },
    {
      "time": "2014-07-09 01:54:00+00:00",
      "CP": 6.422108361806316,
      "SCE": 0.1531527157919795,
      "S_struct": 1.8763197129713882,
      "admissible": true,
      "snowfall_cm": 0.0,
      "depth_est_cm": 26.05802111397573,
      "corridor_score": 3.990856701770126,
      "segment_id": 0
    },
    {
      "time": "2014-11-28 04:54:00+00:00",
      "CP": 5.195046197905399,
      "SCE": 0.08987559246936891,
      "S_struct": 2.4093288708139045,
      "admissible": true,
      "snowfall_cm": 0.8,
      "depth_est_cm": 23.708749640449994,
      "corridor_score": 2.1308379206433803,
      "segment_id": 0
    }
  ],
  "top_depth_admissible_snow": [
    {
      "time": "2014-11-28 04:54:00+00:00",
      "CP": 5.195046197905399,
      "SCE": 0.08987559246936891,
      "S_struct": 2.4093288708139045,
      "admissible": true,
      "snowfall_cm": 0.8,
      "depth_est_cm": 23.708749640449994,
      "corridor_score": 2.1308379206433803,
      "segment_id": 0
    },
    {
      "time": "2014-03-30 00:54:00+00:00",
      "CP": 3.2220114232418258,
      "SCE": 0.18629988371254402,
      "S_struct": 1.6803976255693998,
      "admissible": true,
      "snowfall_cm": 1.3,
      "depth_est_cm": 18.72405151590368,
      "corridor_score": 3.4882886200405396,
      "segment_id": 0
    },
    {
      "time": "2014-03-30 00:15:00+00:00",
      "CP": 3.2220114232418258,
      "SCE": 0.18629988371254402,
      "S_struct": 1.6803976255693998,
      "admissible": true,
      "snowfall_cm": 0.7000000000000001,
      "depth_est_cm": 18.72405151590368,
      "corridor_score": 3.4882886200405396,
      "segment_id": 0
    },
    {
      "time": "2014-03-29 23:27:00+00:00",
      "CP": 3.2220114232418258,
      "SCE": 0.09447362256217388,
      "S_struct": 2.359434609771646,
      "admissible": true,
      "snowfall_cm": 0.7000000000000001,
      "depth_est_cm": 18.72405151590368,
      "corridor_score": 1.768928975748184,
      "segment_id": 0
    },
    {
      "time": "2014-03-29 23:54:00+00:00",
      "CP": 3.2220114232418258,
      "SCE": 0.09447362256217388,
      "S_struct": 2.359434609771646,
      "admissible": true,
      "snowfall_cm": 1.5,
      "depth_est_cm": 18.72405151590368,
      "corridor_score": 1.768928975748184,
      "segment_id": 0
    },
    {
      "time": "2014-03-30 01:04:00+00:00",
      "CP": 3.2220114232418258,
      "SCE": 0.2474073682828838,
      "S_struct": 1.3967190365938318,
      "admissible": true,
      "snowfall_cm": 0.5,
      "depth_est_cm": 18.72405151590368,
      "corridor_score": 4.632468309142871,
      "segment_id": 0
    },
    {
      "time": "2014-03-30 00:00:00+00:00",
      "CP": 3.2220114232418258,
      "SCE": 0.13935985789803715,
      "S_struct": 1.9706957855538578,
      "admissible": true,
      "snowfall_cm": 6.0,
      "depth_est_cm": 18.72405151590368,
      "corridor_score": 2.609381158531864,
      "segment_id": 0
    },
    {
      "time": "2014-03-30 00:28:00+00:00",
      "CP": 3.2220114232418258,
      "SCE": 0.18629988371254402,
      "S_struct": 1.6803976255693998,
      "admissible": true,
      "snowfall_cm": 0.7000000000000001,
      "depth_est_cm": 18.72405151590368,
      "corridor_score": 3.4882886200405396,
      "segment_id": 0
    },
    {
      "time": "2014-11-18 01:54:00+00:00",
      "CP": 2.836209170769681,
      "SCE": 0.08623846660116517,
      "S_struct": 2.450638952578261,
      "admissible": true,
      "snowfall_cm": 0.8,
      "depth_est_cm": 17.47830089056414,
      "corridor_score": 1.507301867596031,
      "segment_id": 0
    },
    {
      "time": "2014-11-18 01:41:00+00:00",
      "CP": 2.836209170769681,
      "SCE": 0.08623846660116517,
      "S_struct": 2.450638952578261,
      "admissible": true,
      "snowfall_cm": 0.7000000000000001,
      "depth_est_cm": 17.47830089056414,
      "corridor_score": 1.507301867596031,
      "segment_id": 0
    },
    {
      "time": "2014-11-18 01:21:00+00:00",
      "CP": 2.40648050853185,
      "SCE": 0.13253476503603076,
      "S_struct": 2.02091029034043,
      "admissible": true,
      "snowfall_cm": 0.5,
      "depth_est_cm": 15.93383544180076,
      "corridor_score": 2.1117871364018432,
      "segment_id": 0
    },
    {
      "time": "2014-11-18 01:12:00+00:00",
      "CP": 2.40648050853185,
      "SCE": 0.13253476503603076,
      "S_struct": 2.02091029034043,
      "admissible": true,
      "snowfall_cm": 0.2,
      "depth_est_cm": 15.93383544180076,
      "corridor_score": 2.1117871364018432,
      "segment_id": 0
    }
  ],
  "top_corridor_any": [
    {
      "time": "2014-06-30 06:00:00+00:00",
      "CP": 8.928616121568647,
      "SCE": 0.24166591709353094,
      "S_struct": 1.420199014482323,
      "admissible": true,
      "snowfall_cm": 0.0,
      "depth_est_cm": 29.840474364457364,
      "corridor_score": 7.211425603792589,
      "segment_id": 0
    },
    {
      "time": "2014-01-08 12:00:00+00:00",
      "CP": 1.1618538996801455,
      "SCE": 0.5542350572345845,
      "S_struct": 0.5901663911836865,
      "admissible": true,
      "snowfall_cm": 1.0,
      "depth_est_cm": 10.022559826076934,
      "corridor_score": 5.554854018842797,
      "segment_id": 0
    },
    {
      "time": "2014-01-01 09:54:00+00:00",
      "CP": 2.255528286922003,
      "SCE": 0.35971706343073623,
      "S_struct": 1.0224374914553658,
      "admissible": true,
      "snowfall_cm": 0.0,
      "depth_est_cm": 15.344609314072208,
      "corridor_score": 5.519717801949978,
      "segment_id": 0
    },
    {
      "time": "2014-01-01 11:54:00+00:00",
      "CP": 2.255528286922003,
      "SCE": 0.35971706343073623,
      "S_struct": 1.0224374914553658,
      "admissible": true,
      "snowfall_cm": 0.0,
      "depth_est_cm": 15.344609314072208,
      "corridor_score": 5.519717801949978,
      "segment_id": 0
    },
    {
      "time": "2014-01-01 12:00:00+00:00",
      "CP": 2.255528286922003,
      "SCE": 0.35971706343073623,
      "S_struct": 1.0224374914553658,
      "admissible": true,
      "snowfall_cm": 0.0,
      "depth_est_cm": 15.344609314072208,
      "corridor_score": 5.519717801949978,
      "segment_id": 0
    },
    {
      "time": "2014-01-01 10:54:00+00:00",
      "CP": 2.255528286922003,
      "SCE": 0.35971706343073623,
      "S_struct": 1.0224374914553658,
      "admissible": true,
      "snowfall_cm": 0.0,
      "depth_est_cm": 15.344609314072208,
      "corridor_score": 5.519717801949978,
      "segment_id": 0
    },
    {
      "time": "2014-01-22 04:59:00+00:00",
      "CP": 1.710670458749837,
      "SCE": 0.40863071727317435,
      "S_struct": 0.8949434225442399,
      "admissible": true,
      "snowfall_cm": 0.0,
      "depth_est_cm": 12.963548078592149,
      "corridor_score": 5.297303949760391,
      "segment_id": 0
    },
    {
      "time": "2014-01-22 03:00:00+00:00",
      "CP": 2.41049019187477,
      "SCE": 0.3265726564618524,
      "S_struct": 1.119102823745333,
      "admissible": true,
      "snowfall_cm": 0.0,
      "depth_est_cm": 15.949128419212606,
      "corridor_score": 5.208549236113486,
      "segment_id": 0
    },
    {
      "time": "2014-01-22 04:54:00+00:00",
      "CP": 2.177216947499792,
      "SCE": 0.3445896130384427,
      "S_struct": 1.06540109742488,
      "admissible": true,
      "snowfall_cm": 0.0,
      "depth_est_cm": 15.028073318202816,
      "corridor_score": 5.178517969432854,
      "segment_id": 0
    },
    {
      "time": "2014-12-16 04:30:00+00:00",
      "CP": 1.5000226266475973,
      "SCE": 0.42861538156911294,
      "S_struct": 0.8471953086512158,
      "admissible": true,
      "snowfall_cm": 0.0,
      "depth_est_cm": 11.911897172399081,
      "corridor_score": 5.10562235175987,
      "segment_id": 0
    },
    {
      "time": "2014-12-16 03:06:00+00:00",
      "CP": 1.24689341259485,
      "SCE": 0.47347518064242866,
      "S_struct": 0.7476557845356657,
      "admissible": true,
      "snowfall_cm": 0.0,
      "depth_est_cm": 10.524131236460315,
      "corridor_score": 4.982914938287673,
      "segment_id": 0
    },
    {
      "time": "2014-12-16 02:44:00+00:00",
      "CP": 1.24689341259485,
      "SCE": 0.47347518064242866,
      "S_struct": 0.7476557845356657,
      "admissible": true,
      "snowfall_cm": 0.0,
      "depth_est_cm": 10.524131236460315,
      "corridor_score": 4.982914938287673,
      "segment_id": 0
    }
  ],
  "top_corridor_admissible": [
    {
      "time": "2014-06-30 06:00:00+00:00",
      "CP": 8.928616121568647,
      "SCE": 0.24166591709353094,
      "S_struct": 1.420199014482323,
      "admissible": true,
      "snowfall_cm": 0.0,
      "depth_est_cm": 29.840474364457364,
      "corridor_score": 7.211425603792589,
      "segment_id": 0
    },
    {
      "time": "2014-01-08 12:00:00+00:00",
      "CP": 1.1618538996801455,
      "SCE": 0.5542350572345845,
      "S_struct": 0.5901663911836865,
      "admissible": true,
      "snowfall_cm": 1.0,
      "depth_est_cm": 10.022559826076934,
      "corridor_score": 5.554854018842797,
      "segment_id": 0
    },
    {
      "time": "2014-01-01 10:54:00+00:00",
      "CP": 2.255528286922003,
      "SCE": 0.35971706343073623,
      "S_struct": 1.0224374914553658,
      "admissible": true,
      "snowfall_cm": 0.0,
      "depth_est_cm": 15.344609314072208,
      "corridor_score": 5.519717801949978,
      "segment_id": 0
    },
    {
      "time": "2014-01-01 09:54:00+00:00",
      "CP": 2.255528286922003,
      "SCE": 0.35971706343073623,
      "S_struct": 1.0224374914553658,
      "admissible": true,
      "snowfall_cm": 0.0,
      "depth_est_cm": 15.344609314072208,
      "corridor_score": 5.519717801949978,
      "segment_id": 0
    },
    {
      "time": "2014-01-01 12:00:00+00:00",
      "CP": 2.255528286922003,
      "SCE": 0.35971706343073623,
      "S_struct": 1.0224374914553658,
      "admissible": true,
      "snowfall_cm": 0.0,
      "depth_est_cm": 15.344609314072208,
      "corridor_score": 5.519717801949978,
      "segment_id": 0
    },
    {
      "time": "2014-01-01 11:54:00+00:00",
      "CP": 2.255528286922003,
      "SCE": 0.35971706343073623,
      "S_struct": 1.0224374914553658,
      "admissible": true,
      "snowfall_cm": 0.0,
      "depth_est_cm": 15.344609314072208,
      "corridor_score": 5.519717801949978,
      "segment_id": 0
    },
    {
      "time": "2014-01-22 04:59:00+00:00",
      "CP": 1.710670458749837,
      "SCE": 0.40863071727317435,
      "S_struct": 0.8949434225442399,
      "admissible": true,
      "snowfall_cm": 0.0,
      "depth_est_cm": 12.963548078592149,
      "corridor_score": 5.297303949760391,
      "segment_id": 0
    },
    {
      "time": "2014-01-22 03:00:00+00:00",
      "CP": 2.41049019187477,
      "SCE": 0.3265726564618524,
      "S_struct": 1.119102823745333,
      "admissible": true,
      "snowfall_cm": 0.0,
      "depth_est_cm": 15.949128419212606,
      "corridor_score": 5.208549236113486,
      "segment_id": 0
    },
    {
      "time": "2014-01-22 04:54:00+00:00",
      "CP": 2.177216947499792,
      "SCE": 0.3445896130384427,
      "S_struct": 1.06540109742488,
      "admissible": true,
      "snowfall_cm": 0.0,
      "depth_est_cm": 15.028073318202816,
      "corridor_score": 5.178517969432854,
      "segment_id": 0
    },
    {
      "time": "2014-12-16 04:30:00+00:00",
      "CP": 1.5000226266475973,
      "SCE": 0.42861538156911294,
      "S_struct": 0.8471953086512158,
      "admissible": true,
      "snowfall_cm": 0.0,
      "depth_est_cm": 11.911897172399081,
      "corridor_score": 5.10562235175987,
      "segment_id": 0
    },
    {
      "time": "2014-12-16 02:44:00+00:00",
      "CP": 1.24689341259485,
      "SCE": 0.47347518064242866,
      "S_struct": 0.7476557845356657,
      "admissible": true,
      "snowfall_cm": 0.0,
      "depth_est_cm": 10.524131236460315,
      "corridor_score": 4.982914938287673,
      "segment_id": 0
    },
    {
      "time": "2014-12-16 03:18:00+00:00",
      "CP": 1.24689341259485,
      "SCE": 0.47347518064242866,
      "S_struct": 0.7476557845356657,
      "admissible": true,
      "snowfall_cm": 0.0,
      "depth_est_cm": 10.524131236460315,
      "corridor_score": 4.982914938287673,
      "segment_id": 0
    }
  ],
  "top_corridor_admissible_snow": [
    {
      "time": "2014-01-08 12:00:00+00:00",
      "CP": 1.1618538996801455,
      "SCE": 0.5542350572345845,
      "S_struct": 0.5901663911836865,
      "admissible": true,
      "snowfall_cm": 1.0,
      "depth_est_cm": 10.022559826076934,
      "corridor_score": 5.554854018842797,
      "segment_id": 0
    },
    {
      "time": "2014-11-18 00:00:00+00:00",
      "CP": 0.9454030569232269,
      "SCE": 0.5496960111519182,
      "S_struct": 0.5983898605509492,
      "admissible": true,
      "snowfall_cm": 2.0,
      "depth_est_cm": 8.651099376552132,
      "corridor_score": 4.755474819369554,
      "segment_id": 0
    },
    {
      "time": "2014-01-08 11:54:00+00:00",
      "CP": 1.1618538996801455,
      "SCE": 0.4744368666972072,
      "S_struct": 0.7456267220558217,
      "admissible": true,
      "snowfall_cm": 0.3,
      "depth_est_cm": 10.022559826076934,
      "corridor_score": 4.755071880169247,
      "segment_id": 0
    },
    {
      "time": "2014-01-08 11:05:00+00:00",
      "CP": 1.1618538996801455,
      "SCE": 0.4678735782356399,
      "S_struct": 0.7595571515318327,
      "admissible": true,
      "snowfall_cm": 0.2,
      "depth_est_cm": 10.022559826076934,
      "corridor_score": 4.689290928907388,
      "segment_id": 0
    },
    {
      "time": "2014-03-30 01:04:00+00:00",
      "CP": 3.2220114232418258,
      "SCE": 0.2474073682828838,
      "S_struct": 1.3967190365938318,
      "admissible": true,
      "snowfall_cm": 0.5,
      "depth_est_cm": 18.72405151590368,
      "corridor_score": 4.632468309142871,
      "segment_id": 0
    },
    {
      "time": "2014-03-30 00:15:00+00:00",
      "CP": 3.2220114232418258,
      "SCE": 0.18629988371254402,
      "S_struct": 1.6803976255693998,
      "admissible": true,
      "snowfall_cm": 0.7000000000000001,
      "depth_est_cm": 18.72405151590368,
      "corridor_score": 3.4882886200405396,
      "segment_id": 0
    },
    {
      "time": "2014-03-30 00:28:00+00:00",
      "CP": 3.2220114232418258,
      "SCE": 0.18629988371254402,
      "S_struct": 1.6803976255693998,
      "admissible": true,
      "snowfall_cm": 0.7000000000000001,
      "depth_est_cm": 18.72405151590368,
      "corridor_score": 3.4882886200405396,
      "segment_id": 0
    },
    {
      "time": "2014-03-30 00:54:00+00:00",
      "CP": 3.2220114232418258,
      "SCE": 0.18629988371254402,
      "S_struct": 1.6803976255693998,
      "admissible": true,
      "snowfall_cm": 1.3,
      "depth_est_cm": 18.72405151590368,
      "corridor_score": 3.4882886200405396,
      "segment_id": 0
    },
    {
      "time": "2014-12-11 21:54:00+00:00",
      "CP": 0.46444412830500825,
      "SCE": 0.6711833206963849,
      "S_struct": 0.39871297411349516,
      "admissible": true,
      "snowfall_cm": 0.3,
      "depth_est_cm": 4.959184566198421,
      "corridor_score": 3.328521965087317,
      "segment_id": 0
    },
    {
      "time": "2014-12-11 21:43:00+00:00",
      "CP": 0.46444412830500825,
      "SCE": 0.6711833206963849,
      "S_struct": 0.39871297411349516,
      "admissible": true,
      "snowfall_cm": 0.2,
      "depth_est_cm": 4.959184566198421,
      "corridor_score": 3.328521965087317,
      "segment_id": 0
    },
    {
      "time": "2014-12-11 22:40:00+00:00",
      "CP": 0.46444412830500825,
      "SCE": 0.6711833206963849,
      "S_struct": 0.39871297411349516,
      "admissible": true,
      "snowfall_cm": 0.5,
      "depth_est_cm": 4.959184566198421,
      "corridor_score": 3.328521965087317,
      "segment_id": 0
    },
    {
      "time": "2014-12-11 21:39:00+00:00",
      "CP": 0.46444412830500825,
      "SCE": 0.6602440347629575,
      "S_struct": 0.4151457626613743,
      "admissible": true,
      "snowfall_cm": 0.2,
      "depth_est_cm": 4.959184566198421,
      "corridor_score": 3.2742720271210324,
      "segment_id": 0
    }
  ],
  "observed_snow_events_first200": [
    {
      "time": "2014-01-01 21:54:00+00:00",
      "CP": 4.87364381385309,
      "SCE": 0.025213016462112083,
      "S_struct": 3.680394891544248,
      "admissible": false,
      "snowfall_cm": 0.3,
      "depth_est_cm": 23.016177511434964,
      "corridor_score": 0.5803072624907036,
      "segment_id": 0
    },
    {
      "time": "2014-01-01 22:54:00+00:00",
      "CP": 4.87364381385309,
      "SCE": 0.02533728129977396,
      "S_struct": 3.6754783987252777,
      "admissible": false,
      "snowfall_cm": 0.3,
      "depth_est_cm": 23.016177511434964,
      "corridor_score": 0.583167364052759,
      "segment_id": 0
    },
    {
      "time": "2014-01-01 23:25:00+00:00",
      "CP": 5.818261147384864,
      "SCE": 0.027253461630724087,
      "S_struct": 3.602574733620656,
      "admissible": false,
      "snowfall_cm": 0.2,
      "depth_est_cm": 24.95485818306045,
      "corridor_score": 0.6801062699921989,
      "segment_id": 0
    },
    {
      "time": "2014-01-01 23:43:00+00:00",
      "CP": 5.818261147384864,
      "SCE": 0.027253461630724087,
      "S_struct": 3.602574733620656,
      "admissible": false,
      "snowfall_cm": 0.2,
      "depth_est_cm": 24.95485818306045,
      "corridor_score": 0.6801062699921989,
      "segment_id": 0
    },
    {
      "time": "2014-01-01 23:54:00+00:00",
      "CP": 5.818261147384864,
      "SCE": 0.027253461630724087,
      "S_struct": 3.602574733620656,
      "admissible": false,
      "snowfall_cm": 0.3,
      "depth_est_cm": 24.95485818306045,
      "corridor_score": 0.6801062699921989,
      "segment_id": 0
    },
    {
      "time": "2014-01-02 00:00:00+00:00",
      "CP": 5.818261147384864,
      "SCE": 0.027253461630724087,
      "S_struct": 3.602574733620656,
      "admissible": false,
      "snowfall_cm": 0.8,
      "depth_est_cm": 24.95485818306045,
      "corridor_score": 0.6801062699921989,
      "segment_id": 0
    },
    {
      "time": "2014-01-02 00:54:00+00:00",
      "CP": 5.818261147384864,
      "SCE": 0.027253461630724087,
      "S_struct": 3.602574733620656,
      "admissible": false,
      "snowfall_cm": 0.3,
      "depth_est_cm": 24.95485818306045,
      "corridor_score": 0.6801062699921989,
      "segment_id": 0
    },
    {
      "time": "2014-01-02 02:47:00+00:00",
      "CP": 5.818261147384864,
      "SCE": 0.04077028281877099,
      "S_struct": 3.199801825241727,
      "admissible": false,
      "snowfall_cm": 0.2,
      "depth_est_cm": 24.95485818306045,
      "corridor_score": 1.017416625825696,
      "segment_id": 0
    },
    {
      "time": "2014-01-02 02:54:00+00:00",
      "CP": 4.363695860538649,
      "SCE": 0.009519936388438099,
      "S_struct": 4.654367112087941,
      "admissible": false,
      "snowfall_cm": 0.3,
      "depth_est_cm": 21.835492427952126,
      "corridor_score": 0.20787249892432602,
      "segment_id": 0
    },
    {
      "time": "2014-01-02 03:00:00+00:00",
      "CP": 4.363695860538649,
      "SCE": 0.009519936388438099,
      "S_struct": 4.654367112087941,
      "admissible": false,
      "snowfall_cm": 0.5,
      "depth_est_cm": 21.835492427952126,
      "corridor_score": 0.20787249892432602,
      "segment_id": 0
    },
    {
      "time": "2014-01-02 03:54:00+00:00",
      "CP": 4.363695860538649,
      "SCE": 0.009519936388438099,
      "S_struct": 4.654367112087941,
      "admissible": false,
      "snowfall_cm": 0.3,
      "depth_est_cm": 21.835492427952126,
      "corridor_score": 0.20787249892432602,
      "segment_id": 0
    },
    {
      "time": "2014-01-02 05:54:00+00:00",
      "CP": 0.6242953813378797,
      "SCE": 0.0011029254758194143,
      "S_struct": 6.80978910598032,
      "admissible": false,
      "snowfall_cm": 0.3,
      "depth_est_cm": 6.305963433388771,
      "corridor_score": 0.006955007720270138,
      "segment_id": 0
    },
    {
      "time": "2014-01-02 06:00:00+00:00",
      "CP": 0.30269828414903716,
      "SCE": 0.0007996101966992407,
      "S_struct": 7.131386203169162,
      "admissible": false,
      "snowfall_cm": 1.0,
      "depth_est_cm": 3.437690315420094,
      "corridor_score": 0.0027488122293041362,
      "segment_id": 0
    },
    {
      "time": "2014-01-02 06:54:00+00:00",
      "CP": 0.16510815499038384,
      "SCE": 0.0013634045989050245,
      "S_struct": 6.597770325926254,
      "admissible": false,
      "snowfall_cm": 0.3,
      "depth_est_cm": 1.9865809549326323,
      "corridor_score": 0.002708513610052286,
      "segment_id": 0
    },
    {
      "time": "2014-01-02 07:54:00+00:00",
      "CP": 0.30269828414903716,
      "SCE": 0.0011881468493879735,
      "S_struct": 6.735360455084907,
      "admissible": false,
      "snowfall_cm": 0.3,
      "depth_est_cm": 3.437690315420094,
      "corridor_score": 0.0040844809174379335,
      "segment_id": 0
    },
    {
      "time": "2014-01-02 08:36:00+00:00",
      "CP": 0.5503605166346132,
      "SCE": 0.0023853596865582418,
      "S_struct": 6.0384053540387095,
      "admissible": false,
      "snowfall_cm": 0.2,
      "depth_est_cm": 5.700337438420876,
      "corridor_score": 0.01359735512538783,
      "segment_id": 0
    },
    {
      "time": "2014-01-02 08:54:00+00:00",
      "CP": 0.5503605166346132,
      "SCE": 0.0023853596865582418,
      "S_struct": 6.0384053540387095,
      "admissible": false,
      "snowfall_cm": 0.5,
      "depth_est_cm": 5.700337438420876,
      "corridor_score": 0.01359735512538783,
      "segment_id": 0
    },
    {
      "time": "2014-01-02 09:00:00+00:00",
      "CP": 0.5503605166346132,
      "SCE": 0.0023853596865582418,
      "S_struct": 6.0384053540387095,
      "admissible": false,
      "snowfall_cm": 1.0,
      "depth_est_cm": 5.700337438420876,
      "corridor_score": 0.01359735512538783,
      "segment_id": 0
    },
    {
      "time": "2014-01-02 09:54:00+00:00",
      "CP": 0.5503605166346132,
      "SCE": 0.0023853596865582418,
      "S_struct": 6.0384053540387095,
      "admissible": false,
      "snowfall_cm": 0.3,
      "depth_est_cm": 5.700337438420876,
      "corridor_score": 0.01359735512538783,
      "segment_id": 0
    },
    {
      "time": "2014-01-02 10:54:00+00:00",
      "CP": 0.6053965682980743,
      "SCE": 0.0022576261232099765,
      "S_struct": 6.093441405702171,
      "admissible": false,
      "snowfall_cm": 0.3,
      "depth_est_cm": 6.153820518478734,
      "corridor_score": 0.013893025960063152,
      "segment_id": 0
    },
    {
      "time": "2014-01-02 11:32:00+00:00",
      "CP": 0.6355958331275684,
      "SCE": 0.002190466661235052,
      "S_struct": 6.123640670531665,
      "admissible": false,
      "snowfall_cm": 0.2,
      "depth_est_cm": 6.396093104624319,
      "corridor_score": 0.014010428707834968,
      "segment_id": 0
    },
    {
      "time": "2014-01-02 11:46:00+00:00",
      "CP": 0.6355958331275684,
      "SCE": 0.002190466661235052,
      "S_struct": 6.123640670531665,
      "admissible": false,
      "snowfall_cm": 0.2,
      "depth_est_cm": 6.396093104624319,
      "corridor_score": 0.014010428707834968,
      "segment_id": 0
    },
    {
      "time": "2014-01-02 11:54:00+00:00",
      "CP": 0.6355958331275684,
      "SCE": 0.009380939287798564,
      "S_struct": 4.66907538368545,
      "admissible": false,
      "snowfall_cm": 0.3,
      "depth_est_cm": 6.396093104624319,
      "corridor_score": 0.06000136109358776,
      "segment_id": 0
    },
    {
      "time": "2014-01-02 12:00:00+00:00",
      "CP": 0.6355958331275684,
      "SCE": 0.009380939287798564,
      "S_struct": 4.66907538368545,
      "admissible": false,
      "snowfall_cm": 2.0,
      "depth_est_cm": 6.396093104624319,
      "corridor_score": 0.06000136109358776,
      "segment_id": 0
    },
    {
      "time": "2014-01-02 13:02:00+00:00",
      "CP": 0.6139002171220118,
      "SCE": 0.009179605953824502,
      "S_struct": 4.690770999691006,
      "admissible": false,
      "snowfall_cm": 0.2,
      "depth_est_cm": 6.22249867969778,
      "corridor_score": 0.057120085927818844,
      "segment_id": 0
    },
    {
      "time": "2014-01-02 13:54:00+00:00",
      "CP": 0.6139002171220118,
      "SCE": 0.009179605953824502,
      "S_struct": 4.690770999691006,
      "admissible": false,
      "snowfall_cm": 0.3,
      "depth_est_cm": 6.22249867969778,
      "corridor_score": 0.057120085927818844,
      "segment_id": 0
    },
    {
      "time": "2014-01-02 14:50:00+00:00",
      "CP": 0.6139002171220118,
      "SCE": 0.2576441404580685,
      "S_struct": 1.356175946721244,
      "admissible": true,
      "snowfall_cm": 0.2,
      "depth_est_cm": 6.22249867969778,
      "corridor_score": 1.6031903238322005,
      "segment_id": 0
    },
    {
      "time": "2014-01-02 14:54:00+00:00",
      "CP": 0.6139002171220118,
      "SCE": 0.38621135000450807,
      "S_struct": 0.951370520490237,
      "admissible": true,
      "snowfall_cm": 0.3,
      "depth_est_cm": 6.22249867969778,
      "corridor_score": 2.4031996154873485,
      "segment_id": 0
    },
    {
      "time": "2014-01-02 15:00:00+00:00",
      "CP": 0.6139002171220118,
      "SCE": 0.38621135000450807,
      "S_struct": 0.951370520490237,
      "admissible": true,
      "snowfall_cm": 0.5,
      "depth_est_cm": 6.22249867969778,
      "corridor_score": 2.4031996154873485,
      "segment_id": 0
    },
    {
      "time": "2014-01-02 15:52:00+00:00",
      "CP": 0.1395227766186391,
      "SCE": 0.43649838417384673,
      "S_struct": 0.8289706054874606,
      "admissible": true,
      "snowfall_cm": 0.2,
      "depth_est_cm": 1.6979242508884882,
      "corridor_score": 0.7411411919624142,
      "segment_id": 0
    },
    {
      "time": "2014-01-02 15:54:00+00:00",
      "CP": 0.1395227766186391,
      "SCE": 0.5591662896780392,
      "S_struct": 0.5813083730018846,
      "admissible": true,
      "snowfall_cm": 0.3,
      "depth_est_cm": 1.6979242508884882,
      "corridor_score": 0.94942200352368,
      "segment_id": 0
    },
    {
      "time": "2014-01-02 16:41:00+00:00",
      "CP": 0.1395227766186391,
      "SCE": 0.5591662896780392,
      "S_struct": 0.5813083730018846,
      "admissible": true,
      "snowfall_cm": 0.2,
      "depth_est_cm": 1.6979242508884882,
      "corridor_score": 0.94942200352368,
      "segment_id": 0
    },
    {
      "time": "2014-01-02 16:51:00+00:00",
      "CP": 0.1395227766186391,
      "SCE": 0.5591662896780392,
      "S_struct": 0.5813083730018846,
      "admissible": true,
      "snowfall_cm": 0.2,
      "depth_est_cm": 1.6979242508884882,
      "corridor_score": 0.94942200352368,
      "segment_id": 0
    },
    {
      "time": "2014-01-02 16:54:00+00:00",
      "CP": 0.055809110647455445,
      "SCE": 0.5142621937710997,
      "S_struct": 0.6650220389730682,
      "admissible": false,
      "snowfall_cm": 0.3,
      "depth_est_cm": 0.7059962326496965,
      "corridor_score": 0.3630671713965646,
      "segment_id": 0
    },
    {
      "time": "2014-01-02 17:25:00+00:00",
      "CP": 0.055809110647455445,
      "SCE": 0.5142621937710998,
      "S_struct": 0.6650220389730681,
      "admissible": false,
      "snowfall_cm": 0.2,
      "depth_est_cm": 0.7059962326496965,
      "corridor_score": 0.3630671713965647,
      "segment_id": 0
    },
    {
      "time": "2014-01-02 17:34:00+00:00",
      "CP": 0.10765823071816784,
      "SCE": 0.5159037265403501,
      "S_struct": 0.6618351073803194,
      "admissible": true,
      "snowfall_cm": 0.2,
      "depth_est_cm": 1.3292251012587477,
      "corridor_score": 0.6857521831503621,
      "segment_id": 0
    },
    {
      "time": "2014-01-02 17:54:00+00:00",
      "CP": 0.10765823071816784,
      "SCE": 0.5317212768909101,
      "S_struct": 0.6316358425508253,
      "admissible": true,
      "snowfall_cm": 0.3,
      "depth_est_cm": 1.3292251012587477,
      "corridor_score": 0.7067772681167506,
      "segment_id": 0
    },
    {
      "time": "2014-01-02 18:00:00+00:00",
      "CP": 0.10765823071816784,
      "SCE": 0.5317212768909101,
      "S_struct": 0.6316358425508253,
      "admissible": true,
      "snowfall_cm": 1.0,
      "depth_est_cm": 1.3292251012587477,
      "corridor_score": 0.7067772681167506,
      "segment_id": 0
    },
    {
      "time": "2014-01-02 18:54:00+00:00",
      "CP": 0.10765823071816784,
      "SCE": 0.5317212768909101,
      "S_struct": 0.6316358425508253,
      "admissible": true,
      "snowfall_cm": 0.3,
      "depth_est_cm": 1.3292251012587477,
      "corridor_score": 0.7067772681167506,
      "segment_id": 0
    },
    {
      "time": "2014-01-02 19:54:00+00:00",
      "CP": 0.10765823071816784,
      "SCE": 0.5317212768909101,
      "S_struct": 0.6316358425508253,
      "admissible": true,
      "snowfall_cm": 0.3,
      "depth_est_cm": 1.3292251012587477,
      "corridor_score": 0.7067772681167506,
      "segment_id": 0
    },
    {
      "time": "2014-01-02 21:00:00+00:00",
      "CP": 0.47975397760014243,
      "SCE": 0.3331673624197267,
      "S_struct": 1.0991103254086407,
      "admissible": true,
      "snowfall_cm": 0.5,
      "depth_est_cm": 5.09438595388848,
      "corridor_score": 1.6972831314051284,
      "segment_id": 0
    },
    {
      "time": "2014-01-02 21:22:00+00:00",
      "CP": 0.3121134139979643,
      "SCE": 0.28174555882424424,
      "S_struct": 1.2667508890108188,
      "admissible": true,
      "snowfall_cm": 0.2,
      "depth_est_cm": 3.5313086949643653,
      "corridor_score": 0.9949305416436477,
      "segment_id": 0
    },
    {
      "time": "2014-01-02 21:54:00+00:00",
      "CP": 0.3121134139979643,
      "SCE": 0.28174555882424424,
      "S_struct": 1.2667508890108188,
      "admissible": true,
      "snowfall_cm": 0.3,
      "depth_est_cm": 3.5313086949643653,
      "corridor_score": 0.9949305416436477,
      "segment_id": 0
    },
    {
      "time": "2014-01-02 22:33:00+00:00",
      "CP": 0.3121134139979643,
      "SCE": 0.28174555882424424,
      "S_struct": 1.2667508890108188,
      "admissible": true,
      "snowfall_cm": 0.2,
      "depth_est_cm": 3.5313086949643653,
      "corridor_score": 0.9949305416436477,
      "segment_id": 0
    },
    {
      "time": "2014-01-02 22:45:00+00:00",
      "CP": 0.3121134139979643,
      "SCE": 0.28174555882424424,
      "S_struct": 1.2667508890108188,
      "admissible": true,
      "snowfall_cm": 0.2,
      "depth_est_cm": 3.5313086949643653,
      "corridor_score": 0.9949305416436477,
      "segment_id": 0
    },
    {
      "time": "2014-01-02 22:54:00+00:00",
      "CP": 0.578599302420322,
      "SCE": 0.2933799744907127,
      "S_struct": 1.2262866688721707,
      "admissible": true,
      "snowfall_cm": 0.5,
      "depth_est_cm": 5.934993173127032,
      "corridor_score": 1.7412081457345627,
      "segment_id": 0
    },
    {
      "time": "2014-01-02 23:54:00+00:00",
      "CP": 0.578599302420322,
      "SCE": 0.3468512251530256,
      "S_struct": 1.0588593369298038,
      "admissible": true,
      "snowfall_cm": 0.3,
      "depth_est_cm": 5.934993173127032,
      "corridor_score": 2.058559653373954,
      "segment_id": 0
    },
    {
      "time": "2014-01-03 00:00:00+00:00",
      "CP": 0.578599302420322,
      "SCE": 0.3468512251530256,
      "S_struct": 1.0588593369298038,
      "admissible": true,
      "snowfall_cm": 2.0,
      "depth_est_cm": 5.934993173127032,
      "corridor_score": 2.058559653373954,
      "segment_id": 0
    },
    {
      "time": "2014-01-03 00:54:00+00:00",
      "CP": 0.8938608759920174,
      "SCE": 0.25306196216386884,
      "S_struct": 1.374120910501499,
      "admissible": true,
      "snowfall_cm": 0.3,
      "depth_est_cm": 8.302027980223585,
      "corridor_score": 2.1009274906147213,
      "segment_id": 0
    },
    {
      "time": "2014-01-03 02:41:00+00:00",
      "CP": 1.170665278471154,
      "SCE": 0.16770583050667226,
      "S_struct": 1.7855438432757014,
      "admissible": true,
      "snowfall_cm": 0.2,
      "depth_est_cm": 10.075438106590548,
      "corridor_score": 1.6897097153843412,
      "segment_id": 0
    },
    {
      "time": "2014-01-03 02:54:00+00:00",
      "CP": 1.463331598088942,
      "SCE": 0.1251540171555611,
      "S_struct": 2.0782101628934893,
      "admissible": true,
      "snowfall_cm": 0.3,
      "depth_est_cm": 11.719691644210746,
      "corridor_score": 1.4667664890974377,
      "segment_id": 0
    },
    {
      "time": "2014-01-03 03:00:00+00:00",
      "CP": 1.3657761582163463,
      "SCE": 0.11352120824114119,
      "S_struct": 2.175765602766085,
      "admissible": true,
      "snowfall_cm": 0.5,
      "depth_est_cm": 11.19437999413769,
      "corridor_score": 1.2707995424449694,
      "segment_id": 0
    },
    {
      "time": "2014-01-03 04:38:00+00:00",
      "CP": 1.7126030492758424,
      "SCE": 0.06874906034840064,
      "S_struct": 2.6772922101884866,
      "admissible": false,
      "snowfall_cm": 0.2,
      "depth_est_cm": 12.972813212598151,
      "corridor_score": 0.8918687184414394,
      "segment_id": 0
    },
    {
      "time": "2014-01-03 04:54:00+00:00",
      "CP": 1.7126030492758424,
      "SCE": 0.07289355634540895,
      "S_struct": 2.618755034197788,
      "admissible": false,
      "snowfall_cm": 0.3,
      "depth_est_cm": 12.972813212598151,
      "corridor_score": 0.945634490870989,
      "segment_id": 0
    },
    {
      "time": "2014-01-03 06:00:00+00:00",
      "CP": 1.7126030492758424,
      "SCE": 0.0861974684049708,
      "S_struct": 2.4511144705956096,
      "admissible": true,
      "snowfall_cm": 0.8,
      "depth_est_cm": 12.972813212598151,
      "corridor_score": 1.118223657016517,
      "segment_id": 0
    },
    {
      "time": "2014-01-06 10:42:00+00:00",
      "CP": 9.251323903254624,
      "SCE": 1.0564450127283833e-06,
      "S_struct": 13.76060104788142,
      "admissible": false,
      "snowfall_cm": 0.2,
      "depth_est_cm": 30.25628916098034,
      "corridor_score": 3.196410578778552e-05,
      "segment_id": 0
    },
    {
      "time": "2014-01-06 10:54:00+00:00",
      "CP": 9.229907633510825,
      "SCE": 1.0340604538045902e-06,
      "S_struct": 13.782017317625218,
      "admissible": false,
      "snowfall_cm": 0.3,
      "depth_est_cm": 30.229102162225843,
      "corridor_score": 3.125871909997658e-05,
      "segment_id": 0
    },
    {
      "time": "2014-01-06 12:00:00+00:00",
      "CP": 6.297947431284528,
      "SCE": 1.6358749798283548e-08,
      "S_struct": 17.928502926889657,
      "admissible": false,
      "snowfall_cm": 4.0,
      "depth_est_cm": 25.83871075267225,
      "corridor_score": 4.226890043131841e-07,
      "segment_id": 0
    },
    {
      "time": "2014-01-06 20:32:00+00:00",
      "CP": 3.800644217891856,
      "SCE": 4.2114205518986935e-09,
      "S_struct": 19.2854658229127,
      "admissible": false,
      "snowfall_cm": 0.2,
      "depth_est_cm": 20.393751572597203,
      "corridor_score": 8.588666450315216e-08,
      "segment_id": 0
    },
    {
      "time": "2014-01-06 20:52:00+00:00",
      "CP": 3.800644217891856,
      "SCE": 8.512232895065507e-09,
      "S_struct": 18.581761543928952,
      "admissible": false,
      "snowfall_cm": 0.2,
      "depth_est_cm": 20.393751572597203,
      "corridor_score": 1.7359636299005584e-07,
      "segment_id": 0
    },
    {
      "time": "2014-01-06 20:54:00+00:00",
      "CP": 3.278987168377288,
      "SCE": 5.052318483140313e-09,
      "S_struct": 19.10341859344352,
      "admissible": false,
      "snowfall_cm": 0.3,
      "depth_est_cm": 18.898312402929086,
      "corridor_score": 9.548029305347844e-08,
      "segment_id": 0
    },
    {
      "time": "2014-01-06 21:00:00+00:00",
      "CP": 3.278987168377288,
      "SCE": 1.83562800860707e-08,
      "S_struct": 17.81329408197332,
      "admissible": false,
      "snowfall_cm": 0.3,
      "depth_est_cm": 18.898312402929086,
      "corridor_score": 3.469027156222301e-07,
      "segment_id": 0
    },
    {
      "time": "2014-01-06 22:17:00+00:00",
      "CP": 6.184023399090542,
      "SCE": 2.4596180127543277e-09,
      "S_struct": 19.82325977842739,
      "admissible": false,
      "snowfall_cm": 0.2,
      "depth_est_cm": 25.634174645381986,
      "corridor_score": 6.305027769987181e-08,
      "segment_id": 0
    },
    {
      "time": "2014-01-06 22:32:00+00:00",
      "CP": 6.184023399090542,
      "SCE": 2.4596180127543277e-09,
      "S_struct": 19.82325977842739,
      "admissible": false,
      "snowfall_cm": 0.2,
      "depth_est_cm": 25.634174645381986,
      "corridor_score": 6.305027769987181e-08,
      "segment_id": 0
    },
    {
      "time": "2014-01-06 22:45:00+00:00",
      "CP": 6.474778261587868,
      "SCE": 1.8390537922714213e-09,
      "S_struct": 20.114014640924715,
      "admissible": false,
      "snowfall_cm": 0.2,
      "depth_est_cm": 26.14994791285685,
      "corridor_score": 4.809116087683953e-08,
      "segment_id": 0
    },
    {
      "time": "2014-01-06 22:54:00+00:00",
      "CP": 6.582691232614333,
      "SCE": 5.091994668011129e-09,
      "S_struct": 19.09559620338237,
      "admissible": false,
      "snowfall_cm": 0.3,
      "depth_est_cm": 26.336286346781254,
      "corridor_score": 1.3410422965302445e-07,
      "segment_id": 0
    },
    {
      "time": "2014-01-06 23:35:00+00:00",
      "CP": 7.553907971852513,
      "SCE": 5.121853104482129e-08,
      "S_struct": 16.787164435914264,
      "admissible": false,
      "snowfall_cm": 0.2,
      "depth_est_cm": 27.90304726630246,
      "corridor_score": 1.4291530926542282e-06,
      "segment_id": 0
    },
    {
      "time": "2014-01-06 23:43:00+00:00",
      "CP": 7.553907971852513,
      "SCE": 1.2872074375739624e-07,
      "S_struct": 15.865620556176147,
      "admissible": false,
      "snowfall_cm": 0.2,
      "depth_est_cm": 27.90304726630246,
      "corridor_score": 3.5917009972162344e-06,
      "segment_id": 0
    },
    {
      "time": "2014-01-06 23:54:00+00:00",
      "CP": 7.985559855958371,
      "SCE": 8.359580978658039e-08,
      "S_struct": 16.297272440282004,
      "admissible": false,
      "snowfall_cm": 0.5,
      "depth_est_cm": 28.543044768706526,
      "corridor_score": 2.386078941214639e-06,
      "segment_id": 0
    },
    {
      "time": "2014-01-07 00:00:00+00:00",
      "CP": 7.7697339139054415,
      "SCE": 8.871541597989452e-08,
      "S_struct": 16.237832163635296,
      "admissible": false,
      "snowfall_cm": 2.0,
      "depth_est_cm": 28.22698405064359,
      "corridor_score": 2.504168631910694e-06,
      "segment_id": 0
    },
    {
      "time": "2014-01-07 02:54:00+00:00",
      "CP": 6.595014804190367,
      "SCE": 5.117746660431483e-05,
      "S_struct": 9.880211228178087,
      "admissible": false,
      "snowfall_cm": 0.3,
      "depth_est_cm": 26.35739710822389,
      "corridor_score": 0.0013489048102827924,
      "segment_id": 0
    },
    {
      "time": "2014-01-07 03:00:00+00:00",
      "CP": 6.155347150577676,
      "SCE": 3.297110844002482e-05,
      "S_struct": 10.319878881790778,
      "admissible": false,
      "snowfall_cm": 0.3,
      "depth_est_cm": 25.582179095598853,
      "corridor_score": 0.0008434728010931259,
      "segment_id": 0
    },
    {
      "time": "2014-01-07 06:00:00+00:00",
      "CP": 2.8039245850193057,
      "SCE": 8.558612987492803e-06,
      "S_struct": 11.66857241511098,
      "admissible": false,
      "snowfall_cm": 0.3,
      "depth_est_cm": 17.36843315099985,
      "corridor_score": 0.00014864969753854786,
      "segment_id": 0
    },
    {
      "time": "2014-01-07 12:00:00+00:00",
      "CP": 1.1533848894768892,
      "SCE": 0.0013826372247390804,
      "S_struct": 6.583762571092792,
      "admissible": false,
      "snowfall_cm": 0.3,
      "depth_est_cm": 9.971532627177053,
      "corridor_score": 0.013787012198035272,
      "segment_id": 0
    },
    {
      "time": "2014-01-07 13:51:00+00:00",
      "CP": 1.6485379731477607,
      "SCE": 0.0015943822156450774,
      "S_struct": 6.441268943389641,
      "admissible": false,
      "snowfall_cm": 0.2,
      "depth_est_cm": 12.66210113356511,
      "corridor_score": 0.02018822886005559,
      "segment_id": 0
    },
    {
      "time": "2014-01-07 13:54:00+00:00",
      "CP": 1.6485379731477607,
      "SCE": 0.011418038710326463,
      "S_struct": 4.472560831156233,
      "admissible": false,
      "snowfall_cm": 0.3,
      "depth_est_cm": 12.66210113356511,
      "corridor_score": 0.144576360897115,
      "segment_id": 0
    },
    {
      "time": "2014-01-07 14:54:00+00:00",
      "CP": 3.463633076796581,
      "SCE": 0.00425393960453098,
      "S_struct": 5.459909759641269,
      "admissible": false,
      "snowfall_cm": 0.8,
      "depth_est_cm": 19.447519333354,
      "corridor_score": 0.0827285727020365,
      "segment_id": 0
    },
    {
      "time": "2014-01-07 15:00:00+00:00",
      "CP": 3.463633076796581,
      "SCE": 0.00425393960453098,
      "S_struct": 5.459909759641269,
      "admissible": false,
      "snowfall_cm": 0.8,
      "depth_est_cm": 19.447519333354,
      "corridor_score": 0.0827285727020365,
      "segment_id": 0
    },
    {
      "time": "2014-01-07 15:15:00+00:00",
      "CP": 2.770906461437264,
      "SCE": 0.0034516362170647105,
      "S_struct": 5.668906894551497,
      "admissible": false,
      "snowfall_cm": 0.5,
      "depth_est_cm": 17.255100372356946,
      "corridor_score": 0.059558329374314004,
      "segment_id": 0
    },
    {
      "time": "2014-01-07 15:44:00+00:00",
      "CP": 2.7992458868796586,
      "SCE": 0.0033693516755807233,
      "S_struct": 5.693034934258807,
      "admissible": false,
      "snowfall_cm": 0.7000000000000001,
      "depth_est_cm": 17.352433750823963,
      "corridor_score": 0.058466451733742215,
      "segment_id": 0
    },
    {
      "time": "2014-01-07 15:52:00+00:00",
      "CP": 3.510570133990361,
      "SCE": 0.0016543300075897358,
      "S_struct": 6.404359181369509,
      "admissible": false,
      "snowfall_cm": 0.7000000000000001,
      "depth_est_cm": 19.583506293568696,
      "corridor_score": 0.03239758211527314,
      "segment_id": 0
    },
    {
      "time": "2014-01-07 15:54:00+00:00",
      "CP": 3.6736987006976616,
      "SCE": 0.0015060163209848145,
      "S_struct": 6.498287312355845,
      "admissible": false,
      "snowfall_cm": 0.5,
      "depth_est_cm": 20.045360025617907,
      "corridor_score": 0.030188639358597145,
      "segment_id": 0
    },
    {
      "time": "2014-01-07 16:54:00+00:00",
      "CP": 3.4489278236724483,
      "SCE": 0.0007896179885802052,
      "S_struct": 7.1439612882146815,
      "admissible": false,
      "snowfall_cm": 0.5,
      "depth_est_cm": 19.404620672414012,
      "corridor_score": 0.015322237544513421,
      "segment_id": 0
    },
    {
      "time": "2014-01-07 17:40:00+00:00",
      "CP": 3.463139246106204,
      "SCE": 0.0007784757548060768,
      "S_struct": 7.1581727106484365,
      "admissible": false,
      "snowfall_cm": 0.2,
      "depth_est_cm": 19.446081008559943,
      "corridor_score": 0.015138302591158817,
      "segment_id": 0
    },
    {
      "time": "2014-01-07 17:54:00+00:00",
      "CP": 3.7401903857947008,
      "SCE": 0.0006219404093920619,
      "S_struct": 7.3826662746505844,
      "admissible": false,
      "snowfall_cm": 0.3,
      "depth_est_cm": 20.22900490883785,
      "corridor_score": 0.012581235594596642,
      "segment_id": 0
    },
    {
      "time": "2014-01-07 18:00:00+00:00",
      "CP": 3.7401903857947008,
      "SCE": 0.0006219404093920619,
      "S_struct": 7.3826662746505844,
      "admissible": false,
      "snowfall_cm": 2.0,
      "depth_est_cm": 20.22900490883785,
      "corridor_score": 0.012581235594596642,
      "segment_id": 0
    },
    {
      "time": "2014-01-07 18:28:00+00:00",
      "CP": 3.7401903857947008,
      "SCE": 0.0008810073631722761,
      "S_struct": 7.034444574319234,
      "admissible": false,
      "snowfall_cm": 0.2,
      "depth_est_cm": 20.22900490883785,
      "corridor_score": 0.017821902274334264,
      "segment_id": 0
    },
    {
      "time": "2014-01-07 18:49:00+00:00",
      "CP": 3.7401903857947008,
      "SCE": 0.0008810073631722761,
      "S_struct": 7.034444574319234,
      "admissible": false,
      "snowfall_cm": 0.2,
      "depth_est_cm": 20.22900490883785,
      "corridor_score": 0.017821902274334264,
      "segment_id": 0
    },
    {
      "time": "2014-01-07 18:54:00+00:00",
      "CP": 3.3005620952156445,
      "SCE": 0.00085838305858193,
      "S_struct": 7.060460102884098,
      "admissible": false,
      "snowfall_cm": 0.3,
      "depth_est_cm": 18.96369454166223,
      "corridor_score": 0.016278114122685476,
      "segment_id": 0
    },
    {
      "time": "2014-01-07 19:17:00+00:00",
      "CP": 3.6672912169062712,
      "SCE": 0.0008450125819630192,
      "S_struct": 7.076159040820889,
      "admissible": false,
      "snowfall_cm": 0.2,
      "depth_est_cm": 20.02752523442607,
      "corridor_score": 0.016923510808671896,
      "segment_id": 0
    },
    {
      "time": "2014-01-07 19:26:00+00:00",
      "CP": 3.6672912169062712,
      "SCE": 0.0009821981052018098,
      "S_struct": 6.925717533497816,
      "admissible": false,
      "snowfall_cm": 0.2,
      "depth_est_cm": 20.02752523442607,
      "corridor_score": 0.019670997337134715,
      "segment_id": 0
    },
    {
      "time": "2014-01-07 19:50:00+00:00",
      "CP": 3.5360422874715987,
      "SCE": 0.0008613871845408348,
      "S_struct": 7.056966462932489,
      "admissible": false,
      "snowfall_cm": 0.2,
      "depth_est_cm": 19.65671355721876,
      "corridor_score": 0.016932041148378325,
      "segment_id": 0
    },
    {
      "time": "2014-01-07 19:54:00+00:00",
      "CP": 3.5360422874715987,
      "SCE": 0.0023336033865835747,
      "S_struct": 6.060341688184709,
      "admissible": false,
      "snowfall_cm": 0.3,
      "depth_est_cm": 19.65671355721876,
      "corridor_score": 0.04587097332622897,
      "segment_id": 0
    },
    {
      "time": "2014-01-07 20:49:00+00:00",
      "CP": 5.575333107537109,
      "SCE": 0.0018649194734349785,
      "S_struct": 6.284537404601399,
      "admissible": false,
      "snowfall_cm": 0.2,
      "depth_est_cm": 24.483228113809417,
      "corridor_score": 0.04565924888199392,
      "segment_id": 0
    },
    {
      "time": "2014-01-07 20:54:00+00:00",
      "CP": 5.575333107537109,
      "SCE": 0.0018649194734349785,
      "S_struct": 6.284537404601399,
      "admissible": false,
      "snowfall_cm": 0.3,
      "depth_est_cm": 24.483228113809417,
      "corridor_score": 0.04565924888199392,
      "segment_id": 0
    },
    {
      "time": "2014-01-07 21:00:00+00:00",
      "CP": 5.068484643215552,
      "SCE": 0.0011234107947384134,
      "S_struct": 6.791385868922956,
      "admissible": false,
      "snowfall_cm": 0.8,
      "depth_est_cm": 23.440416050840295,
      "corridor_score": 0.026333216424673556,
      "segment_id": 0
    },
    {
      "time": "2014-01-07 22:22:00+00:00",
      "CP": 1.8584443691790364,
      "SCE": 0.0009256184379825627,
      "S_struct": 6.985048462250189,
      "admissible": false,
      "snowfall_cm": 0.2,
      "depth_est_cm": 13.653608149862283,
      "corridor_score": 0.012638031448501513,
      "segment_id": 0
    },
    {
      "time": "2014-01-07 22:54:00+00:00",
      "CP": 1.8584443691790364,
      "SCE": 0.0009256184379825627,
      "S_struct": 6.985048462250189,
      "admissible": false,
      "snowfall_cm": 0.5,
      "depth_est_cm": 13.653608149862283,
      "corridor_score": 0.012638031448501513,
      "segment_id": 0
    },
    {
      "time": "2014-01-07 23:20:00+00:00",
      "CP": 2.534242321607776,
      "SCE": 0.0004709086580638689,
      "S_struct": 7.660846414678929,
      "admissible": false,
      "snowfall_cm": 0.5,
      "depth_est_cm": 16.412486222553298,
      "corridor_score": 0.00772878186255431,
      "segment_id": 0
    },
    {
      "time": "2014-01-07 23:36:00+00:00",
      "CP": 2.534242321607776,
      "SCE": 0.0004776487194235392,
      "S_struct": 7.646634992245174,
      "admissible": false,
      "snowfall_cm": 0.5,
      "depth_est_cm": 16.412486222553298,
      "corridor_score": 0.007839403026759062,
      "segment_id": 0
    },
    {
      "time": "2014-01-07 23:54:00+00:00",
      "CP": 2.534242321607776,
      "SCE": 0.0006301303516773772,
      "S_struct": 7.369583852556676,
      "admissible": false,
      "snowfall_cm": 0.8,
      "depth_est_cm": 16.412486222553298,
      "corridor_score": 0.010342005715317619,
      "segment_id": 0
    },
    {
      "time": "2014-01-08 00:00:00+00:00",
      "CP": 2.534242321607776,
      "SCE": 0.0006301303516773772,
      "S_struct": 7.369583852556676,
      "admissible": false,
      "snowfall_cm": 2.0,
      "depth_est_cm": 16.412486222553298,
      "corridor_score": 0.010342005715317619,
      "segment_id": 0
    },
    {
      "time": "2014-01-08 00:35:00+00:00",
      "CP": 1.2701013734496154,
      "SCE": 0.0002762797799728288,
      "S_struct": 8.19409651013578,
      "admissible": false,
      "snowfall_cm": 0.2,
      "depth_est_cm": 10.657718349245451,
      "corridor_score": 0.0029445120805419137,
      "segment_id": 0
    },
    {
      "time": "2014-01-08 00:52:00+00:00",
      "CP": 1.2701013734496154,
      "SCE": 0.000398673652833637,
      "S_struct": 7.827367388445154,
      "admissible": false,
      "snowfall_cm": 0.2,
      "depth_est_cm": 10.657718349245451,
      "corridor_score": 0.004248951505165764,
      "segment_id": 0
    },
    {
      "time": "2014-01-08 00:54:00+00:00",
      "CP": 1.2701013734496154,
      "SCE": 0.000398673652833637,
      "S_struct": 7.827367388445154,
      "admissible": false,
      "snowfall_cm": 0.3,
      "depth_est_cm": 10.657718349245451,
      "corridor_score": 0.004248951505165764,
      "segment_id": 0
    },
    {
      "time": "2014-01-08 03:00:00+00:00",
      "CP": 0.8682082501168616,
      "SCE": 0.0022054731019498066,
      "S_struct": 6.11681323439036,
      "admissible": false,
      "snowfall_cm": 0.3,
      "depth_est_cm": 8.124737614822783,
      "corridor_score": 0.017918890269891474,
      "segment_id": 0
    },
    {
      "time": "2014-01-08 03:54:00+00:00",
      "CP": 1.1576110001558162,
      "SCE": 0.04091838890925843,
      "S_struct": 3.1961757103928,
      "admissible": false,
      "snowfall_cm": 0.3,
      "depth_est_cm": 9.99702068507905,
      "corridor_score": 0.40906198032596575,
      "segment_id": 0
    },
    {
      "time": "2014-01-08 04:42:00+00:00",
      "CP": 1.1576110001558162,
      "SCE": 0.04091838890925843,
      "S_struct": 3.1961757103928,
      "admissible": false,
      "snowfall_cm": 0.2,
      "depth_est_cm": 9.99702068507905,
      "corridor_score": 0.40906198032596575,
      "segment_id": 0
    },
    {
      "time": "2014-01-08 04:54:00+00:00",
      "CP": 1.1576110001558162,
      "SCE": 0.04091838890925843,
      "S_struct": 3.1961757103928,
      "admissible": false,
      "snowfall_cm": 0.3,
      "depth_est_cm": 9.99702068507905,
      "corridor_score": 0.40906198032596575,
      "segment_id": 0
    },
    {
      "time": "2014-01-08 04:59:00+00:00",
      "CP": 1.1576110001558162,
      "SCE": 0.04091838890925843,
      "S_struct": 3.1961757103928,
      "admissible": false,
      "snowfall_cm": 0.2,
      "depth_est_cm": 9.99702068507905,
      "corridor_score": 0.40906198032596575,
      "segment_id": 0
    },
    {
      "time": "2014-01-08 05:16:00+00:00",
      "CP": 1.1576110001558162,
      "SCE": 0.0804292182324112,
      "S_struct": 2.5203777579640603,
      "admissible": false,
      "snowfall_cm": 0.2,
      "depth_est_cm": 9.99702068507905,
      "corridor_score": 0.8040525583541518,
      "segment_id": 0
    },
    {
      "time": "2014-01-08 05:54:00+00:00",
      "CP": 1.1576110001558162,
      "SCE": 0.0804292182324112,
      "S_struct": 2.5203777579640603,
      "admissible": false,
      "snowfall_cm": 0.5,
      "depth_est_cm": 9.99702068507905,
      "corridor_score": 0.8040525583541518,
      "segment_id": 0
    },
    {
      "time": "2014-01-08 06:00:00+00:00",
      "CP": 1.1540520043650917,
      "SCE": 0.080143479755896,
      "S_struct": 2.5239367537547848,
      "admissible": false,
      "snowfall_cm": 1.0,
      "depth_est_cm": 9.975559380826475,
      "corridor_score": 0.799476041291005,
      "segment_id": 0
    },
    {
      "time": "2014-01-08 06:54:00+00:00",
      "CP": 1.1540520043650917,
      "SCE": 0.28371195297840673,
      "S_struct": 1.2597958055966243,
      "admissible": true,
      "snowfall_cm": 0.3,
      "depth_est_cm": 9.975559380826475,
      "corridor_score": 2.830185433986345,
      "segment_id": 0
    },
    {
      "time": "2014-01-08 07:52:00+00:00",
      "CP": 1.1540520043650917,
      "SCE": 0.28371195297840673,
      "S_struct": 1.2597958055966243,
      "admissible": true,
      "snowfall_cm": 0.2,
      "depth_est_cm": 9.975559380826475,
      "corridor_score": 2.830185433986345,
      "segment_id": 0
    },
    {
      "time": "2014-01-08 07:54:00+00:00",
      "CP": 1.1540520043650917,
      "SCE": 0.28371195297840673,
      "S_struct": 1.2597958055966243,
      "admissible": true,
      "snowfall_cm": 0.3,
      "depth_est_cm": 9.975559380826475,
      "corridor_score": 2.830185433986345,
      "segment_id": 0
    },
    {
      "time": "2014-01-08 08:54:00+00:00",
      "CP": 1.1540520043650917,
      "SCE": 0.28371195297840673,
      "S_struct": 1.2597958055966243,
      "admissible": true,
      "snowfall_cm": 0.3,
      "depth_est_cm": 9.975559380826475,
      "corridor_score": 2.830185433986345,
      "segment_id": 0
    },
    {
      "time": "2014-01-08 09:00:00+00:00",
      "CP": 1.1540520043650917,
      "SCE": 0.28371195297840673,
      "S_struct": 1.2597958055966243,
      "admissible": true,
      "snowfall_cm": 0.8,
      "depth_est_cm": 9.975559380826475,
      "corridor_score": 2.830185433986345,
      "segment_id": 0
    },
    {
      "time": "2014-01-08 10:54:00+00:00",
      "CP": 1.1618538996801455,
      "SCE": 0.3196311630060424,
      "S_struct": 1.140587563566717,
      "admissible": true,
      "snowfall_cm": 0.3,
      "depth_est_cm": 10.022559826076934,
      "corridor_score": 3.2035224535066082,
      "segment_id": 0
    },
    {
      "time": "2014-01-08 11:05:00+00:00",
      "CP": 1.1618538996801455,
      "SCE": 0.4678735782356399,
      "S_struct": 0.7595571515318327,
      "admissible": true,
      "snowfall_cm": 0.2,
      "depth_est_cm": 10.022559826076934,
      "corridor_score": 4.689290928907388,
      "segment_id": 0
    },
    {
      "time": "2014-01-08 11:54:00+00:00",
      "CP": 1.1618538996801455,
      "SCE": 0.4744368666972072,
      "S_struct": 0.7456267220558217,
      "admissible": true,
      "snowfall_cm": 0.3,
      "depth_est_cm": 10.022559826076934,
      "corridor_score": 4.755071880169247,
      "segment_id": 0
    },
    {
      "time": "2014-01-08 12:00:00+00:00",
      "CP": 1.1618538996801455,
      "SCE": 0.5542350572345845,
      "S_struct": 0.5901663911836865,
      "admissible": true,
      "snowfall_cm": 1.0,
      "depth_est_cm": 10.022559826076934,
      "corridor_score": 5.554854018842797,
      "segment_id": 0
    },
    {
      "time": "2014-01-08 12:54:00+00:00",
      "CP": 0.5252289431842452,
      "SCE": 0.3916492548976507,
      "S_struct": 0.9373885976406323,
      "admissible": true,
      "snowfall_cm": 0.3,
      "depth_est_cm": 5.487878831105925,
      "corridor_score": 2.1493236551712256,
      "segment_id": 0
    },
    {
      "time": "2014-01-08 13:54:00+00:00",
      "CP": 0.5252289431842452,
      "SCE": 0.3916492548976507,
      "S_struct": 0.9373885976406323,
      "admissible": true,
      "snowfall_cm": 0.3,
      "depth_est_cm": 5.487878831105925,
      "corridor_score": 2.1493236551712256,
      "segment_id": 0
    },
    {
      "time": "2014-01-08 14:54:00+00:00",
      "CP": 0.6002616493534227,
      "SCE": 0.48528518343487886,
      "S_struct": 0.7230185537708553,
      "admissible": true,
      "snowfall_cm": 1.0,
      "depth_est_cm": 6.112172907384877,
      "corridor_score": 2.9661469505459666,
      "segment_id": 0
    },
    {
      "time": "2014-01-08 15:00:00+00:00",
      "CP": 0.6002616493534227,
      "SCE": 0.48528518343487886,
      "S_struct": 0.7230185537708553,
      "admissible": true,
      "snowfall_cm": 0.5,
      "depth_est_cm": 6.112172907384877,
      "corridor_score": 2.9661469505459666,
      "segment_id": 0
    },
    {
      "time": "2014-01-08 15:13:00+00:00",
      "CP": 0.944841061919868,
      "SCE": 0.34383342575630954,
      "S_struct": 1.0675979663373005,
      "admissible": true,
      "snowfall_cm": 1.0,
      "depth_est_cm": 8.647343347433498,
      "corridor_score": 2.973245686839093,
      "segment_id": 0
    },
    {
      "time": "2014-01-08 15:54:00+00:00",
      "CP": 1.2991564601398193,
      "SCE": 0.2412519720352067,
      "S_struct": 1.421913364557252,
      "admissible": true,
      "snowfall_cm": 0.3,
      "depth_est_cm": 10.823049889633234,
      "corridor_score": 2.611082129309444,
      "segment_id": 0
    },
    {
      "time": "2014-01-08 16:54:00+00:00",
      "CP": 1.9487346902097287,
      "SCE": 0.12599770397376056,
      "S_struct": 2.0714915946271613,
      "admissible": true,
      "snowfall_cm": 3.3000000000000003,
      "depth_est_cm": 14.057890076969343,
      "corridor_score": 1.7712618724136493,
      "segment_id": 0
    },
    {
      "time": "2014-01-08 18:00:00+00:00",
      "CP": 2.2439975220596877,
      "SCE": 0.0941189914565744,
      "S_struct": 2.363195430686396,
      "admissible": true,
      "snowfall_cm": 5.0,
      "depth_est_cm": 15.298482841193643,
      "corridor_score": 1.4398777758288546,
      "segment_id": 0
    },
    {
      "time": "2014-01-08 18:54:00+00:00",
      "CP": 5.925765915644423,
      "SCE": 0.0023697665654634917,
      "S_struct": 6.0449638242711305,
      "admissible": false,
      "snowfall_cm": 1.3,
      "depth_est_cm": 25.15823241742985,
      "corridor_score": 0.05961913802898502,
      "segment_id": 0
    },
    {
      "time": "2014-01-08 18:59:00+00:00",
      "CP": 6.399827188895976,
      "SCE": 0.0014751064865534875,
      "S_struct": 6.519025097522684,
      "admissible": false,
      "snowfall_cm": 0.7000000000000001,
      "depth_est_cm": 26.01893641211211,
      "corridor_score": 0.0383807018747293,
      "segment_id": 0
    },
    {
      "time": "2014-01-08 19:54:00+00:00",
      "CP": 7.812044262768733,
      "SCE": 0.00035933977399835507,
      "S_struct": 7.931242171395441,
      "admissible": false,
      "snowfall_cm": 1.3,
      "depth_est_cm": 28.28955287519406,
      "corridor_score": 0.01016556153668675,
      "segment_id": 0
    },
    {
      "time": "2014-01-08 21:00:00+00:00",
      "CP": 7.171712765820476,
      "SCE": 0.00018941433980253051,
      "S_struct": 8.5715736683437,
      "admissible": false,
      "snowfall_cm": 2.0,
      "depth_est_cm": 27.308820860875276,
      "corridor_score": 0.005172682274148264,
      "segment_id": 0
    },
    {
      "time": "2014-01-08 21:54:00+00:00",
      "CP": 7.812044262768734,
      "SCE": 0.00010062565932217997,
      "S_struct": 9.204103269976901,
      "admissible": false,
      "snowfall_cm": 0.3,
      "depth_est_cm": 28.28955287519406,
      "corridor_score": 0.0028466549099960747,
      "segment_id": 0
    },
    {
      "time": "2014-01-08 22:54:00+00:00",
      "CP": 8.406288164028743,
      "SCE": 5.5543327214954513e-05,
      "S_struct": 9.79834717123691,
      "admissible": false,
      "snowfall_cm": 0.8,
      "depth_est_cm": 29.137919450201895,
      "corridor_score": 0.0016184169943855515,
      "segment_id": 0
    },
    {
      "time": "2014-01-08 23:54:00+00:00",
      "CP": 9.322759391584519,
      "SCE": 2.22133211155837e-05,
      "S_struct": 10.714818398792689,
      "admissible": false,
      "snowfall_cm": 0.3,
      "depth_est_cm": 30.346564393839913,
      "corridor_score": 0.0006740979796351046,
      "segment_id": 0
    },
    {
      "time": "2014-01-09 00:00:00+00:00",
      "CP": 9.322759391584519,
      "SCE": 4.198519749924633e-05,
      "S_struct": 10.078193442296788,
      "admissible": false,
      "snowfall_cm": 0.5,
      "depth_est_cm": 30.346564393839913,
      "corridor_score": 0.0012741064994989653,
      "segment_id": 0
    },
    {
      "time": "2014-01-09 04:24:00+00:00",
      "CP": 4.025667263679799,
      "SCE": 2.5325164004874456e-07,
      "S_struct": 15.188882217831699,
      "admissible": false,
      "snowfall_cm": 0.2,
      "depth_est_cm": 20.989257040979346,
      "corridor_score": 5.315563769032679e-06,
      "segment_id": 0
    },
    {
      "time": "2014-01-09 04:32:00+00:00",
      "CP": 3.354722719733166,
      "SCE": 1.2946868991232457e-07,
      "S_struct": 15.859826761778333,
      "admissible": false,
      "snowfall_cm": 0.2,
      "depth_est_cm": 19.126392205318226,
      "corridor_score": 2.476268941571847e-06,
      "segment_id": 0
    },
    {
      "time": "2014-01-09 04:40:00+00:00",
      "CP": 3.354722719733166,
      "SCE": 5.037197531725649e-07,
      "S_struct": 14.501245768818087,
      "admissible": false,
      "snowfall_cm": 0.2,
      "depth_est_cm": 19.126392205318226,
      "corridor_score": 9.634341560744565e-06,
      "segment_id": 0
    },
    {
      "time": "2014-01-09 04:54:00+00:00",
      "CP": 2.6837781757865335,
      "SCE": 2.5751436995100667e-07,
      "S_struct": 15.17219031276472,
      "admissible": false,
      "snowfall_cm": 0.3,
      "depth_est_cm": 16.951205748231143,
      "corridor_score": 4.3651790681656255e-06,
      "segment_id": 0
    },
    {
      "time": "2014-01-09 06:00:00+00:00",
      "CP": 1.4537131785510393,
      "SCE": 5.066858476709559e-06,
      "S_struct": 12.192789562251413,
      "admissible": false,
      "snowfall_cm": 0.3,
      "depth_est_cm": 11.66883198392292,
      "corridor_score": 5.912432025103947e-05,
      "segment_id": 0
    },
    {
      "time": "2014-01-10 05:54:00+00:00",
      "CP": 7.24086144886125,
      "SCE": 1.3778815978981739e-06,
      "S_struct": 13.49496331221523,
      "admissible": false,
      "snowfall_cm": 0.3,
      "depth_est_cm": 27.418363481881737,
      "corridor_score": 3.7779258486168144e-05,
      "segment_id": 0
    },
    {
      "time": "2014-01-10 06:00:00+00:00",
      "CP": 4.3445168693167515,
      "SCE": 7.609312698266803e-08,
      "S_struct": 16.39130789175973,
      "admissible": false,
      "snowfall_cm": 0.3,
      "depth_est_cm": 21.788924964496108,
      "corridor_score": 1.6579874341392279e-06,
      "segment_id": 0
    },
    {
      "time": "2014-01-10 06:54:00+00:00",
      "CP": 6.713583092067687,
      "SCE": 3.578784106005688e-08,
      "S_struct": 17.145657636422794,
      "admissible": false,
      "snowfall_cm": 0.3,
      "depth_est_cm": 26.558776565138658,
      "corridor_score": 9.504812744627457e-07,
      "segment_id": 0
    },
    {
      "time": "2014-01-10 07:25:00+00:00",
      "CP": 7.310346033584815,
      "SCE": 1.996373021246746e-08,
      "S_struct": 17.72934869913165,
      "admissible": false,
      "snowfall_cm": 0.2,
      "depth_est_cm": 27.52751623211635,
      "corridor_score": 5.495519074772896e-07,
      "segment_id": 0
    },
    {
      "time": "2014-01-10 07:52:00+00:00",
      "CP": 7.310346033584815,
      "SCE": 1.996373021246746e-08,
      "S_struct": 17.72934869913165,
      "admissible": false,
      "snowfall_cm": 0.2,
      "depth_est_cm": 27.52751623211635,
      "corridor_score": 5.495519074772896e-07,
      "segment_id": 0
    },
    {
      "time": "2014-01-10 07:54:00+00:00",
      "CP": 6.9996790383425695,
      "SCE": 2.8797268739666638e-06,
      "S_struct": 12.757815103741825,
      "admissible": false,
      "snowfall_cm": 0.3,
      "depth_est_cm": 27.03221846868166,
      "corridor_score": 7.784540598720055e-05,
      "segment_id": 0
    },
    {
      "time": "2014-01-10 09:00:00+00:00",
      "CP": 7.839640522943679,
      "SCE": 1.2432562796823364e-06,
      "S_struct": 13.597776588342935,
      "admissible": false,
      "snowfall_cm": 0.5,
      "depth_est_cm": 28.33020074296542,
      "corridor_score": 3.522169997835295e-05,
      "segment_id": 0
    },
    {
      "time": "2014-01-10 09:51:00+00:00",
      "CP": 7.6061472431655766,
      "SCE": 9.84364218013997e-07,
      "S_struct": 13.831269868121037,
      "admissible": false,
      "snowfall_cm": 0.2,
      "depth_est_cm": 27.982197667210844,
      "corridor_score": 2.7544674124997095e-05,
      "segment_id": 0
    },
    {
      "time": "2014-01-10 09:54:00+00:00",
      "CP": 6.5023601324324565,
      "SCE": 3.2642782189043426e-07,
      "S_struct": 14.935056978854156,
      "admissible": false,
      "snowfall_cm": 0.3,
      "depth_est_cm": 26.19782951973025,
      "corridor_score": 8.551700428382466e-06,
      "segment_id": 0
    },
    {
      "time": "2014-01-10 11:28:00+00:00",
      "CP": 5.362468241044813,
      "SCE": 1.8351557645270237e-08,
      "S_struct": 17.813551380747555,
      "admissible": false,
      "snowfall_cm": 0.2,
      "depth_est_cm": 24.055413073638324,
      "corridor_score": 4.41454299701661e-07,
      "segment_id": 0
    },
    {
      "time": "2014-01-10 11:54:00+00:00",
      "CP": 4.574829821805985,
      "SCE": 2.177715164980978e-08,
      "S_struct": 17.642404506239465,
      "admissible": false,
      "snowfall_cm": 0.3,
      "depth_est_cm": 22.337403291367885,
      "corridor_score": 4.864450189390786e-07,
      "segment_id": 0
    },
    {
      "time": "2014-01-10 12:00:00+00:00",
      "CP": 2.256165450895508,
      "SCE": 2.1429790915046786e-09,
      "S_struct": 19.96106887714994,
      "admissible": false,
      "snowfall_cm": 1.0,
      "depth_est_cm": 15.34715339308314,
      "corridor_score": 3.2888628835492254e-08,
      "segment_id": 0
    },
    {
      "time": "2014-01-10 12:31:00+00:00",
      "CP": 1.275147082396386,
      "SCE": 8.034651972331358e-10,
      "S_struct": 20.942087245649063,
      "admissible": false,
      "snowfall_cm": 0.2,
      "depth_est_cm": 10.686581124906649,
      "corridor_score": 8.586296011271027e-09,
      "segment_id": 0
    },
    {
      "time": "2014-01-10 12:54:00+00:00",
      "CP": 1.255243596655043,
      "SCE": 1.6503285106904884e-07,
      "S_struct": 15.61712128547491,
      "admissible": false,
      "snowfall_cm": 0.3,
      "depth_est_cm": 10.572353899178964,
      "corridor_score": 1.7447857064924796e-06,
      "segment_id": 0
    },
    {
      "time": "2014-01-10 15:00:00+00:00",
      "CP": 0.9850090101627038,
      "SCE": 3.897670239458323e-05,
      "S_struct": 10.15254646483173,
      "admissible": false,
      "snowfall_cm": 0.3,
      "depth_est_cm": 8.913104892297316,
      "corridor_score": 0.00034740343679877633,
      "segment_id": 0
    },
    {
      "time": "2014-01-16 10:17:00+00:00",
      "CP": 1.2517871025688005,
      "SCE": 0.0001678807096354228,
      "S_struct": 8.69225689246813,
      "admissible": false,
      "snowfall_cm": 0.2,
      "depth_est_cm": 10.552414193892139,
      "corridor_score": 0.0017715467832375201,
      "segment_id": 0
    },
    {
      "time": "2014-01-16 10:21:00+00:00",
      "CP": 1.2517871025688005,
      "SCE": 0.0003383156277998407,
      "S_struct": 7.99153128815193,
      "admissible": false,
      "snowfall_cm": 0.2,
      "depth_est_cm": 10.552414193892139,
      "corridor_score": 0.003570046632810569,
      "segment_id": 0
    },
    {
      "time": "2014-01-16 10:54:00+00:00",
      "CP": 1.2517871025688005,
      "SCE": 0.0005157116222556654,
      "S_struct": 7.5699628203072,
      "admissible": false,
      "snowfall_cm": 0.3,
      "depth_est_cm": 10.552414193892139,
      "corridor_score": 0.005442002642645824,
      "segment_id": 0
    },
    {
      "time": "2014-01-16 12:00:00+00:00",
      "CP": 0.6726567171157855,
      "SCE": 0.0005865717557685516,
      "S_struct": 7.441215551627941,
      "admissible": false,
      "snowfall_cm": 0.3,
      "depth_est_cm": 6.687371742243926,
      "corridor_score": 0.003922623384325017,
      "segment_id": 0
    },
    {
      "time": "2014-01-17 09:35:00+00:00",
      "CP": 2.6366608874789406,
      "SCE": 0.01311060586747675,
      "S_struct": 4.334333768126639,
      "admissible": false,
      "snowfall_cm": 0.2,
      "depth_est_cm": 16.783856986408345,
      "corridor_score": 0.2200465338848959,
      "segment_id": 0
    },
    {
      "time": "2014-01-17 09:50:00+00:00",
      "CP": 2.6366608874789406,
      "SCE": 0.01311060586747675,
      "S_struct": 4.334333768126639,
      "admissible": false,
      "snowfall_cm": 0.2,
      "depth_est_cm": 16.783856986408345,
      "corridor_score": 0.2200465338848959,
      "segment_id": 0
    },
    {
      "time": "2014-01-17 09:54:00+00:00",
      "CP": 2.6366608874789406,
      "SCE": 0.01311060586747675,
      "S_struct": 4.334333768126639,
      "admissible": false,
      "snowfall_cm": 0.3,
      "depth_est_cm": 16.783856986408345,
      "corridor_score": 0.2200465338848959,
      "segment_id": 0
    },
    {
      "time": "2014-01-17 12:00:00+00:00",
      "CP": 2.4947440259187044,
      "SCE": 0.011375986078450797,
      "S_struct": 4.4762506296868745,
      "admissible": false,
      "snowfall_cm": 0.3,
      "depth_est_cm": 16.266381728000336,
      "corridor_score": 0.18504613208449824,
      "segment_id": 0
    },
    {
      "time": "2014-01-18 05:54:00+00:00",
      "CP": 7.17112085400478,
      "SCE": 8.621259620066916e-05,
      "S_struct": 9.358694263352255,
      "admissible": false,
      "snowfall_cm": 0.5,
      "depth_est_cm": 27.307879181630852,
      "corridor_score": 0.0023542831609826005,
      "segment_id": 0
    },
    {
      "time": "2014-01-18 06:00:00+00:00",
      "CP": 7.17112085400478,
      "SCE": 0.00017561211825533585,
      "S_struct": 8.647232868578683,
      "admissible": false,
      "snowfall_cm": 0.5,
      "depth_est_cm": 27.307879181630852,
      "corridor_score": 0.004795594508146981,
      "segment_id": 0
    },
    {
      "time": "2014-01-18 06:54:00+00:00",
      "CP": 8.748767441885832,
      "SCE": 8.051538590769101e-05,
      "S_struct": 9.427062262514545,
      "admissible": false,
      "snowfall_cm": 0.5,
      "depth_est_cm": 29.60283119042229,
      "corridor_score": 0.002383483377257083,
      "segment_id": 0
    },
    {
      "time": "2014-01-18 09:00:00+00:00",
      "CP": 9.528514679829115,
      "SCE": 8.52552501005256e-06,
      "S_struct": 11.672445951934058,
      "admissible": false,
      "snowfall_cm": 0.3,
      "depth_est_cm": 30.603134381949047,
      "corridor_score": 0.000260907787559306,
      "segment_id": 0
    },
    {
      "time": "2014-01-18 12:00:00+00:00",
      "CP": 5.328004340210761,
      "SCE": 1.4099081012999638e-08,
      "S_struct": 18.077156218069366,
      "admissible": false,
      "snowfall_cm": 0.3,
      "depth_est_cm": 23.98480391240871,
      "corridor_score": 3.381636934419611e-07,
      "segment_id": 0
    },
    {
      "time": "2014-01-18 13:17:00+00:00",
      "CP": 3.325400268890725,
      "SCE": 6.124969160960143e-08,
      "S_struct": 16.608307022479533,
      "admissible": false,
      "snowfall_cm": 0.2,
      "depth_est_cm": 19.03856088968555,
      "corridor_score": 1.166105983183859e-06,
      "segment_id": 0
    },
    {
      "time": "2014-01-18 13:27:00+00:00",
      "CP": 3.286988857411259,
      "SCE": 5.89416164916199e-08,
      "S_struct": 16.646718433959,
      "admissible": false,
      "snowfall_cm": 0.2,
      "depth_est_cm": 18.922599649912875,
      "corridor_score": 1.1153286115896256e-06,
      "segment_id": 0
    },
    {
      "time": "2014-01-18 13:52:00+00:00",
      "CP": 2.9783518497104,
      "SCE": 4.328951229036334e-08,
      "S_struct": 16.955355441659858,
      "admissible": false,
      "snowfall_cm": 0.5,
      "depth_est_cm": 17.951279130420197,
      "corridor_score": 7.77102118544068e-07,
      "segment_id": 0
    },
    {
      "time": "2014-01-18 13:54:00+00:00",
      "CP": 2.2027013985286987,
      "SCE": 2.396145614681638e-08,
      "S_struct": 17.546819291471692,
      "admissible": false,
      "snowfall_cm": 0.8,
      "depth_est_cm": 15.13193032936559,
      "corridor_score": 3.6258308500377435e-07,
      "segment_id": 0
    },
    {
      "time": "2014-01-18 14:54:00+00:00",
      "CP": 2.836880101413081,
      "SCE": 1.2708459099827105e-08,
      "S_struct": 18.180997994356076,
      "admissible": false,
      "snowfall_cm": 0.5,
      "depth_est_cm": 17.48057431605863,
      "corridor_score": 2.2215116373711928e-07,
      "segment_id": 0
    },
    {
      "time": "2014-01-18 15:00:00+00:00",
      "CP": 2.0596526763684015,
      "SCE": 1.2651966217246857e-08,
      "S_struct": 18.185453201657786,
      "admissible": false,
      "snowfall_cm": 0.8,
      "depth_est_cm": 14.537918265876206,
      "corridor_score": 1.8393325076896178e-07,
      "segment_id": 0
    },
    {
      "time": "2014-01-18 18:00:00+00:00",
      "CP": 0.8980693050358517,
      "SCE": 8.159380316361635e-05,
      "S_struct": 9.413757240500273,
      "admissible": false,
      "snowfall_cm": 1.0,
      "depth_est_cm": 8.330883785800527,
      "corridor_score": 0.0006797484917975712,
      "segment_id": 0
    },
    {
      "time": "2014-01-18 21:54:00+00:00",
      "CP": 0.7926518442418464,
      "SCE": 0.023070406887862,
      "S_struct": 3.7692045698535237,
      "admissible": false,
      "snowfall_cm": 0.3,
      "depth_est_cm": 7.588048010113834,
      "corridor_score": 0.17505935507795775,
      "segment_id": 0
    },
    {
      "time": "2014-01-18 22:54:00+00:00",
      "CP": 0.8592410591250514,
      "SCE": 0.04688097512156488,
      "S_struct": 3.060143333555027,
      "admissible": false,
      "snowfall_cm": 0.3,
      "depth_est_cm": 8.062188832472291,
      "corridor_score": 0.3779632740804917,
      "segment_id": 0
    },
    {
      "time": "2014-01-19 08:54:00+00:00",
      "CP": 0.925292390149318,
      "SCE": 0.08234061223047524,
      "S_struct": 2.496890827272402,
      "admissible": true,
      "snowfall_cm": 0.3,
      "depth_est_cm": 8.516012013497797,
      "corridor_score": 0.7012136429534908,
      "segment_id": 0
    },
    {
      "time": "2014-01-19 09:03:00+00:00",
      "CP": 0.7961845320109947,
      "SCE": 0.0723674486184347,
      "S_struct": 2.6259986854107256,
      "admissible": false,
      "snowfall_cm": 0.2,
      "depth_est_cm": 7.613641239237275,
      "corridor_score": 0.550979791179699,
      "segment_id": 0
    },
    {
      "time": "2014-01-19 09:17:00+00:00",
      "CP": 0.7856129355683524,
      "SCE": 0.07160643878790508,
      "S_struct": 2.6365702818533676,
      "admissible": false,
      "snowfall_cm": 0.2,
      "depth_est_cm": 7.536902588286918,
      "corridor_score": 0.5396907538385706,
      "segment_id": 0
    },
    {
      "time": "2014-01-19 09:44:00+00:00",
      "CP": 1.742486813146204,
      "SCE": 0.027771498915343428,
      "S_struct": 3.5837450030544225,
      "admissible": false,
      "snowfall_cm": 0.2,
      "depth_est_cm": 13.115246362692371,
      "corridor_score": 0.36423005013597304,
      "segment_id": 0
    },
    {
      "time": "2014-01-19 09:48:00+00:00",
      "CP": 1.742486813146204,
      "SCE": 0.029683742068029456,
      "S_struct": 3.517155788171217,
      "admissible": false,
      "snowfall_cm": 0.2,
      "depth_est_cm": 13.115246362692371,
      "corridor_score": 0.38930959018882183,
      "segment_id": 0
    },
    {
      "time": "2014-01-19 12:00:00+00:00",
      "CP": 1.3636853320274638,
      "SCE": 0.029157652511007465,
      "S_struct": 3.5350378788200207,
      "admissible": false,
      "snowfall_cm": 0.3,
      "depth_est_cm": 11.182885771261668,
      "corridor_score": 0.32606669738873745,
      "segment_id": 0
    },
    {
      "time": "2014-01-19 13:54:00+00:00",
      "CP": 1.5152059244749598,
      "SCE": 0.0670806973374244,
      "S_struct": 2.70185894647257,
      "admissible": false,
      "snowfall_cm": 0.3,
      "depth_est_cm": 11.990610823343232,
      "corridor_score": 0.8043385355315326,
      "segment_id": 0
    },
    {
      "time": "2014-01-19 17:54:00+00:00",
      "CP": 2.691164752182482,
      "SCE": 0.014774491622876107,
      "S_struct": 4.2148531242091085,
      "admissible": false,
      "snowfall_cm": 0.3,
      "depth_est_cm": 16.97724677016034,
      "corridor_score": 0.2508301901852344,
      "segment_id": 0
    },
    {
      "time": "2014-01-19 18:00:00+00:00",
      "CP": 2.6502206034068867,
      "SCE": 0.016136210793752177,
      "S_struct": 4.126689414846381,
      "admissible": false,
      "snowfall_cm": 0.5,
      "depth_est_cm": 16.832238865748515,
      "corridor_score": 0.27160855446850607,
      "segment_id": 0
    },
    {
      "time": "2014-01-19 22:54:00+00:00",
      "CP": 1.9924220334472789,
      "SCE": 0.01722530770987291,
      "S_struct": 4.061375598098412,
      "admissible": false,
      "snowfall_cm": 0.3,
      "depth_est_cm": 14.249080353621212,
      "corridor_score": 0.24544479367383004,
      "segment_id": 0
    },
    {
      "time": "2014-01-20 00:00:00+00:00",
      "CP": 1.494316525085459,
      "SCE": 0.028499118397934804,
      "S_struct": 3.5578821255917763,
      "admissible": false,
      "snowfall_cm": 0.3,
      "depth_est_cm": 11.88219179984406,
      "corridor_score": 0.33863199093072593,
      "segment_id": 0
    },
    {
      "time": "2014-01-20 09:54:00+00:00",
      "CP": 0.7865739270048905,
      "SCE": 0.0616576737671264,
      "S_struct": 2.786157584009623,
      "admissible": false,
      "snowfall_cm": 0.3,
      "depth_est_cm": 7.54389712102386,
      "corridor_score": 0.46513914762085323,
      "segment_id": 0
    },
    {
      "time": "2014-01-20 10:05:00+00:00",
      "CP": 1.2199661362766847,
      "SCE": 0.04719492047580824,
      "S_struct": 3.053469009219717,
      "admissible": false,
      "snowfall_cm": 0.2,
      "depth_est_cm": 10.367395243899516,
      "corridor_score": 0.4892883940771102,
      "segment_id": 0
    },
    {
      "time": "2014-01-20 10:54:00+00:00",
      "CP": 1.4134176010865203,
      "SCE": 0.038893798057815905,
      "S_struct": 3.2469204740295528,
      "admissible": false,
      "snowfall_cm": 0.5,
      "depth_est_cm": 11.453569851063577,
      "corridor_score": 0.44547283282835537,
      "segment_id": 0
    },
    {
      "time": "2014-01-20 12:00:00+00:00",
      "CP": 1.3603962196450423,
      "SCE": 0.047316836223460675,
      "S_struct": 3.050889101290121,
      "admissible": false,
      "snowfall_cm": 0.5,
      "depth_est_cm": 11.164783430134442,
      "corridor_score": 0.5282822290340788,
      "segment_id": 0
    },
    {
      "time": "2014-01-20 14:08:00+00:00",
      "CP": 1.5304457471006725,
      "SCE": 0.12082008785672836,
      "S_struct": 2.113452717101401,
      "admissible": true,
      "snowfall_cm": 0.2,
      "depth_est_cm": 12.06914113399166,
      "corridor_score": 1.4581946921641267,
      "segment_id": 0
    },
    {
      "time": "2014-01-20 14:54:00+00:00",
      "CP": 2.153960681104651,
      "SCE": 0.06476644388017458,
      "S_struct": 2.7369676511053793,
      "admissible": false,
      "snowfall_cm": 0.5,
      "depth_est_cm": 14.932567287357694,
      "corridor_score": 0.9671292812035828,
      "segment_id": 0
    },
    {
      "time": "2014-01-20 15:00:00+00:00",
      "CP": 2.153960681104651,
      "SCE": 0.06476644388017458,
      "S_struct": 2.7369676511053793,
      "admissible": false,
      "snowfall_cm": 0.5,
      "depth_est_cm": 14.932567287357694,
      "corridor_score": 0.9671292812035828,
      "segment_id": 0
    },
    {
      "time": "2014-01-20 15:39:00+00:00",
      "CP": 3.0158732624374163,
      "SCE": 0.04567913348954041,
      "S_struct": 3.0861136829574596,
      "admissible": false,
      "snowfall_cm": 0.2,
      "depth_est_cm": 18.073312708534786,
      "corridor_score": 0.8255732638113676,
      "segment_id": 0
    },
    {
      "time": "2014-01-20 15:54:00+00:00",
      "CP": 3.071722767297368,
      "SCE": 0.043197908994120356,
      "S_struct": 3.141963187817412,
      "admissible": false,
      "snowfall_cm": 0.3,
      "depth_est_cm": 18.252860525161648,
      "corridor_score": 0.7884854078483048,
      "segment_id": 0
    }
  ]
}