{
  "rows": 12955,
  "start": "2022-01-01 00:00:00+00:00",
  "end": "2022-12-31 23:51:00+00:00",
  "segments": 1,
  "params": {
    "tct_window_hours": 24,
    "stress_window_hours": 24,
    "cp_threshold": 0.08,
    "s_max": 2.5,
    "k_depth": 13.0,
    "gap_hours": 6.0
  },
  "top_CP": [
    {
      "time": "2022-05-19 21:51:00+00:00",
      "CP": 45.42800096975299,
      "SCE": 4.586871269182676e-20,
      "S_struct": 44.52850370893205,
      "admissible": false,
      "snowfall_cm": 0.0,
      "depth_est_cm": 49.89273570311707,
      "corridor_score": 2.2885155593755238e-18,
      "segment_id": 0
    },
    {
      "time": "2022-05-19 22:51:00+00:00",
      "CP": 44.770900884167446,
      "SCE": 2.8911112626121096e-20,
      "S_struct": 44.99006091173043,
      "admissible": false,
      "snowfall_cm": 0.0,
      "depth_est_cm": 49.70743098521891,
      "corridor_score": 1.4370971355688055e-18,
      "segment_id": 0
    },
    {
      "time": "2022-05-20 00:51:00+00:00",
      "CP": 44.61261125680149,
      "SCE": 3.497553334093413e-20,
      "S_struct": 44.79963818323499,
      "admissible": false,
      "snowfall_cm": 0.0,
      "depth_est_cm": 49.66239513213025,
      "corridor_score": 1.7369687567344666e-18,
      "segment_id": 0
    },
    {
      "time": "2022-05-20 00:00:00+00:00",
      "CP": 44.61261125680149,
      "SCE": 3.497553334093413e-20,
      "S_struct": 44.79963818323499,
      "admissible": false,
      "snowfall_cm": 0.0,
      "depth_est_cm": 49.66239513213025,
      "corridor_score": 1.7369687567344666e-18,
      "segment_id": 0
    },
    {
      "time": "2022-05-20 01:51:00+00:00",
      "CP": 44.61261125680149,
      "SCE": 3.497553334093413e-20,
      "S_struct": 44.79963818323499,
      "admissible": false,
      "snowfall_cm": 0.0,
      "depth_est_cm": 49.66239513213025,
      "corridor_score": 1.7369687567344666e-18,
      "segment_id": 0
    },
    {
      "time": "2022-05-19 23:51:00+00:00",
      "CP": 44.61261125680149,
      "SCE": 3.497553334093413e-20,
      "S_struct": 44.79963818323499,
      "admissible": false,
      "snowfall_cm": 0.0,
      "depth_est_cm": 49.66239513213025,
      "corridor_score": 1.7369687567344666e-18,
      "segment_id": 0
    },
    {
      "time": "2022-04-11 00:51:00+00:00",
      "CP": 43.163421252305206,
      "SCE": 3.1658933460004936e-13,
      "S_struct": 28.781170935333638,
      "admissible": false,
      "snowfall_cm": 0.0,
      "depth_est_cm": 49.24265934871944,
      "corridor_score": 1.558970075714799e-11,
      "segment_id": 0
    },
    {
      "time": "2022-04-11 01:51:00+00:00",
      "CP": 43.163421252305206,
      "SCE": 3.1658933460004936e-13,
      "S_struct": 28.781170935333638,
      "admissible": false,
      "snowfall_cm": 0.0,
      "depth_est_cm": 49.24265934871944,
      "corridor_score": 1.558970075714799e-11,
      "segment_id": 0
    },
    {
      "time": "2022-04-11 03:51:00+00:00",
      "CP": 43.163421252305206,
      "SCE": 3.1658933460004936e-13,
      "S_struct": 28.781170935333638,
      "admissible": false,
      "snowfall_cm": 0.0,
      "depth_est_cm": 49.24265934871944,
      "corridor_score": 1.558970075714799e-11,
      "segment_id": 0
    },
    {
      "time": "2022-04-10 19:51:00+00:00",
      "CP": 43.163421252305206,
      "SCE": 5.887003901514998e-14,
      "S_struct": 30.463444109136745,
      "admissible": false,
      "snowfall_cm": 0.0,
      "depth_est_cm": 49.24265934871944,
      "corridor_score": 2.898917277068854e-12,
      "segment_id": 0
    },
    {
      "time": "2022-04-10 23:51:00+00:00",
      "CP": 43.163421252305206,
      "SCE": 1.0107919570174059e-13,
      "S_struct": 29.92287206946884,
      "admissible": false,
      "snowfall_cm": 0.0,
      "depth_est_cm": 49.24265934871944,
      "corridor_score": 4.977408401183359e-12,
      "segment_id": 0
    },
    {
      "time": "2022-04-11 04:51:00+00:00",
      "CP": 43.163421252305206,
      "SCE": 6.910298972854489e-12,
      "S_struct": 25.6980082123911,
      "admissible": false,
      "snowfall_cm": 0.0,
      "depth_est_cm": 49.24265934871944,
      "corridor_score": 3.4028149831807944e-10,
      "segment_id": 0
    }
  ],
  "top_depth_any": [
    {
      "time": "2022-05-19 21:51:00+00:00",
      "CP": 45.42800096975299,
      "SCE": 4.586871269182676e-20,
      "S_struct": 44.52850370893205,
      "admissible": false,
      "snowfall_cm": 0.0,
      "depth_est_cm": 49.89273570311707,
      "corridor_score": 2.2885155593755238e-18,
      "segment_id": 0
    },
    {
      "time": "2022-05-19 22:51:00+00:00",
      "CP": 44.770900884167446,
      "SCE": 2.8911112626121096e-20,
      "S_struct": 44.99006091173043,
      "admissible": false,
      "snowfall_cm": 0.0,
      "depth_est_cm": 49.70743098521891,
      "corridor_score": 1.4370971355688055e-18,
      "segment_id": 0
    },
    {
      "time": "2022-05-20 00:51:00+00:00",
      "CP": 44.61261125680149,
      "SCE": 3.497553334093413e-20,
      "S_struct": 44.79963818323499,
      "admissible": false,
      "snowfall_cm": 0.0,
      "depth_est_cm": 49.66239513213025,
      "corridor_score": 1.7369687567344666e-18,
      "segment_id": 0
    },
    {
      "time": "2022-05-20 00:00:00+00:00",
      "CP": 44.61261125680149,
      "SCE": 3.497553334093413e-20,
      "S_struct": 44.79963818323499,
      "admissible": false,
      "snowfall_cm": 0.0,
      "depth_est_cm": 49.66239513213025,
      "corridor_score": 1.7369687567344666e-18,
      "segment_id": 0
    },
    {
      "time": "2022-05-20 01:51:00+00:00",
      "CP": 44.61261125680149,
      "SCE": 3.497553334093413e-20,
      "S_struct": 44.79963818323499,
      "admissible": false,
      "snowfall_cm": 0.0,
      "depth_est_cm": 49.66239513213025,
      "corridor_score": 1.7369687567344666e-18,
      "segment_id": 0
    },
    {
      "time": "2022-05-19 23:51:00+00:00",
      "CP": 44.61261125680149,
      "SCE": 3.497553334093413e-20,
      "S_struct": 44.79963818323499,
      "admissible": false,
      "snowfall_cm": 0.0,
      "depth_est_cm": 49.66239513213025,
      "corridor_score": 1.7369687567344666e-18,
      "segment_id": 0
    },
    {
      "time": "2022-04-11 00:51:00+00:00",
      "CP": 43.163421252305206,
      "SCE": 3.1658933460004936e-13,
      "S_struct": 28.781170935333638,
      "admissible": false,
      "snowfall_cm": 0.0,
      "depth_est_cm": 49.24265934871944,
      "corridor_score": 1.558970075714799e-11,
      "segment_id": 0
    },
    {
      "time": "2022-04-11 01:51:00+00:00",
      "CP": 43.163421252305206,
      "SCE": 3.1658933460004936e-13,
      "S_struct": 28.781170935333638,
      "admissible": false,
      "snowfall_cm": 0.0,
      "depth_est_cm": 49.24265934871944,
      "corridor_score": 1.558970075714799e-11,
      "segment_id": 0
    },
    {
      "time": "2022-04-11 03:51:00+00:00",
      "CP": 43.163421252305206,
      "SCE": 3.1658933460004936e-13,
      "S_struct": 28.781170935333638,
      "admissible": false,
      "snowfall_cm": 0.0,
      "depth_est_cm": 49.24265934871944,
      "corridor_score": 1.558970075714799e-11,
      "segment_id": 0
    },
    {
      "time": "2022-04-10 19:51:00+00:00",
      "CP": 43.163421252305206,
      "SCE": 5.887003901514998e-14,
      "S_struct": 30.463444109136745,
      "admissible": false,
      "snowfall_cm": 0.0,
      "depth_est_cm": 49.24265934871944,
      "corridor_score": 2.898917277068854e-12,
      "segment_id": 0
    },
    {
      "time": "2022-04-10 23:51:00+00:00",
      "CP": 43.163421252305206,
      "SCE": 1.0107919570174059e-13,
      "S_struct": 29.92287206946884,
      "admissible": false,
      "snowfall_cm": 0.0,
      "depth_est_cm": 49.24265934871944,
      "corridor_score": 4.977408401183359e-12,
      "segment_id": 0
    },
    {
      "time": "2022-04-11 04:51:00+00:00",
      "CP": 43.163421252305206,
      "SCE": 6.910298972854489e-12,
      "S_struct": 25.6980082123911,
      "admissible": false,
      "snowfall_cm": 0.0,
      "depth_est_cm": 49.24265934871944,
      "corridor_score": 3.4028149831807944e-10,
      "segment_id": 0
    }
  ],
  "top_depth_admissible": [
    {
      "time": "2022-05-12 05:59:00+00:00",
      "CP": 7.992402724490973,
      "SCE": 0.16773759676737166,
      "S_struct": 1.7853544446575649,
      "admissible": true,
      "snowfall_cm": 0.0,
      "depth_est_cm": 28.552941028621593,
      "corridor_score": 4.789401708781471,
      "segment_id": 0
    },
    {
      "time": "2022-05-12 05:51:00+00:00",
      "CP": 7.992402724490973,
      "SCE": 0.15267854963234045,
      "S_struct": 1.8794205505454302,
      "admissible": true,
      "snowfall_cm": 0.0,
      "depth_est_cm": 28.552941028621593,
      "corridor_score": 4.359421623987692,
      "segment_id": 0
    },
    {
      "time": "2022-05-12 04:51:00+00:00",
      "CP": 7.992402724490973,
      "SCE": 0.09055107597584308,
      "S_struct": 2.4018412120524895,
      "admissible": true,
      "snowfall_cm": 0.0,
      "depth_est_cm": 28.552941028621593,
      "corridor_score": 2.585499532416481,
      "segment_id": 0
    },
    {
      "time": "2022-03-09 17:51:00+00:00",
      "CP": 6.57964862398072,
      "SCE": 0.10480328644377838,
      "S_struct": 2.255670148390526,
      "admissible": true,
      "snowfall_cm": 0.0,
      "depth_est_cm": 26.33106895775793,
      "corridor_score": 2.7595825623507855,
      "segment_id": 0
    },
    {
      "time": "2022-11-19 19:59:00+00:00",
      "CP": 3.045596823405615,
      "SCE": 0.0880170331125953,
      "S_struct": 2.4302249251362085,
      "admissible": true,
      "snowfall_cm": 0.0,
      "depth_est_cm": 18.16917811261776,
      "corridor_score": 1.5991971515669192,
      "segment_id": 0
    },
    {
      "time": "2022-11-19 20:06:00+00:00",
      "CP": 3.045596823405615,
      "SCE": 0.0880170331125953,
      "S_struct": 2.4302249251362085,
      "admissible": true,
      "snowfall_cm": 0.0,
      "depth_est_cm": 18.16917811261776,
      "corridor_score": 1.5991971515669192,
      "segment_id": 0
    },
    {
      "time": "2022-11-19 20:16:00+00:00",
      "CP": 3.045596823405615,
      "SCE": 0.12707477764353714,
      "S_struct": 2.0629795654556426,
      "admissible": true,
      "snowfall_cm": 0.0,
      "depth_est_cm": 18.16917811261776,
      "corridor_score": 2.3088442686267237,
      "segment_id": 0
    },
    {
      "time": "2022-01-07 05:59:00+00:00",
      "CP": 3.0014775427644627,
      "SCE": 0.1940866658852493,
      "S_struct": 1.6394504883062937,
      "admissible": true,
      "snowfall_cm": 0.0,
      "depth_est_cm": 18.026627821863798,
      "corridor_score": 3.4987280910998186,
      "segment_id": 0
    },
    {
      "time": "2022-01-07 05:51:00+00:00",
      "CP": 3.0014775427644627,
      "SCE": 0.1940866658852493,
      "S_struct": 1.6394504883062937,
      "admissible": true,
      "snowfall_cm": 0.0,
      "depth_est_cm": 18.026627821863798,
      "corridor_score": 3.4987280910998186,
      "segment_id": 0
    },
    {
      "time": "2022-02-04 14:51:00+00:00",
      "CP": 2.794032982390785,
      "SCE": 0.08810808576007684,
      "S_struct": 2.42919097090894,
      "admissible": true,
      "snowfall_cm": 0.0,
      "depth_est_cm": 17.334584342111736,
      "corridor_score": 1.5273170438300658,
      "segment_id": 0
    },
    {
      "time": "2022-02-04 15:51:00+00:00",
      "CP": 2.794032982390785,
      "SCE": 0.0911234695494638,
      "S_struct": 2.395539883861966,
      "admissible": true,
      "snowfall_cm": 0.0,
      "depth_est_cm": 17.334584342111736,
      "corridor_score": 1.579587468451031,
      "segment_id": 0
    },
    {
      "time": "2022-01-07 04:51:00+00:00",
      "CP": 2.7110119741098373,
      "SCE": 0.2595035439442136,
      "S_struct": 1.3489849196516683,
      "admissible": true,
      "snowfall_cm": 0.0,
      "depth_est_cm": 17.046959913443253,
      "corridor_score": 4.423746511013468,
      "segment_id": 0
    }
  ],
  "top_depth_admissible_snow": [
    {
      "time": "2022-01-02 12:00:00+00:00",
      "CP": 1.676121753762699,
      "SCE": 0.13621353536337688,
      "S_struct": 1.9935315116187162,
      "admissible": true,
      "snowfall_cm": 1.0,
      "depth_est_cm": 12.796792315417688,
      "corridor_score": 1.7430963225939369,
      "segment_id": 0
    },
    {
      "time": "2022-12-15 23:51:00+00:00",
      "CP": 1.434132521366239,
      "SCE": 0.08220737612579836,
      "S_struct": 2.4985102470553566,
      "admissible": true,
      "snowfall_cm": 0.3,
      "depth_est_cm": 11.56467570702549,
      "corridor_score": 0.9507016456203274,
      "segment_id": 0
    },
    {
      "time": "2022-02-25 12:00:00+00:00",
      "CP": 1.4314794420524573,
      "SCE": 0.112994980195427,
      "S_struct": 2.180411884305848,
      "admissible": true,
      "snowfall_cm": 2.0,
      "depth_est_cm": 11.550498647795665,
      "corridor_score": 1.3051483659549776,
      "segment_id": 0
    },
    {
      "time": "2022-02-23 00:00:00+00:00",
      "CP": 1.0696105111009377,
      "SCE": 0.11076831930639384,
      "S_struct": 2.200314472391426,
      "admissible": true,
      "snowfall_cm": 7.0,
      "depth_est_cm": 9.455685598901583,
      "corridor_score": 1.0473904016800004,
      "segment_id": 0
    },
    {
      "time": "2022-12-16 18:00:00+00:00",
      "CP": 0.8722011109569783,
      "SCE": 0.11835286897191281,
      "S_struct": 2.134084701897181,
      "admissible": true,
      "snowfall_cm": 0.5,
      "depth_est_cm": 8.15249244357416,
      "corridor_score": 0.9648708699688417,
      "segment_id": 0
    },
    {
      "time": "2022-12-16 16:51:00+00:00",
      "CP": 0.750521728635431,
      "SCE": 0.1273712328368998,
      "S_struct": 2.060649363249328,
      "admissible": true,
      "snowfall_cm": 0.3,
      "depth_est_cm": 7.278880363977683,
      "corridor_score": 0.9271199656321394,
      "segment_id": 0
    },
    {
      "time": "2022-12-16 15:51:00+00:00",
      "CP": 0.7366768402590065,
      "SCE": 0.18068725445204636,
      "S_struct": 1.710987618171303,
      "admissible": true,
      "snowfall_cm": 0.3,
      "depth_est_cm": 7.175654527529777,
      "corridor_score": 1.2965493154757513,
      "segment_id": 0
    },
    {
      "time": "2022-12-16 16:33:00+00:00",
      "CP": 0.7366768402590065,
      "SCE": 0.1156121892480456,
      "S_struct": 2.1575138849804225,
      "admissible": true,
      "snowfall_cm": 0.2,
      "depth_est_cm": 7.175654527529777,
      "corridor_score": 0.8295931292153679,
      "segment_id": 0
    },
    {
      "time": "2022-02-25 07:49:00+00:00",
      "CP": 0.40899412630070203,
      "SCE": 0.31045338961411406,
      "S_struct": 1.1697215028410384,
      "admissible": true,
      "snowfall_cm": 0.5,
      "depth_est_cm": 4.457388834692895,
      "corridor_score": 1.3838114725585153,
      "segment_id": 0
    },
    {
      "time": "2022-02-25 07:51:00+00:00",
      "CP": 0.40899412630070203,
      "SCE": 0.31045338961411406,
      "S_struct": 1.1697215028410384,
      "admissible": true,
      "snowfall_cm": 0.8,
      "depth_est_cm": 4.457388834692895,
      "corridor_score": 1.3838114725585153,
      "segment_id": 0
    },
    {
      "time": "2022-02-25 08:30:00+00:00",
      "CP": 0.40899412630070203,
      "SCE": 0.31045338961411406,
      "S_struct": 1.1697215028410384,
      "admissible": true,
      "snowfall_cm": 0.2,
      "depth_est_cm": 4.457388834692895,
      "corridor_score": 1.3838114725585153,
      "segment_id": 0
    },
    {
      "time": "2022-02-25 08:51:00+00:00",
      "CP": 0.40899412630070203,
      "SCE": 0.31045338961411406,
      "S_struct": 1.1697215028410384,
      "admissible": true,
      "snowfall_cm": 0.3,
      "depth_est_cm": 4.457388834692895,
      "corridor_score": 1.3838114725585153,
      "segment_id": 0
    }
  ],
  "top_corridor_any": [
    {
      "time": "2022-01-07 03:51:00+00:00",
      "CP": 2.420546405455212,
      "SCE": 0.34696916973895237,
      "S_struct": 1.058519350997043,
      "admissible": true,
      "snowfall_cm": 0.0,
      "depth_est_cm": 15.987403977869743,
      "corridor_score": 5.547136284482689,
      "segment_id": 0
    },
    {
      "time": "2022-04-09 02:51:00+00:00",
      "CP": 0.9723882092503765,
      "SCE": 0.5648766453353808,
      "S_struct": 0.571147898512504,
      "admissible": true,
      "snowfall_cm": 0.0,
      "depth_est_cm": 8.83018626724724,
      "corridor_score": 4.98796599632917,
      "segment_id": 0
    },
    {
      "time": "2022-04-09 02:08:00+00:00",
      "CP": 0.9723882092503765,
      "SCE": 0.5648766453353808,
      "S_struct": 0.571147898512504,
      "admissible": true,
      "snowfall_cm": 0.0,
      "depth_est_cm": 8.83018626724724,
      "corridor_score": 4.98796599632917,
      "segment_id": 0
    },
    {
      "time": "2022-03-25 06:49:00+00:00",
      "CP": 1.137516476199492,
      "SCE": 0.48772914730583794,
      "S_struct": 0.7179950532255708,
      "admissible": true,
      "snowfall_cm": 0.0,
      "depth_est_cm": 9.875380189513482,
      "corridor_score": 4.816510759152375,
      "segment_id": 0
    },
    {
      "time": "2022-03-25 07:51:00+00:00",
      "CP": 1.137516476199492,
      "SCE": 0.48772914730583794,
      "S_struct": 0.7179950532255708,
      "admissible": true,
      "snowfall_cm": 0.0,
      "depth_est_cm": 9.875380189513482,
      "corridor_score": 4.816510759152375,
      "segment_id": 0
    },
    {
      "time": "2022-03-25 08:27:00+00:00",
      "CP": 1.137516476199492,
      "SCE": 0.48772914730583794,
      "S_struct": 0.7179950532255708,
      "admissible": true,
      "snowfall_cm": 0.0,
      "depth_est_cm": 9.875380189513482,
      "corridor_score": 4.816510759152375,
      "segment_id": 0
    },
    {
      "time": "2022-03-25 07:03:00+00:00",
      "CP": 1.137516476199492,
      "SCE": 0.48772914730583794,
      "S_struct": 0.7179950532255708,
      "admissible": true,
      "snowfall_cm": 0.0,
      "depth_est_cm": 9.875380189513482,
      "corridor_score": 4.816510759152375,
      "segment_id": 0
    },
    {
      "time": "2022-03-25 06:51:00+00:00",
      "CP": 1.137516476199492,
      "SCE": 0.48772914730583794,
      "S_struct": 0.7179950532255708,
      "admissible": true,
      "snowfall_cm": 0.0,
      "depth_est_cm": 9.875380189513482,
      "corridor_score": 4.816510759152375,
      "segment_id": 0
    },
    {
      "time": "2022-05-12 05:59:00+00:00",
      "CP": 7.992402724490973,
      "SCE": 0.16773759676737166,
      "S_struct": 1.7853544446575649,
      "admissible": true,
      "snowfall_cm": 0.0,
      "depth_est_cm": 28.552941028621593,
      "corridor_score": 4.789401708781471,
      "segment_id": 0
    },
    {
      "time": "2022-12-17 01:23:00+00:00",
      "CP": 1.1563477346874946,
      "SCE": 0.47059019601185553,
      "S_struct": 0.7537676358598671,
      "admissible": true,
      "snowfall_cm": 0.0,
      "depth_est_cm": 9.989407051028754,
      "corridor_score": 4.700917022185833,
      "segment_id": 0
    },
    {
      "time": "2022-09-05 06:38:00+00:00",
      "CP": 0.9943078661263773,
      "SCE": 0.4961371687722978,
      "S_struct": 0.7009028405459479,
      "admissible": true,
      "snowfall_cm": 0.0,
      "depth_est_cm": 8.973861726358315,
      "corridor_score": 4.452266349869499,
      "segment_id": 0
    },
    {
      "time": "2022-01-07 04:51:00+00:00",
      "CP": 2.7110119741098373,
      "SCE": 0.2595035439442136,
      "S_struct": 1.3489849196516683,
      "admissible": true,
      "snowfall_cm": 0.0,
      "depth_est_cm": 17.046959913443253,
      "corridor_score": 4.423746511013468,
      "segment_id": 0
    }
  ],
  "top_corridor_admissible": [
    {
      "time": "2022-01-07 03:51:00+00:00",
      "CP": 2.420546405455212,
      "SCE": 0.34696916973895237,
      "S_struct": 1.058519350997043,
      "admissible": true,
      "snowfall_cm": 0.0,
      "depth_est_cm": 15.987403977869743,
      "corridor_score": 5.547136284482689,
      "segment_id": 0
    },
    {
      "time": "2022-04-09 02:51:00+00:00",
      "CP": 0.9723882092503765,
      "SCE": 0.5648766453353808,
      "S_struct": 0.571147898512504,
      "admissible": true,
      "snowfall_cm": 0.0,
      "depth_est_cm": 8.83018626724724,
      "corridor_score": 4.98796599632917,
      "segment_id": 0
    },
    {
      "time": "2022-04-09 02:08:00+00:00",
      "CP": 0.9723882092503765,
      "SCE": 0.5648766453353808,
      "S_struct": 0.571147898512504,
      "admissible": true,
      "snowfall_cm": 0.0,
      "depth_est_cm": 8.83018626724724,
      "corridor_score": 4.98796599632917,
      "segment_id": 0
    },
    {
      "time": "2022-03-25 06:49:00+00:00",
      "CP": 1.137516476199492,
      "SCE": 0.48772914730583794,
      "S_struct": 0.7179950532255708,
      "admissible": true,
      "snowfall_cm": 0.0,
      "depth_est_cm": 9.875380189513482,
      "corridor_score": 4.816510759152375,
      "segment_id": 0
    },
    {
      "time": "2022-03-25 06:51:00+00:00",
      "CP": 1.137516476199492,
      "SCE": 0.48772914730583794,
      "S_struct": 0.7179950532255708,
      "admissible": true,
      "snowfall_cm": 0.0,
      "depth_est_cm": 9.875380189513482,
      "corridor_score": 4.816510759152375,
      "segment_id": 0
    },
    {
      "time": "2022-03-25 07:03:00+00:00",
      "CP": 1.137516476199492,
      "SCE": 0.48772914730583794,
      "S_struct": 0.7179950532255708,
      "admissible": true,
      "snowfall_cm": 0.0,
      "depth_est_cm": 9.875380189513482,
      "corridor_score": 4.816510759152375,
      "segment_id": 0
    },
    {
      "time": "2022-03-25 07:51:00+00:00",
      "CP": 1.137516476199492,
      "SCE": 0.48772914730583794,
      "S_struct": 0.7179950532255708,
      "admissible": true,
      "snowfall_cm": 0.0,
      "depth_est_cm": 9.875380189513482,
      "corridor_score": 4.816510759152375,
      "segment_id": 0
    },
    {
      "time": "2022-03-25 08:27:00+00:00",
      "CP": 1.137516476199492,
      "SCE": 0.48772914730583794,
      "S_struct": 0.7179950532255708,
      "admissible": true,
      "snowfall_cm": 0.0,
      "depth_est_cm": 9.875380189513482,
      "corridor_score": 4.816510759152375,
      "segment_id": 0
    },
    {
      "time": "2022-05-12 05:59:00+00:00",
      "CP": 7.992402724490973,
      "SCE": 0.16773759676737166,
      "S_struct": 1.7853544446575649,
      "admissible": true,
      "snowfall_cm": 0.0,
      "depth_est_cm": 28.552941028621593,
      "corridor_score": 4.789401708781471,
      "segment_id": 0
    },
    {
      "time": "2022-12-17 01:23:00+00:00",
      "CP": 1.1563477346874946,
      "SCE": 0.47059019601185553,
      "S_struct": 0.7537676358598671,
      "admissible": true,
      "snowfall_cm": 0.0,
      "depth_est_cm": 9.989407051028754,
      "corridor_score": 4.700917022185833,
      "segment_id": 0
    },
    {
      "time": "2022-09-05 06:38:00+00:00",
      "CP": 0.9943078661263773,
      "SCE": 0.4961371687722978,
      "S_struct": 0.7009028405459479,
      "admissible": true,
      "snowfall_cm": 0.0,
      "depth_est_cm": 8.973861726358315,
      "corridor_score": 4.452266349869499,
      "segment_id": 0
    },
    {
      "time": "2022-01-07 04:51:00+00:00",
      "CP": 2.7110119741098373,
      "SCE": 0.2595035439442136,
      "S_struct": 1.3489849196516683,
      "admissible": true,
      "snowfall_cm": 0.0,
      "depth_est_cm": 17.046959913443253,
      "corridor_score": 4.423746511013468,
      "segment_id": 0
    }
  ],
  "top_corridor_admissible_snow": [
    {
      "time": "2022-01-02 12:00:00+00:00",
      "CP": 1.676121753762699,
      "SCE": 0.13621353536337688,
      "S_struct": 1.9935315116187162,
      "admissible": true,
      "snowfall_cm": 1.0,
      "depth_est_cm": 12.796792315417688,
      "corridor_score": 1.7430963225939369,
      "segment_id": 0
    },
    {
      "time": "2022-02-25 07:49:00+00:00",
      "CP": 0.40899412630070203,
      "SCE": 0.31045338961411406,
      "S_struct": 1.1697215028410384,
      "admissible": true,
      "snowfall_cm": 0.5,
      "depth_est_cm": 4.457388834692895,
      "corridor_score": 1.3838114725585153,
      "segment_id": 0
    },
    {
      "time": "2022-02-25 09:06:00+00:00",
      "CP": 0.40899412630070203,
      "SCE": 0.31045338961411406,
      "S_struct": 1.1697215028410384,
      "admissible": true,
      "snowfall_cm": 0.2,
      "depth_est_cm": 4.457388834692895,
      "corridor_score": 1.3838114725585153,
      "segment_id": 0
    },
    {
      "time": "2022-02-25 08:51:00+00:00",
      "CP": 0.40899412630070203,
      "SCE": 0.31045338961411406,
      "S_struct": 1.1697215028410384,
      "admissible": true,
      "snowfall_cm": 0.3,
      "depth_est_cm": 4.457388834692895,
      "corridor_score": 1.3838114725585153,
      "segment_id": 0
    },
    {
      "time": "2022-02-25 08:30:00+00:00",
      "CP": 0.40899412630070203,
      "SCE": 0.31045338961411406,
      "S_struct": 1.1697215028410384,
      "admissible": true,
      "snowfall_cm": 0.2,
      "depth_est_cm": 4.457388834692895,
      "corridor_score": 1.3838114725585153,
      "segment_id": 0
    },
    {
      "time": "2022-02-25 07:51:00+00:00",
      "CP": 0.40899412630070203,
      "SCE": 0.31045338961411406,
      "S_struct": 1.1697215028410384,
      "admissible": true,
      "snowfall_cm": 0.8,
      "depth_est_cm": 4.457388834692895,
      "corridor_score": 1.3838114725585153,
      "segment_id": 0
    },
    {
      "time": "2022-02-25 08:49:00+00:00",
      "CP": 0.40899412630070203,
      "SCE": 0.31045338961411406,
      "S_struct": 1.1697215028410384,
      "admissible": true,
      "snowfall_cm": 0.2,
      "depth_est_cm": 4.457388834692895,
      "corridor_score": 1.3838114725585153,
      "segment_id": 0
    },
    {
      "time": "2022-02-25 12:00:00+00:00",
      "CP": 1.4314794420524573,
      "SCE": 0.112994980195427,
      "S_struct": 2.180411884305848,
      "admissible": true,
      "snowfall_cm": 2.0,
      "depth_est_cm": 11.550498647795665,
      "corridor_score": 1.3051483659549776,
      "segment_id": 0
    },
    {
      "time": "2022-12-16 15:51:00+00:00",
      "CP": 0.7366768402590065,
      "SCE": 0.18068725445204636,
      "S_struct": 1.710987618171303,
      "admissible": true,
      "snowfall_cm": 0.3,
      "depth_est_cm": 7.175654527529777,
      "corridor_score": 1.2965493154757513,
      "segment_id": 0
    },
    {
      "time": "2022-02-25 07:13:00+00:00",
      "CP": 0.34990418620480107,
      "SCE": 0.3293508896250521,
      "S_struct": 1.1106315627451373,
      "admissible": true,
      "snowfall_cm": 0.2,
      "depth_est_cm": 3.90043701774992,
      "corridor_score": 1.2846124017224212,
      "segment_id": 0
    },
    {
      "time": "2022-02-25 06:51:00+00:00",
      "CP": 0.34990418620480107,
      "SCE": 0.3293508896250521,
      "S_struct": 1.1106315627451373,
      "admissible": true,
      "snowfall_cm": 0.8,
      "depth_est_cm": 3.90043701774992,
      "corridor_score": 1.2846124017224212,
      "segment_id": 0
    },
    {
      "time": "2022-02-25 09:46:00+00:00",
      "CP": 0.34082843858391837,
      "SCE": 0.2899962780025858,
      "S_struct": 1.237887190557822,
      "admissible": true,
      "snowfall_cm": 0.2,
      "depth_est_cm": 3.812739588863221,
      "corridor_score": 1.1056802897634435,
      "segment_id": 0
    }
  ],
  "observed_snow_events_first200": [
    {
      "time": "2022-01-01 19:28:00+00:00",
      "CP": 0.9356755769130684,
      "SCE": 0.012983745361538067,
      "S_struct": 4.344057060673645,
      "admissible": false,
      "snowfall_cm": 0.2,
      "depth_est_cm": 8.58593321174901,
      "corridor_score": 0.11147757051252184,
      "segment_id": 0
    },
    {
      "time": "2022-01-01 19:44:00+00:00",
      "CP": 0.9286637275481332,
      "SCE": 0.01289302372977988,
      "S_struct": 4.35106891003858,
      "admissible": false,
      "snowfall_cm": 0.2,
      "depth_est_cm": 8.538756121643015,
      "corridor_score": 0.11009038529914661,
      "segment_id": 0
    },
    {
      "time": "2022-01-01 19:51:00+00:00",
      "CP": 0.9286637275481332,
      "SCE": 0.013661136495274907,
      "S_struct": 4.293200229524704,
      "admissible": false,
      "snowfall_cm": 0.3,
      "depth_est_cm": 8.538756121643015,
      "corridor_score": 0.11664911287762941,
      "segment_id": 0
    },
    {
      "time": "2022-01-01 20:30:00+00:00",
      "CP": 1.3139313456721156,
      "SCE": 0.011303823374704678,
      "S_struct": 4.482614258748108,
      "admissible": false,
      "snowfall_cm": 0.2,
      "depth_est_cm": 10.906323469836263,
      "corridor_score": 0.12328315417042537,
      "segment_id": 0
    },
    {
      "time": "2022-01-01 20:51:00+00:00",
      "CP": 1.3139313456721156,
      "SCE": 0.012365338399044667,
      "S_struct": 4.392858010890748,
      "admissible": false,
      "snowfall_cm": 0.5,
      "depth_est_cm": 10.906323469836263,
      "corridor_score": 0.13486038039396842,
      "segment_id": 0
    },
    {
      "time": "2022-01-01 22:09:00+00:00",
      "CP": 1.1996764460484535,
      "SCE": 0.01653132511893438,
      "S_struct": 4.1024982058773665,
      "admissible": false,
      "snowfall_cm": 0.2,
      "depth_est_cm": 10.248033634415782,
      "corridor_score": 0.16941357584030198,
      "segment_id": 0
    },
    {
      "time": "2022-01-01 22:51:00+00:00",
      "CP": 1.2568038958602847,
      "SCE": 0.015613401614204304,
      "S_struct": 4.159625655689197,
      "admissible": false,
      "snowfall_cm": 0.5,
      "depth_est_cm": 10.581344890745575,
      "corridor_score": 0.16521078739761944,
      "segment_id": 0
    },
    {
      "time": "2022-01-01 23:51:00+00:00",
      "CP": 2.5136077917205695,
      "SCE": 0.004769674602610636,
      "S_struct": 5.3454771938908525,
      "admissible": false,
      "snowfall_cm": 0.8,
      "depth_est_cm": 16.33636381623377,
      "corridor_score": 0.07791913959329758,
      "segment_id": 0
    },
    {
      "time": "2022-01-02 00:00:00+00:00",
      "CP": 2.5136077917205695,
      "SCE": 0.004941921701322633,
      "S_struct": 5.3100010150615375,
      "admissible": false,
      "snowfall_cm": 2.0,
      "depth_est_cm": 16.33636381623377,
      "corridor_score": 0.0807330308641475,
      "segment_id": 0
    },
    {
      "time": "2022-01-02 00:51:00+00:00",
      "CP": 2.913499940403387,
      "SCE": 0.005386577232612543,
      "S_struct": 5.223845117551709,
      "admissible": false,
      "snowfall_cm": 1.0,
      "depth_est_cm": 17.73761728744573,
      "corridor_score": 0.09554504544134981,
      "segment_id": 0
    },
    {
      "time": "2022-01-02 01:10:00+00:00",
      "CP": 2.913499940403387,
      "SCE": 0.008701727613985858,
      "S_struct": 4.744233696715053,
      "admissible": false,
      "snowfall_cm": 0.2,
      "depth_est_cm": 17.73761728744573,
      "corridor_score": 0.15434791415647944,
      "segment_id": 0
    },
    {
      "time": "2022-01-02 01:27:00+00:00",
      "CP": 2.913499940403387,
      "SCE": 0.008701727613985858,
      "S_struct": 4.744233696715053,
      "admissible": false,
      "snowfall_cm": 0.5,
      "depth_est_cm": 17.73761728744573,
      "corridor_score": 0.15434791415647944,
      "segment_id": 0
    },
    {
      "time": "2022-01-02 01:51:00+00:00",
      "CP": 2.913499940403387,
      "SCE": 0.015160328785259783,
      "S_struct": 4.189073211321042,
      "admissible": false,
      "snowfall_cm": 0.5,
      "depth_est_cm": 17.73761728744573,
      "corridor_score": 0.26890810994478503,
      "segment_id": 0
    },
    {
      "time": "2022-01-02 03:41:00+00:00",
      "CP": 1.6947343179858028,
      "SCE": 0.014069101704827256,
      "S_struct": 4.263774254611324,
      "admissible": false,
      "snowfall_cm": 0.2,
      "depth_est_cm": 12.886895010517149,
      "corridor_score": 0.1813070365623967,
      "segment_id": 0
    },
    {
      "time": "2022-01-02 03:51:00+00:00",
      "CP": 1.6947343179858028,
      "SCE": 0.020160545221146083,
      "S_struct": 3.904027791444964,
      "admissible": false,
      "snowfall_cm": 0.3,
      "depth_est_cm": 12.886895010517149,
      "corridor_score": 0.2598068296196928,
      "segment_id": 0
    },
    {
      "time": "2022-01-02 04:51:00+00:00",
      "CP": 1.7735327490852175,
      "SCE": 0.01687404732941251,
      "S_struct": 4.0819784983704945,
      "admissible": false,
      "snowfall_cm": 0.3,
      "depth_est_cm": 13.261584287876788,
      "corridor_score": 0.22377660093662624,
      "segment_id": 0
    },
    {
      "time": "2022-01-02 05:28:00+00:00",
      "CP": 1.7735327490852175,
      "SCE": 0.01687404732941251,
      "S_struct": 4.0819784983704945,
      "admissible": false,
      "snowfall_cm": 0.5,
      "depth_est_cm": 13.261584287876788,
      "corridor_score": 0.22377660093662624,
      "segment_id": 0
    },
    {
      "time": "2022-01-02 05:51:00+00:00",
      "CP": 1.9508860239937393,
      "SCE": 0.014231180327359625,
      "S_struct": 4.252319923914081,
      "admissible": false,
      "snowfall_cm": 0.5,
      "depth_est_cm": 14.067371140850096,
      "corridor_score": 0.20019529543733242,
      "segment_id": 0
    },
    {
      "time": "2022-01-02 06:00:00+00:00",
      "CP": 1.6848561116309568,
      "SCE": 0.016033384197330584,
      "S_struct": 4.133082218152882,
      "admissible": false,
      "snowfall_cm": 3.0,
      "depth_est_cm": 12.839152778604195,
      "corridor_score": 0.20585506926758554,
      "segment_id": 0
    },
    {
      "time": "2022-01-02 06:51:00+00:00",
      "CP": 1.600887469612342,
      "SCE": 0.012665302364175613,
      "S_struct": 4.368889121816193,
      "admissible": false,
      "snowfall_cm": 0.5,
      "depth_est_cm": 12.426085376280753,
      "corridor_score": 0.15738012849365662,
      "segment_id": 0
    },
    {
      "time": "2022-01-02 07:48:00+00:00",
      "CP": 1.600887469612342,
      "SCE": 0.012665302364175613,
      "S_struct": 4.368889121816193,
      "admissible": false,
      "snowfall_cm": 0.2,
      "depth_est_cm": 12.426085376280753,
      "corridor_score": 0.15738012849365662,
      "segment_id": 0
    },
    {
      "time": "2022-01-02 07:51:00+00:00",
      "CP": 1.6329052190045887,
      "SCE": 0.012987350659676492,
      "S_struct": 4.343779421396609,
      "admissible": false,
      "snowfall_cm": 0.3,
      "depth_est_cm": 12.585142472845277,
      "corridor_score": 0.16344765839682976,
      "segment_id": 0
    },
    {
      "time": "2022-01-02 09:21:00+00:00",
      "CP": 1.53279237130272,
      "SCE": 0.04348855890575672,
      "S_struct": 3.1352573891424225,
      "admissible": false,
      "snowfall_cm": 0.2,
      "depth_est_cm": 12.081191176315349,
      "corridor_score": 0.5253935941228984,
      "segment_id": 0
    },
    {
      "time": "2022-01-02 09:36:00+00:00",
      "CP": 1.53279237130272,
      "SCE": 0.04348855890575672,
      "S_struct": 3.1352573891424225,
      "admissible": false,
      "snowfall_cm": 0.2,
      "depth_est_cm": 12.081191176315349,
      "corridor_score": 0.5253935941228984,
      "segment_id": 0
    },
    {
      "time": "2022-01-02 09:51:00+00:00",
      "CP": 1.53279237130272,
      "SCE": 0.04348855890575672,
      "S_struct": 3.1352573891424225,
      "admissible": false,
      "snowfall_cm": 0.3,
      "depth_est_cm": 12.081191176315349,
      "corridor_score": 0.5253935941228984,
      "segment_id": 0
    },
    {
      "time": "2022-01-02 12:00:00+00:00",
      "CP": 1.676121753762699,
      "SCE": 0.13621353536337688,
      "S_struct": 1.9935315116187162,
      "admissible": true,
      "snowfall_cm": 1.0,
      "depth_est_cm": 12.796792315417688,
      "corridor_score": 1.7430963225939369,
      "segment_id": 0
    },
    {
      "time": "2022-01-08 22:33:00+00:00",
      "CP": 11.012655652606043,
      "SCE": 1.0022756921574602e-07,
      "S_struct": 16.115822544266518,
      "admissible": false,
      "snowfall_cm": 0.2,
      "depth_est_cm": 32.317489512951695,
      "corridor_score": 3.239103417038512e-06,
      "segment_id": 0
    },
    {
      "time": "2022-01-08 22:51:00+00:00",
      "CP": 11.012655652606043,
      "SCE": 1.0022756921574602e-07,
      "S_struct": 16.115822544266518,
      "admissible": false,
      "snowfall_cm": 0.3,
      "depth_est_cm": 32.317489512951695,
      "corridor_score": 3.239103417038512e-06,
      "segment_id": 0
    },
    {
      "time": "2022-01-09 00:00:00+00:00",
      "CP": 11.041710856467894,
      "SCE": 9.788850656615763e-07,
      "S_struct": 13.836851601040602,
      "admissible": false,
      "snowfall_cm": 0.3,
      "depth_est_cm": 32.34889485748741,
      "corridor_score": 3.166585006665099e-05,
      "segment_id": 0
    },
    {
      "time": "2022-01-09 00:51:00+00:00",
      "CP": 11.961853427840218,
      "SCE": 1.5837856699381896e-06,
      "S_struct": 13.355692583109636,
      "admissible": false,
      "snowfall_cm": 0.3,
      "depth_est_cm": 33.30613899738316,
      "corridor_score": 5.274978566502495e-05,
      "segment_id": 0
    },
    {
      "time": "2022-01-09 02:51:00+00:00",
      "CP": 12.269221670126884,
      "SCE": 7.136564192270275e-07,
      "S_struct": 14.152864195987767,
      "admissible": false,
      "snowfall_cm": 0.3,
      "depth_est_cm": 33.610813512640966,
      "corridor_score": 2.3986572818738742e-05,
      "segment_id": 0
    },
    {
      "time": "2022-01-15 03:29:00+00:00",
      "CP": 1.1232538327407393,
      "SCE": 0.03687517575501075,
      "S_struct": 3.300216698095932,
      "admissible": false,
      "snowfall_cm": 0.2,
      "depth_est_cm": 9.788346604473196,
      "corridor_score": 0.3609470013909118,
      "segment_id": 0
    },
    {
      "time": "2022-01-15 03:51:00+00:00",
      "CP": 0.8825565828677235,
      "SCE": 0.0289868225245761,
      "S_struct": 3.540913947968948,
      "admissible": false,
      "snowfall_cm": 0.3,
      "depth_est_cm": 8.22419958802587,
      "corridor_score": 0.2383934138647978,
      "segment_id": 0
    },
    {
      "time": "2022-01-15 06:00:00+00:00",
      "CP": 1.0569988496587925,
      "SCE": 0.03449611776935126,
      "S_struct": 3.3669084897012223,
      "admissible": false,
      "snowfall_cm": 0.3,
      "depth_est_cm": 9.37622466869641,
      "corridor_score": 0.3234433504032479,
      "segment_id": 0
    },
    {
      "time": "2022-01-15 08:51:00+00:00",
      "CP": 1.1626993451178256,
      "SCE": 0.031284642063670605,
      "S_struct": 3.464627970745715,
      "admissible": false,
      "snowfall_cm": 0.3,
      "depth_est_cm": 10.027642797754108,
      "corridor_score": 0.31371121567008176,
      "segment_id": 0
    },
    {
      "time": "2022-01-15 10:51:00+00:00",
      "CP": 1.8112652700154486,
      "SCE": 0.030621983736507805,
      "S_struct": 3.4860371052042076,
      "admissible": false,
      "snowfall_cm": 0.3,
      "depth_est_cm": 13.437250528384476,
      "corridor_score": 0.41147526714357036,
      "segment_id": 0
    },
    {
      "time": "2022-01-15 12:00:00+00:00",
      "CP": 0.9732202759356262,
      "SCE": 0.022245825113846773,
      "S_struct": 3.8056009233083286,
      "admissible": false,
      "snowfall_cm": 0.5,
      "depth_est_cm": 8.83566925782231,
      "corridor_score": 0.19655675307330742,
      "segment_id": 0
    },
    {
      "time": "2022-01-17 01:51:00+00:00",
      "CP": 12.431635515808319,
      "SCE": 2.7309348962533436e-05,
      "S_struct": 10.508281461556898,
      "admissible": false,
      "snowfall_cm": 0.3,
      "depth_est_cm": 33.768966190641166,
      "corridor_score": 0.0009222084818042129,
      "segment_id": 0
    },
    {
      "time": "2022-01-17 02:14:00+00:00",
      "CP": 12.431635515808319,
      "SCE": 8.081322430756708e-05,
      "S_struct": 9.423369938656375,
      "admissible": false,
      "snowfall_cm": 0.2,
      "depth_est_cm": 33.768966190641166,
      "corridor_score": 0.0027289790393989336,
      "segment_id": 0
    },
    {
      "time": "2022-01-17 02:21:00+00:00",
      "CP": 12.431635515808319,
      "SCE": 8.081322430756708e-05,
      "S_struct": 9.423369938656375,
      "admissible": false,
      "snowfall_cm": 0.2,
      "depth_est_cm": 33.768966190641166,
      "corridor_score": 0.0027289790393989336,
      "segment_id": 0
    },
    {
      "time": "2022-01-17 02:31:00+00:00",
      "CP": 12.693293820186641,
      "SCE": 6.220791950859852e-05,
      "S_struct": 9.685028243034697,
      "admissible": false,
      "snowfall_cm": 0.2,
      "depth_est_cm": 34.01978074056406,
      "corridor_score": 0.002116299782009179,
      "segment_id": 0
    },
    {
      "time": "2022-01-17 02:42:00+00:00",
      "CP": 12.693293820186641,
      "SCE": 6.220791950859852e-05,
      "S_struct": 9.685028243034697,
      "admissible": false,
      "snowfall_cm": 0.2,
      "depth_est_cm": 34.01978074056406,
      "corridor_score": 0.002116299782009179,
      "segment_id": 0
    },
    {
      "time": "2022-01-17 02:45:00+00:00",
      "CP": 12.693293820186641,
      "SCE": 6.220791950859852e-05,
      "S_struct": 9.685028243034697,
      "admissible": false,
      "snowfall_cm": 0.2,
      "depth_est_cm": 34.01978074056406,
      "corridor_score": 0.002116299782009179,
      "segment_id": 0
    },
    {
      "time": "2022-01-17 06:00:00+00:00",
      "CP": 3.133738706031529,
      "SCE": 5.4287670548243745e-05,
      "S_struct": 9.821213418533436,
      "admissible": false,
      "snowfall_cm": 0.3,
      "depth_est_cm": 18.449369291259703,
      "corridor_score": 0.001001573281906792,
      "segment_id": 0
    },
    {
      "time": "2022-01-17 12:00:00+00:00",
      "CP": 0.5718188326164514,
      "SCE": 4.188644888601742e-06,
      "S_struct": 12.38313329194851,
      "admissible": false,
      "snowfall_cm": 0.3,
      "depth_est_cm": 5.879034732199735,
      "corridor_score": 2.462518878094053e-05,
      "segment_id": 0
    },
    {
      "time": "2022-01-22 12:00:00+00:00",
      "CP": 3.142360325194416,
      "SCE": 5.038764951473044e-06,
      "S_struct": 12.19834955522139,
      "admissible": false,
      "snowfall_cm": 0.3,
      "depth_est_cm": 18.476454779057676,
      "corridor_score": 9.309851276819243e-05,
      "segment_id": 0
    },
    {
      "time": "2022-01-23 04:51:00+00:00",
      "CP": 10.595956111547835,
      "SCE": 4.187061012416715e-06,
      "S_struct": 12.383511499164147,
      "admissible": false,
      "snowfall_cm": 0.3,
      "depth_est_cm": 31.858533541378577,
      "corridor_score": 0.00013339362370387646,
      "segment_id": 0
    },
    {
      "time": "2022-01-23 05:51:00+00:00",
      "CP": 12.482552270387885,
      "SCE": 1.6119026307869813e-06,
      "S_struct": 13.338095318441761,
      "admissible": false,
      "snowfall_cm": 0.3,
      "depth_est_cm": 33.81815352666313,
      "corridor_score": 5.451157063798633e-05,
      "segment_id": 0
    },
    {
      "time": "2022-01-23 06:00:00+00:00",
      "CP": 12.482552270387885,
      "SCE": 4.496052314214075e-06,
      "S_struct": 12.312310809716807,
      "admissible": false,
      "snowfall_cm": 0.5,
      "depth_est_cm": 33.81815352666313,
      "corridor_score": 0.00015204818742600067,
      "segment_id": 0
    },
    {
      "time": "2022-01-23 06:51:00+00:00",
      "CP": 12.482552270387885,
      "SCE": 3.005129966434912e-05,
      "S_struct": 10.41260464785678,
      "admissible": false,
      "snowfall_cm": 0.8,
      "depth_est_cm": 33.81815352666313,
      "corridor_score": 0.0010162794657247187,
      "segment_id": 0
    },
    {
      "time": "2022-01-23 06:54:00+00:00",
      "CP": 12.482552270387885,
      "SCE": 0.0002007479035687262,
      "S_struct": 8.513460648187069,
      "admissible": false,
      "snowfall_cm": 0.2,
      "depth_est_cm": 33.81815352666313,
      "corridor_score": 0.006788923423042948,
      "segment_id": 0
    },
    {
      "time": "2022-01-23 07:18:00+00:00",
      "CP": 11.412619218640351,
      "SCE": 0.0007945955940350244,
      "S_struct": 7.137677259483336,
      "admissible": false,
      "snowfall_cm": 0.7000000000000001,
      "depth_est_cm": 32.74327724264303,
      "corridor_score": 0.026017663831271437,
      "segment_id": 0
    },
    {
      "time": "2022-01-23 07:51:00+00:00",
      "CP": 8.308114885381702,
      "SCE": 3.765466354484373e-05,
      "S_struct": 10.187053745656197,
      "admissible": false,
      "snowfall_cm": 1.7999999999999998,
      "depth_est_cm": 29.001525644174098,
      "corridor_score": 0.001092042690418533,
      "segment_id": 0
    },
    {
      "time": "2022-01-23 08:51:00+00:00",
      "CP": 4.748553639228823,
      "SCE": 1.0713243207881334e-06,
      "S_struct": 13.746614991809075,
      "admissible": false,
      "snowfall_cm": 1.5,
      "depth_est_cm": 22.73632766812981,
      "corridor_score": 2.4357980796275614e-05,
      "segment_id": 0
    },
    {
      "time": "2022-01-23 09:51:00+00:00",
      "CP": 4.748553639228823,
      "SCE": 2.04600509372702e-06,
      "S_struct": 13.09962140083529,
      "admissible": false,
      "snowfall_cm": 1.0,
      "depth_est_cm": 22.73632766812981,
      "corridor_score": 4.651864222164017e-05,
      "segment_id": 0
    },
    {
      "time": "2022-01-23 10:13:00+00:00",
      "CP": 3.114681298142772,
      "SCE": 3.9932359172259243e-07,
      "S_struct": 14.733493741921341,
      "admissible": false,
      "snowfall_cm": 0.2,
      "depth_est_cm": 18.389297970143463,
      "corridor_score": 7.343280514694666e-06,
      "segment_id": 0
    },
    {
      "time": "2022-01-23 10:51:00+00:00",
      "CP": 2.6354995599669615,
      "SCE": 2.4729707750547203e-07,
      "S_struct": 15.21267548009715,
      "admissible": false,
      "snowfall_cm": 0.5,
      "depth_est_cm": 16.779704916911754,
      "corridor_score": 4.1495719873564765e-06,
      "segment_id": 0
    },
    {
      "time": "2022-01-23 11:27:00+00:00",
      "CP": 1.9167269527032451,
      "SCE": 1.205202452974309e-07,
      "S_struct": 15.931448087360868,
      "admissible": false,
      "snowfall_cm": 0.2,
      "depth_est_cm": 13.916007052818749,
      "corridor_score": 1.677160583566494e-06,
      "segment_id": 0
    },
    {
      "time": "2022-01-23 11:51:00+00:00",
      "CP": 1.7288363070015034,
      "SCE": 9.987576902022234e-08,
      "S_struct": 16.11933873306261,
      "admissible": false,
      "snowfall_cm": 0.3,
      "depth_est_cm": 13.050378342951813,
      "corridor_score": 1.3034165730071671e-06,
      "segment_id": 0
    },
    {
      "time": "2022-01-23 12:00:00+00:00",
      "CP": 1.5659627694363385,
      "SCE": 8.486430476374472e-08,
      "S_struct": 16.282212270627774,
      "admissible": false,
      "snowfall_cm": 6.0,
      "depth_est_cm": 12.25033883976699,
      "corridor_score": 1.0396164887571247e-06,
      "segment_id": 0
    },
    {
      "time": "2022-01-23 16:51:00+00:00",
      "CP": 2.3827492456402557,
      "SCE": 1.2966807643056742e-06,
      "S_struct": 13.555702816845958,
      "admissible": false,
      "snowfall_cm": 0.3,
      "depth_est_cm": 15.842953947075735,
      "corridor_score": 2.054325363295376e-05,
      "segment_id": 0
    },
    {
      "time": "2022-01-23 18:00:00+00:00",
      "CP": 3.1390542733270266,
      "SCE": 6.086588879118662e-07,
      "S_struct": 14.31200784453273,
      "admissible": false,
      "snowfall_cm": 0.3,
      "depth_est_cm": 18.466075229513827,
      "corridor_score": 1.1239540813292744e-05,
      "segment_id": 0
    },
    {
      "time": "2022-01-24 10:49:00+00:00",
      "CP": 8.152503142743788,
      "SCE": 1.376798081661395e-05,
      "S_struct": 11.193164892387358,
      "admissible": false,
      "snowfall_cm": 0.2,
      "depth_est_cm": 28.78235632203936,
      "corridor_score": 0.00039627492969878514,
      "segment_id": 0
    },
    {
      "time": "2022-01-24 10:51:00+00:00",
      "CP": 8.507202994789383,
      "SCE": 2.6242524175848035e-05,
      "S_struct": 10.548129402788982,
      "admissible": false,
      "snowfall_cm": 0.3,
      "depth_est_cm": 29.27664637674856,
      "corridor_score": 0.0007682931003295778,
      "segment_id": 0
    },
    {
      "time": "2022-01-24 11:11:00+00:00",
      "CP": 7.372834414979143,
      "SCE": 1.7045974406313683e-05,
      "S_struct": 10.979596487313513,
      "admissible": false,
      "snowfall_cm": 0.2,
      "depth_est_cm": 27.624902070458273,
      "corridor_score": 0.0004708933736699536,
      "segment_id": 0
    },
    {
      "time": "2022-01-24 11:51:00+00:00",
      "CP": 5.054741214347063,
      "SCE": 1.6783662835632467e-06,
      "S_struct": 13.297689687945592,
      "admissible": false,
      "snowfall_cm": 1.0,
      "depth_est_cm": 23.410941280028222,
      "corridor_score": 3.929213451087836e-05,
      "segment_id": 0
    },
    {
      "time": "2022-01-24 12:00:00+00:00",
      "CP": 4.556222853599214,
      "SCE": 2.478925401950043e-06,
      "S_struct": 12.907685397356715,
      "admissible": false,
      "snowfall_cm": 1.0,
      "depth_est_cm": 22.293940948847343,
      "corridor_score": 5.5265016527671925e-05,
      "segment_id": 0
    },
    {
      "time": "2022-01-24 12:02:00+00:00",
      "CP": 4.801832812165904,
      "SCE": 1.1236629821506038e-05,
      "S_struct": 11.396331596403416,
      "admissible": false,
      "snowfall_cm": 0.5,
      "depth_est_cm": 22.856260306513352,
      "corridor_score": 0.0002568273361682727,
      "segment_id": 0
    },
    {
      "time": "2022-01-24 12:21:00+00:00",
      "CP": 4.801832812165904,
      "SCE": 5.5532713137326355e-05,
      "S_struct": 9.798538284957328,
      "admissible": false,
      "snowfall_cm": 0.7000000000000001,
      "depth_est_cm": 22.856260306513352,
      "corridor_score": 0.001269270146993665,
      "segment_id": 0
    },
    {
      "time": "2022-01-24 12:51:00+00:00",
      "CP": 5.448438010915645,
      "SCE": 2.9089202995828624e-05,
      "S_struct": 10.445143483707067,
      "admissible": false,
      "snowfall_cm": 1.3,
      "depth_est_cm": 24.22989312418717,
      "corridor_score": 0.0007048282796567128,
      "segment_id": 0
    },
    {
      "time": "2022-01-24 13:17:00+00:00",
      "CP": 5.934873726752703,
      "SCE": 3.714109027868576e-05,
      "S_struct": 10.20078664655552,
      "admissible": false,
      "snowfall_cm": 0.2,
      "depth_est_cm": 25.17531699137499,
      "corridor_score": 0.0009350387211711902,
      "segment_id": 0
    },
    {
      "time": "2022-01-24 13:27:00+00:00",
      "CP": 5.953666380712538,
      "SCE": 8.760887635262047e-05,
      "S_struct": 9.342628236929025,
      "admissible": false,
      "snowfall_cm": 0.2,
      "depth_est_cm": 25.210497744526318,
      "corridor_score": 0.0022086633796882236,
      "segment_id": 0
    },
    {
      "time": "2022-01-24 13:46:00+00:00",
      "CP": 5.98823142077827,
      "SCE": 0.0001186471642863599,
      "S_struct": 9.039356475188082,
      "admissible": false,
      "snowfall_cm": 0.5,
      "depth_est_cm": 25.274957611883707,
      "corridor_score": 0.0029988020481079487,
      "segment_id": 0
    },
    {
      "time": "2022-01-24 13:51:00+00:00",
      "CP": 4.233060142274293,
      "SCE": 2.2012536987961233e-05,
      "S_struct": 10.723898403827121,
      "admissible": false,
      "snowfall_cm": 0.5,
      "depth_est_cm": 21.514950862734974,
      "corridor_score": 0.00047359865166012206,
      "segment_id": 0
    },
    {
      "time": "2022-01-24 14:20:00+00:00",
      "CP": 4.5427962502455825,
      "SCE": 1.6149289359065203e-05,
      "S_struct": 11.033634511798411,
      "admissible": false,
      "snowfall_cm": 0.2,
      "depth_est_cm": 22.262488452530746,
      "corridor_score": 0.00035952336787276675,
      "segment_id": 0
    },
    {
      "time": "2022-01-24 14:41:00+00:00",
      "CP": 5.045909544353964,
      "SCE": 9.764591711707911e-06,
      "S_struct": 11.536747805906792,
      "admissible": false,
      "snowfall_cm": 0.2,
      "depth_est_cm": 23.391965155093157,
      "corridor_score": 0.0002284129890739829,
      "segment_id": 0
    },
    {
      "time": "2022-01-24 14:48:00+00:00",
      "CP": 5.275269069097326,
      "SCE": 1.1068498264186177e-05,
      "S_struct": 11.41140747860456,
      "admissible": false,
      "snowfall_cm": 0.2,
      "depth_est_cm": 23.876012727267597,
      "corridor_score": 0.00026427160542744847,
      "segment_id": 0
    },
    {
      "time": "2022-01-24 14:51:00+00:00",
      "CP": 5.275269069097326,
      "SCE": 1.1068498264186177e-05,
      "S_struct": 11.41140747860456,
      "admissible": false,
      "snowfall_cm": 0.5,
      "depth_est_cm": 23.876012727267597,
      "corridor_score": 0.00026427160542744847,
      "segment_id": 0
    },
    {
      "time": "2022-01-24 15:14:00+00:00",
      "CP": 3.8129348578141777,
      "SCE": 4.277785045035327e-06,
      "S_struct": 12.36207519516877,
      "admissible": false,
      "snowfall_cm": 0.2,
      "depth_est_cm": 20.426991722760498,
      "corridor_score": 8.738227970668527e-05,
      "segment_id": 0
    },
    {
      "time": "2022-01-24 15:26:00+00:00",
      "CP": 3.785956489106542,
      "SCE": 5.0554201341623325e-06,
      "S_struct": 12.195049596351566,
      "admissible": false,
      "snowfall_cm": 0.2,
      "depth_est_cm": 20.35391667606876,
      "corridor_score": 0.00010289760017326047,
      "segment_id": 0
    },
    {
      "time": "2022-01-24 18:00:00+00:00",
      "CP": 2.5798479484767483,
      "SCE": 0.00013952375114903648,
      "S_struct": 8.877275712062417,
      "admissible": false,
      "snowfall_cm": 3.0,
      "depth_est_cm": 16.579164251235284,
      "corridor_score": 0.0023131871872483535,
      "segment_id": 0
    },
    {
      "time": "2022-01-25 12:00:00+00:00",
      "CP": 5.544326669261217,
      "SCE": 1.825150115100831e-05,
      "S_struct": 10.911263226468748,
      "admissible": false,
      "snowfall_cm": 2.5,
      "depth_est_cm": 24.42178072036852,
      "corridor_score": 0.00044573415892747864,
      "segment_id": 0
    },
    {
      "time": "2022-01-28 07:42:00+00:00",
      "CP": 4.252512365083379,
      "SCE": 7.688396042934718e-06,
      "S_struct": 11.775798373193512,
      "admissible": false,
      "snowfall_cm": 0.2,
      "depth_est_cm": 21.563184602273715,
      "corridor_score": 0.00016578630316919205,
      "segment_id": 0
    },
    {
      "time": "2022-01-28 07:51:00+00:00",
      "CP": 4.762813848893384,
      "SCE": 4.615456136862729e-06,
      "S_struct": 12.286099857003519,
      "admissible": false,
      "snowfall_cm": 0.3,
      "depth_est_cm": 22.768536321126206,
      "corridor_score": 0.00010508718069072388,
      "segment_id": 0
    },
    {
      "time": "2022-01-28 11:51:00+00:00",
      "CP": 5.014895648036357,
      "SCE": 0.00014005585570406155,
      "S_struct": 8.873469245607339,
      "admissible": false,
      "snowfall_cm": 0.3,
      "depth_est_cm": 23.32510700849899,
      "corridor_score": 0.0032668178214641293,
      "segment_id": 0
    },
    {
      "time": "2022-01-28 11:55:00+00:00",
      "CP": 5.014895648036357,
      "SCE": 0.0003560473196429723,
      "S_struct": 7.940446915599942,
      "admissible": false,
      "snowfall_cm": 0.2,
      "depth_est_cm": 23.32510700849899,
      "corridor_score": 0.008304841830761573,
      "segment_id": 0
    },
    {
      "time": "2022-01-28 12:00:00+00:00",
      "CP": 5.014895648036357,
      "SCE": 0.0003560473196429723,
      "S_struct": 7.940446915599942,
      "admissible": false,
      "snowfall_cm": 0.3,
      "depth_est_cm": 23.32510700849899,
      "corridor_score": 0.008304841830761573,
      "segment_id": 0
    },
    {
      "time": "2022-01-28 12:09:00+00:00",
      "CP": 4.5658005153763845,
      "SCE": 0.0003779983311328892,
      "S_struct": 7.880620777346789,
      "admissible": false,
      "snowfall_cm": 0.2,
      "depth_est_cm": 22.316330693905424,
      "corridor_score": 0.008435535759305923,
      "segment_id": 0
    },
    {
      "time": "2022-01-28 13:24:00+00:00",
      "CP": 3.359620533101248,
      "SCE": 0.0003025147625257717,
      "S_struct": 8.103380479946056,
      "admissible": false,
      "snowfall_cm": 0.2,
      "depth_est_cm": 19.141005258451923,
      "corridor_score": 0.00579043666026513,
      "segment_id": 0
    },
    {
      "time": "2022-01-28 13:51:00+00:00",
      "CP": 3.359620533101248,
      "SCE": 0.0005209146561855742,
      "S_struct": 7.5599243373340865,
      "admissible": false,
      "snowfall_cm": 0.3,
      "depth_est_cm": 19.141005258451923,
      "corridor_score": 0.009970830173252752,
      "segment_id": 0
    },
    {
      "time": "2022-01-28 14:40:00+00:00",
      "CP": 3.359620533101248,
      "SCE": 0.0007689069761345082,
      "S_struct": 7.1705405630911,
      "admissible": false,
      "snowfall_cm": 0.2,
      "depth_est_cm": 19.141005258451923,
      "corridor_score": 0.014717652473450988,
      "segment_id": 0
    },
    {
      "time": "2022-01-28 14:51:00+00:00",
      "CP": 3.0291660544355516,
      "SCE": 0.0007589015164555491,
      "S_struct": 7.183638543327982,
      "admissible": false,
      "snowfall_cm": 0.3,
      "depth_est_cm": 18.11627246209924,
      "corridor_score": 0.013748466644009017,
      "segment_id": 0
    },
    {
      "time": "2022-01-28 15:29:00+00:00",
      "CP": 2.7537873222141376,
      "SCE": 0.001377784328004839,
      "S_struct": 6.587278629521606,
      "admissible": false,
      "snowfall_cm": 0.2,
      "depth_est_cm": 17.195948677878935,
      "corridor_score": 0.023692308593557126,
      "segment_id": 0
    },
    {
      "time": "2022-01-28 15:36:00+00:00",
      "CP": 2.7537873222141376,
      "SCE": 0.003265964055172597,
      "S_struct": 5.724200290259095,
      "admissible": false,
      "snowfall_cm": 0.2,
      "depth_est_cm": 17.195948677878935,
      "corridor_score": 0.05616135027654535,
      "segment_id": 0
    },
    {
      "time": "2022-01-28 15:49:00+00:00",
      "CP": 2.3172929146555785,
      "SCE": 0.002110786403568559,
      "S_struct": 6.160694697817654,
      "admissible": false,
      "snowfall_cm": 0.5,
      "depth_est_cm": 15.588937821178067,
      "corridor_score": 0.032904917999018346,
      "segment_id": 0
    },
    {
      "time": "2022-01-28 15:51:00+00:00",
      "CP": 2.0012984262934546,
      "SCE": 0.0025634847840595673,
      "S_struct": 5.966387702369772,
      "admissible": false,
      "snowfall_cm": 0.5,
      "depth_est_cm": 14.28758504937267,
      "corridor_score": 0.0366260068750238,
      "segment_id": 0
    },
    {
      "time": "2022-01-28 17:07:00+00:00",
      "CP": 0.6680617093949621,
      "SCE": 0.003365699923006024,
      "S_struct": 5.694119336621312,
      "admissible": false,
      "snowfall_cm": 0.2,
      "depth_est_cm": 6.651609890800725,
      "corridor_score": 0.022387322897334107,
      "segment_id": 0
    },
    {
      "time": "2022-01-28 17:25:00+00:00",
      "CP": 0.6680617093949621,
      "SCE": 0.005273694048785734,
      "S_struct": 5.24502420396134,
      "admissible": false,
      "snowfall_cm": 0.2,
      "depth_est_cm": 6.651609890800725,
      "corridor_score": 0.03507855549596011,
      "segment_id": 0
    },
    {
      "time": "2022-01-28 17:38:00+00:00",
      "CP": 0.42513017870588504,
      "SCE": 0.0041362912141231015,
      "S_struct": 5.487955734650417,
      "admissible": false,
      "snowfall_cm": 0.2,
      "depth_est_cm": 4.6054211193373895,
      "corridor_score": 0.019049362913252224,
      "segment_id": 0
    },
    {
      "time": "2022-01-28 17:48:00+00:00",
      "CP": 0.42513017870588504,
      "SCE": 0.009422878553864185,
      "S_struct": 4.664614658107134,
      "admissible": false,
      "snowfall_cm": 0.5,
      "depth_est_cm": 4.6054211193373895,
      "corridor_score": 0.04339632389691748,
      "segment_id": 0
    },
    {
      "time": "2022-01-28 17:51:00+00:00",
      "CP": 0.6369245396143841,
      "SCE": 0.0076243438014692985,
      "S_struct": 4.876409019015633,
      "admissible": false,
      "snowfall_cm": 0.5,
      "depth_est_cm": 6.4066496074480455,
      "corridor_score": 0.04884649922273222,
      "segment_id": 0
    },
    {
      "time": "2022-01-28 18:00:00+00:00",
      "CP": 0.6369245396143841,
      "SCE": 0.0076243438014692985,
      "S_struct": 4.876409019015633,
      "admissible": false,
      "snowfall_cm": 2.0,
      "depth_est_cm": 6.4066496074480455,
      "corridor_score": 0.04884649922273222,
      "segment_id": 0
    },
    {
      "time": "2022-01-29 12:00:00+00:00",
      "CP": 5.8366045297204465,
      "SCE": 9.693599506382677e-05,
      "S_struct": 9.241459641957036,
      "admissible": false,
      "snowfall_cm": 1.7999999999999998,
      "depth_est_cm": 24.9897855297582,
      "corridor_score": 0.0024224097267587304,
      "segment_id": 0
    },
    {
      "time": "2022-02-02 05:32:00+00:00",
      "CP": 7.459329703208307,
      "SCE": 7.76612714684757e-07,
      "S_struct": 14.068324047538782,
      "admissible": false,
      "snowfall_cm": 0.2,
      "depth_est_cm": 27.758509209338857,
      "corridor_score": 2.1557611192666475e-05,
      "segment_id": 0
    },
    {
      "time": "2022-02-02 08:09:00+00:00",
      "CP": 3.3827384361653863,
      "SCE": 0.00032640634053913075,
      "S_struct": 8.027367509391642,
      "admissible": false,
      "snowfall_cm": 0.2,
      "depth_est_cm": 19.2097586558808,
      "corridor_score": 0.006270187025505944,
      "segment_id": 0
    },
    {
      "time": "2022-02-02 08:19:00+00:00",
      "CP": 2.6034290614543925,
      "SCE": 0.00014973000025633935,
      "S_struct": 8.806676884102636,
      "admissible": false,
      "snowfall_cm": 0.2,
      "depth_est_cm": 16.6645168192907,
      "corridor_score": 0.002495178107624168,
      "segment_id": 0
    },
    {
      "time": "2022-02-02 08:47:00+00:00",
      "CP": 2.3075848499254845,
      "SCE": 0.00011138464287975583,
      "S_struct": 9.102521095631543,
      "admissible": false,
      "snowfall_cm": 0.2,
      "depth_est_cm": 15.550837516142161,
      "corridor_score": 0.001732124483216604,
      "segment_id": 0
    },
    {
      "time": "2022-02-02 08:51:00+00:00",
      "CP": 2.3075848499254845,
      "SCE": 0.00011138464287975583,
      "S_struct": 9.102521095631543,
      "admissible": false,
      "snowfall_cm": 0.3,
      "depth_est_cm": 15.550837516142161,
      "corridor_score": 0.001732124483216604,
      "segment_id": 0
    },
    {
      "time": "2022-02-02 09:19:00+00:00",
      "CP": 3.330676753863825,
      "SCE": 0.00012156125853637922,
      "S_struct": 9.015092236757864,
      "admissible": false,
      "snowfall_cm": 0.2,
      "depth_est_cm": 19.05440971195596,
      "corridor_score": 0.0023162780252531734,
      "segment_id": 0
    },
    {
      "time": "2022-02-02 09:42:00+00:00",
      "CP": 3.330676753863825,
      "SCE": 0.00031064372476148947,
      "S_struct": 8.076863882007903,
      "admissible": false,
      "snowfall_cm": 0.5,
      "depth_est_cm": 19.05440971195596,
      "corridor_score": 0.005919132806053499,
      "segment_id": 0
    },
    {
      "time": "2022-02-02 09:51:00+00:00",
      "CP": 3.4183261421233992,
      "SCE": 0.00029492885779270814,
      "S_struct": 8.128776390732927,
      "admissible": false,
      "snowfall_cm": 0.5,
      "depth_est_cm": 19.314892005334407,
      "corridor_score": 0.005696519037522787,
      "segment_id": 0
    },
    {
      "time": "2022-02-02 10:47:00+00:00",
      "CP": 4.254343386993642,
      "SCE": 0.00022690048173866175,
      "S_struct": 8.390999043048684,
      "admissible": false,
      "snowfall_cm": 0.2,
      "depth_est_cm": 21.56771560291483,
      "corridor_score": 0.004893725060303827,
      "segment_id": 0
    },
    {
      "time": "2022-02-02 10:51:00+00:00",
      "CP": 4.254343386993642,
      "SCE": 0.001322829468434108,
      "S_struct": 6.627982299788392,
      "admissible": false,
      "snowfall_cm": 0.5,
      "depth_est_cm": 21.56771560291483,
      "corridor_score": 0.028530409766341844,
      "segment_id": 0
    },
    {
      "time": "2022-02-02 11:51:00+00:00",
      "CP": 4.62428629021048,
      "SCE": 0.0009479815617331544,
      "S_struct": 6.96117550554697,
      "admissible": false,
      "snowfall_cm": 0.8,
      "depth_est_cm": 22.452222757899428,
      "corridor_score": 0.02128429319441417,
      "segment_id": 0
    },
    {
      "time": "2022-02-02 12:00:00+00:00",
      "CP": 4.069371935385223,
      "SCE": 0.0005442565296662389,
      "S_struct": 7.516089860372228,
      "admissible": false,
      "snowfall_cm": 2.0,
      "depth_est_cm": 21.10182010699435,
      "corridor_score": 0.011484803381074007,
      "segment_id": 0
    },
    {
      "time": "2022-02-02 12:05:00+00:00",
      "CP": 4.069371935385223,
      "SCE": 0.0005686757303654338,
      "S_struct": 7.472200180198807,
      "admissible": false,
      "snowfall_cm": 0.2,
      "depth_est_cm": 21.10182010699435,
      "corridor_score": 0.012000092961385007,
      "segment_id": 0
    },
    {
      "time": "2022-02-02 12:23:00+00:00",
      "CP": 4.62428629021048,
      "SCE": 0.00045206344236617646,
      "S_struct": 7.701688028764272,
      "admissible": false,
      "snowfall_cm": 0.5,
      "depth_est_cm": 22.452222757899428,
      "corridor_score": 0.010149829108708224,
      "segment_id": 0
    },
    {
      "time": "2022-02-02 12:51:00+00:00",
      "CP": 4.62428629021048,
      "SCE": 0.000962536619328503,
      "S_struct": 6.94593844647048,
      "admissible": false,
      "snowfall_cm": 1.0,
      "depth_est_cm": 22.452222757899428,
      "corridor_score": 0.021611086589798992,
      "segment_id": 0
    },
    {
      "time": "2022-02-02 13:10:00+00:00",
      "CP": 5.086714919231529,
      "SCE": 0.001382429271521214,
      "S_struct": 6.583912985716483,
      "admissible": false,
      "snowfall_cm": 0.2,
      "depth_est_cm": 23.479410682674416,
      "corridor_score": 0.032458624605797,
      "segment_id": 0
    },
    {
      "time": "2022-02-02 13:51:00+00:00",
      "CP": 5.734114999860996,
      "SCE": 0.0010501502329887439,
      "S_struct": 6.858822046010635,
      "admissible": false,
      "snowfall_cm": 1.0,
      "depth_est_cm": 24.793423175163493,
      "corridor_score": 0.026036819123986466,
      "segment_id": 0
    },
    {
      "time": "2022-02-02 14:51:00+00:00",
      "CP": 3.570255420168022,
      "SCE": 0.00013214360815035463,
      "S_struct": 8.931621286223331,
      "admissible": false,
      "snowfall_cm": 0.8,
      "depth_est_cm": 19.754398221634265,
      "corridor_score": 0.002610417457845701,
      "segment_id": 0
    },
    {
      "time": "2022-02-02 15:48:00+00:00",
      "CP": 2.9693790919835727,
      "SCE": 0.00019324589160166916,
      "S_struct": 8.5515471302225,
      "admissible": false,
      "snowfall_cm": 0.2,
      "depth_est_cm": 17.921925872021667,
      "corridor_score": 0.003463338544357849,
      "segment_id": 0
    },
    {
      "time": "2022-02-02 15:51:00+00:00",
      "CP": 2.9693790919835727,
      "SCE": 0.0004212695130831124,
      "S_struct": 7.772237755511506,
      "admissible": false,
      "snowfall_cm": 0.3,
      "depth_est_cm": 17.921925872021667,
      "corridor_score": 0.007549960985618202,
      "segment_id": 0
    },
    {
      "time": "2022-02-02 16:15:00+00:00",
      "CP": 2.0424993335200208,
      "SCE": 0.0002241324687746852,
      "S_struct": 8.403273302446149,
      "admissible": false,
      "snowfall_cm": 0.2,
      "depth_est_cm": 14.464831248696806,
      "corridor_score": 0.0032420383381796276,
      "segment_id": 0
    },
    {
      "time": "2022-02-02 16:26:00+00:00",
      "CP": 1.5080411327695817,
      "SCE": 0.0001313386437908004,
      "S_struct": 8.937731503196588,
      "admissible": false,
      "snowfall_cm": 0.2,
      "depth_est_cm": 11.953526302406202,
      "corridor_score": 0.0015699599330756915,
      "segment_id": 0
    },
    {
      "time": "2022-02-02 16:51:00+00:00",
      "CP": 1.5370419237843818,
      "SCE": 0.00035491210514940164,
      "S_struct": 7.943640390273048,
      "admissible": false,
      "snowfall_cm": 0.5,
      "depth_est_cm": 12.102984470527371,
      "corridor_score": 0.004295495697025385,
      "segment_id": 0
    },
    {
      "time": "2022-02-02 17:51:00+00:00",
      "CP": 1.4500395507399828,
      "SCE": 0.00038767469428572674,
      "S_struct": 7.855343986798298,
      "admissible": false,
      "snowfall_cm": 1.3,
      "depth_est_cm": 11.649354178611668,
      "corridor_score": 0.004516159819819432,
      "segment_id": 0
    },
    {
      "time": "2022-02-02 18:00:00+00:00",
      "CP": 1.4500395507399828,
      "SCE": 0.00042318776075962153,
      "S_struct": 7.767694598538723,
      "admissible": false,
      "snowfall_cm": 5.0,
      "depth_est_cm": 11.649354178611668,
      "corridor_score": 0.004929864109142412,
      "segment_id": 0
    },
    {
      "time": "2022-02-02 18:11:00+00:00",
      "CP": 1.4500395507399828,
      "SCE": 0.00042318776075962153,
      "S_struct": 7.767694598538723,
      "admissible": false,
      "snowfall_cm": 0.2,
      "depth_est_cm": 11.649354178611668,
      "corridor_score": 0.004929864109142412,
      "segment_id": 0
    },
    {
      "time": "2022-02-02 18:47:00+00:00",
      "CP": 2.7140466898146953,
      "SCE": 0.0001195588621451353,
      "S_struct": 9.031701737613435,
      "admissible": false,
      "snowfall_cm": 0.2,
      "depth_est_cm": 17.057586443992182,
      "corridor_score": 0.0020393856261859897,
      "segment_id": 0
    },
    {
      "time": "2022-02-02 18:51:00+00:00",
      "CP": 2.7140466898146953,
      "SCE": 0.0001195588621451353,
      "S_struct": 9.031701737613435,
      "admissible": false,
      "snowfall_cm": 0.3,
      "depth_est_cm": 17.057586443992182,
      "corridor_score": 0.0020393856261859897,
      "segment_id": 0
    },
    {
      "time": "2022-02-02 19:51:00+00:00",
      "CP": 2.3883610870369316,
      "SCE": 8.632534308187194e-05,
      "S_struct": 9.357387340391199,
      "admissible": false,
      "snowfall_cm": 0.5,
      "depth_est_cm": 15.864502541405573,
      "corridor_score": 0.0013695086247100653,
      "segment_id": 0
    },
    {
      "time": "2022-02-03 00:00:00+00:00",
      "CP": 1.1153941836602954,
      "SCE": 0.0038391648856093918,
      "S_struct": 5.562500413740095,
      "admissible": false,
      "snowfall_cm": 0.8,
      "depth_est_cm": 9.74013521501314,
      "corridor_score": 0.03739398509856593,
      "segment_id": 0
    },
    {
      "time": "2022-02-03 12:00:00+00:00",
      "CP": 1.1101557354997011,
      "SCE": 0.07398315159794445,
      "S_struct": 2.6039178928101046,
      "admissible": false,
      "snowfall_cm": 5.800000000000001,
      "depth_est_cm": 9.707902789753664,
      "corridor_score": 0.7182212437924532,
      "segment_id": 0
    },
    {
      "time": "2022-02-04 23:33:00+00:00",
      "CP": 9.7623885133228,
      "SCE": 0.00010929828996343865,
      "S_struct": 9.1214298082524,
      "admissible": false,
      "snowfall_cm": 0.2,
      "depth_est_cm": 30.888747641591188,
      "corridor_score": 0.0033760872963381153,
      "segment_id": 0
    },
    {
      "time": "2022-02-04 23:51:00+00:00",
      "CP": 9.7623885133228,
      "SCE": 0.000138406666864894,
      "S_struct": 8.885314344951771,
      "admissible": false,
      "snowfall_cm": 0.3,
      "depth_est_cm": 30.888747641591188,
      "corridor_score": 0.004275208604703491,
      "segment_id": 0
    },
    {
      "time": "2022-02-05 00:00:00+00:00",
      "CP": 9.7623885133228,
      "SCE": 0.0001685039344036473,
      "S_struct": 8.688551458867913,
      "admissible": false,
      "snowfall_cm": 0.3,
      "depth_est_cm": 30.888747641591188,
      "corridor_score": 0.005204875506409497,
      "segment_id": 0
    },
    {
      "time": "2022-02-05 12:00:00+00:00",
      "CP": 3.575823685520333,
      "SCE": 5.313777894702991e-07,
      "S_struct": 14.447792600748798,
      "admissible": false,
      "snowfall_cm": 0.3,
      "depth_est_cm": 19.77022739994929,
      "corridor_score": 1.0505459733110193e-05,
      "segment_id": 0
    },
    {
      "time": "2022-02-10 08:03:00+00:00",
      "CP": 1.6470885415398513,
      "SCE": 0.06695051618183508,
      "S_struct": 2.703801496914482,
      "admissible": false,
      "snowfall_cm": 0.2,
      "depth_est_cm": 12.654984841915356,
      "corridor_score": 0.8472577674395316,
      "segment_id": 0
    },
    {
      "time": "2022-02-10 12:00:00+00:00",
      "CP": 2.8182303853754997,
      "SCE": 0.006960770137455763,
      "S_struct": 4.967465158823983,
      "admissible": false,
      "snowfall_cm": 0.3,
      "depth_est_cm": 17.417231849984162,
      "corridor_score": 0.12123734733851314,
      "segment_id": 0
    },
    {
      "time": "2022-02-17 12:00:00+00:00",
      "CP": 4.983573060274016,
      "SCE": 4.169874970687519e-08,
      "S_struct": 16.992794691639713,
      "admissible": false,
      "snowfall_cm": 4.0,
      "depth_est_cm": 23.257232586217814,
      "corridor_score": 9.697975204872783e-07,
      "segment_id": 0
    },
    {
      "time": "2022-02-17 19:51:00+00:00",
      "CP": 4.601067378420415,
      "SCE": 1.8611016321798623e-07,
      "S_struct": 15.496927063193523,
      "admissible": false,
      "snowfall_cm": 0.3,
      "depth_est_cm": 22.398443377283535,
      "corridor_score": 4.168577952775061e-06,
      "segment_id": 0
    },
    {
      "time": "2022-02-17 20:30:00+00:00",
      "CP": 4.297165014486782,
      "SCE": 1.3733681465905404e-07,
      "S_struct": 15.800829427127155,
      "admissible": false,
      "snowfall_cm": 0.2,
      "depth_est_cm": 21.67323306875281,
      "corridor_score": 2.976532793025786e-06,
      "segment_id": 0
    },
    {
      "time": "2022-02-17 20:44:00+00:00",
      "CP": 4.297165014486782,
      "SCE": 1.3733681465905404e-07,
      "S_struct": 15.800829427127155,
      "admissible": false,
      "snowfall_cm": 0.2,
      "depth_est_cm": 21.67323306875281,
      "corridor_score": 2.976532793025786e-06,
      "segment_id": 0
    },
    {
      "time": "2022-02-17 20:51:00+00:00",
      "CP": 3.3750920288031714,
      "SCE": 7.566036894963884e-08,
      "S_struct": 16.39701134133736,
      "admissible": false,
      "snowfall_cm": 0.3,
      "depth_est_cm": 19.187058211663583,
      "corridor_score": 1.4516999033526643e-06,
      "segment_id": 0
    },
    {
      "time": "2022-02-17 21:29:00+00:00",
      "CP": 3.3750920288031714,
      "SCE": 3.2181506808103113e-06,
      "S_struct": 12.646703686124146,
      "admissible": false,
      "snowfall_cm": 0.2,
      "depth_est_cm": 19.187058211663583,
      "corridor_score": 6.174684444661223e-05,
      "segment_id": 0
    },
    {
      "time": "2022-02-17 21:38:00+00:00",
      "CP": 3.3750920288031714,
      "SCE": 1.2008263209705053e-05,
      "S_struct": 11.329915544344274,
      "admissible": false,
      "snowfall_cm": 0.2,
      "depth_est_cm": 19.187058211663583,
      "corridor_score": 0.00023040324522558903,
      "segment_id": 0
    },
    {
      "time": "2022-02-17 21:51:00+00:00",
      "CP": 3.037582825922854,
      "SCE": 3.74392615639748e-05,
      "S_struct": 10.192790629733821,
      "admissible": false,
      "snowfall_cm": 0.3,
      "depth_est_cm": 18.14340063248468,
      "corridor_score": 0.0006792755219395799,
      "segment_id": 0
    },
    {
      "time": "2022-02-17 22:31:00+00:00",
      "CP": 3.3750920288031714,
      "SCE": 2.87477567409864e-05,
      "S_struct": 10.456950820165606,
      "admissible": false,
      "snowfall_cm": 0.2,
      "depth_est_cm": 19.187058211663583,
      "corridor_score": 0.0005515848820440502,
      "segment_id": 0
    },
    {
      "time": "2022-02-17 22:51:00+00:00",
      "CP": 3.3750920288031714,
      "SCE": 3.80931077643644e-05,
      "S_struct": 10.175477190768852,
      "admissible": false,
      "snowfall_cm": 0.5,
      "depth_est_cm": 19.187058211663583,
      "corridor_score": 0.0007308946761380337,
      "segment_id": 0
    },
    {
      "time": "2022-02-17 23:19:00+00:00",
      "CP": 3.7801030722595517,
      "SCE": 2.5406938950392617e-05,
      "S_struct": 10.580488234225232,
      "admissible": false,
      "snowfall_cm": 0.2,
      "depth_est_cm": 20.338007423566264,
      "corridor_score": 0.0005167265129831799,
      "segment_id": 0
    },
    {
      "time": "2022-02-17 23:31:00+00:00",
      "CP": 3.3750920288031714,
      "SCE": 1.6945651975207046e-05,
      "S_struct": 10.985499277681614,
      "admissible": false,
      "snowfall_cm": 0.2,
      "depth_est_cm": 19.187058211663583,
      "corridor_score": 0.0003251372108828896,
      "segment_id": 0
    },
    {
      "time": "2022-02-17 23:51:00+00:00",
      "CP": 3.4576424945206585,
      "SCE": 0.0002889586102764989,
      "S_struct": 8.149227097144717,
      "admissible": false,
      "snowfall_cm": 0.3,
      "depth_est_cm": 19.43006048889402,
      "corridor_score": 0.005614483276459127,
      "segment_id": 0
    },
    {
      "time": "2022-02-18 00:00:00+00:00",
      "CP": 3.0254371827055757,
      "SCE": 0.0019986634633132353,
      "S_struct": 6.2152765901563924,
      "admissible": false,
      "snowfall_cm": 2.0,
      "depth_est_cm": 18.1042357833143,
      "corridor_score": 0.036184274591318365,
      "segment_id": 0
    },
    {
      "time": "2022-02-18 00:20:00+00:00",
      "CP": 2.665266089526341,
      "SCE": 0.002337326339923521,
      "S_struct": 6.058747592642146,
      "admissible": false,
      "snowfall_cm": 0.5,
      "depth_est_cm": 16.885712162478637,
      "corridor_score": 0.03946741980572827,
      "segment_id": 0
    },
    {
      "time": "2022-02-18 00:51:00+00:00",
      "CP": 2.665266089526341,
      "SCE": 0.006149742531782029,
      "S_struct": 5.091345062790953,
      "admissible": false,
      "snowfall_cm": 0.5,
      "depth_est_cm": 16.885712162478637,
      "corridor_score": 0.10384278226502397,
      "segment_id": 0
    },
    {
      "time": "2022-02-18 06:00:00+00:00",
      "CP": 2.97196440776913,
      "SCE": 0.000670318029181625,
      "S_struct": 7.3077582877792935,
      "admissible": false,
      "snowfall_cm": 0.5,
      "depth_est_cm": 17.930390209674517,
      "corridor_score": 0.012019063827806526,
      "segment_id": 0
    },
    {
      "time": "2022-02-18 12:00:00+00:00",
      "CP": 6.096267534365221,
      "SCE": 6.50400484090477e-05,
      "S_struct": 9.640507348428445,
      "admissible": false,
      "snowfall_cm": 2.0,
      "depth_est_cm": 25.474396303638375,
      "corridor_score": 0.0016568559687799057,
      "segment_id": 0
    },
    {
      "time": "2022-02-23 00:00:00+00:00",
      "CP": 1.0696105111009377,
      "SCE": 0.11076831930639384,
      "S_struct": 2.200314472391426,
      "admissible": true,
      "snowfall_cm": 7.0,
      "depth_est_cm": 9.455685598901583,
      "corridor_score": 1.0473904016800004,
      "segment_id": 0
    },
    {
      "time": "2022-02-24 21:34:00+00:00",
      "CP": 1.8264475860064417,
      "SCE": 0.05224226517699088,
      "S_struct": 2.951863433985589,
      "admissible": false,
      "snowfall_cm": 0.2,
      "depth_est_cm": 13.507268491359328,
      "corridor_score": 0.7056503023424077,
      "segment_id": 0
    },
    {
      "time": "2022-02-24 21:51:00+00:00",
      "CP": 2.26961734681546,
      "SCE": 0.03373923934968858,
      "S_struct": 3.389093746585292,
      "admissible": false,
      "snowfall_cm": 0.5,
      "depth_est_cm": 15.400748463611908,
      "corridor_score": 0.5196095385781508,
      "segment_id": 0
    },
    {
      "time": "2022-02-24 22:09:00+00:00",
      "CP": 1.7832707724978618,
      "SCE": 0.0243420420732186,
      "S_struct": 3.715550297110487,
      "admissible": false,
      "snowfall_cm": 0.2,
      "depth_est_cm": 13.307148048937187,
      "corridor_score": 0.32392315768177776,
      "segment_id": 0
    },
    {
      "time": "2022-02-24 22:40:00+00:00",
      "CP": 0.8916353862489309,
      "SCE": 0.010025416558708844,
      "S_struct": 4.602631754661857,
      "admissible": false,
      "snowfall_cm": 0.2,
      "depth_est_cm": 8.286742602566848,
      "corridor_score": 0.0830780465055317,
      "segment_id": 0
    },
    {
      "time": "2022-02-24 22:51:00+00:00",
      "CP": 0.8916353862489309,
      "SCE": 0.020306998285564516,
      "S_struct": 3.896789709213398,
      "admissible": false,
      "snowfall_cm": 0.3,
      "depth_est_cm": 8.286742602566848,
      "corridor_score": 0.16827886782323942,
      "segment_id": 0
    },
    {
      "time": "2022-02-25 00:00:00+00:00",
      "CP": 0.8916353862489309,
      "SCE": 0.028575031853894588,
      "S_struct": 3.555221954554917,
      "admissible": false,
      "snowfall_cm": 0.8,
      "depth_est_cm": 8.286742602566848,
      "corridor_score": 0.23679393383337302,
      "segment_id": 0
    },
    {
      "time": "2022-02-25 00:36:00+00:00",
      "CP": 0.8916353862489309,
      "SCE": 0.04849140447353641,
      "S_struct": 3.0263687240950867,
      "admissible": false,
      "snowfall_cm": 0.2,
      "depth_est_cm": 8.286742602566848,
      "corridor_score": 0.40183578730915487,
      "segment_id": 0
    },
    {
      "time": "2022-02-25 00:51:00+00:00",
      "CP": 0.8916353862489309,
      "SCE": 0.05663879648773893,
      "S_struct": 2.871061078273361,
      "admissible": false,
      "snowfall_cm": 0.5,
      "depth_est_cm": 8.286742602566848,
      "corridor_score": 0.46935112781305977,
      "segment_id": 0
    },
    {
      "time": "2022-02-25 01:04:00+00:00",
      "CP": 0.8916353862489309,
      "SCE": 0.07727028670366033,
      "S_struct": 2.5604457866299093,
      "admissible": false,
      "snowfall_cm": 0.2,
      "depth_est_cm": 8.286742602566848,
      "corridor_score": 0.6403189767397768,
      "segment_id": 0
    },
    {
      "time": "2022-02-25 01:12:00+00:00",
      "CP": 0.8916353862489309,
      "SCE": 0.07727028670366033,
      "S_struct": 2.5604457866299093,
      "admissible": false,
      "snowfall_cm": 0.2,
      "depth_est_cm": 8.286742602566848,
      "corridor_score": 0.6403189767397768,
      "segment_id": 0
    },
    {
      "time": "2022-02-25 01:51:00+00:00",
      "CP": 0.8916353862489309,
      "SCE": 0.07727028670366033,
      "S_struct": 2.5604457866299093,
      "admissible": false,
      "snowfall_cm": 0.3,
      "depth_est_cm": 8.286742602566848,
      "corridor_score": 0.6403189767397768,
      "segment_id": 0
    },
    {
      "time": "2022-02-25 02:51:00+00:00",
      "CP": 0.7435090765284179,
      "SCE": 0.06663188272769492,
      "S_struct": 2.7085720963504225,
      "admissible": false,
      "snowfall_cm": 0.3,
      "depth_est_cm": 7.226697309571666,
      "corridor_score": 0.48152844763992764,
      "segment_id": 0
    },
    {
      "time": "2022-02-25 03:51:00+00:00",
      "CP": 0.7435090765284179,
      "SCE": 0.0666318827276949,
      "S_struct": 2.708572096350423,
      "admissible": false,
      "snowfall_cm": 0.3,
      "depth_est_cm": 7.226697309571666,
      "corridor_score": 0.4815284476399274,
      "segment_id": 0
    },
    {
      "time": "2022-02-25 04:40:00+00:00",
      "CP": 0.7435090765284179,
      "SCE": 0.0666318827276949,
      "S_struct": 2.708572096350423,
      "admissible": false,
      "snowfall_cm": 0.2,
      "depth_est_cm": 7.226697309571666,
      "corridor_score": 0.4815284476399274,
      "segment_id": 0
    },
    {
      "time": "2022-02-25 04:51:00+00:00",
      "CP": 0.4702286392906074,
      "SCE": 0.05622948007944653,
      "S_struct": 2.8783141030404162,
      "admissible": false,
      "snowfall_cm": 0.3,
      "depth_est_cm": 5.010433033169413,
      "corridor_score": 0.2817340444280004,
      "segment_id": 0
    },
    {
      "time": "2022-02-25 05:43:00+00:00",
      "CP": 0.3366142088934574,
      "SCE": 0.04919670971470337,
      "S_struct": 3.0119285334375663,
      "admissible": false,
      "snowfall_cm": 0.2,
      "depth_est_cm": 3.771816186624066,
      "corridor_score": 0.1855609460305636,
      "segment_id": 0
    },
    {
      "time": "2022-02-25 05:51:00+00:00",
      "CP": 0.17410240603211433,
      "SCE": 0.05417182931836241,
      "S_struct": 2.9155942599293665,
      "admissible": false,
      "snowfall_cm": 0.5,
      "depth_est_cm": 2.086551296810221,
      "corridor_score": 0.11303230071481103,
      "segment_id": 0
    },
    {
      "time": "2022-02-25 06:00:00+00:00",
      "CP": 0.17014439243221344,
      "SCE": 0.12252098538751893,
      "S_struct": 2.0994729543832467,
      "admissible": true,
      "snowfall_cm": 2.0,
      "depth_est_cm": 2.042652995892784,
      "corridor_score": 0.2502678578615516,
      "segment_id": 0
    },
    {
      "time": "2022-02-25 06:09:00+00:00",
      "CP": 0.06545400485429731,
      "SCE": 0.1794575179900097,
      "S_struct": 1.7178167676435645,
      "admissible": false,
      "snowfall_cm": 0.2,
      "depth_est_cm": 0.8242130514937265,
      "corridor_score": 0.14791122851603622,
      "segment_id": 0
    },
    {
      "time": "2022-02-25 06:36:00+00:00",
      "CP": 0.06545400485429731,
      "SCE": 0.4377175754919446,
      "S_struct": 0.8261813813946336,
      "admissible": false,
      "snowfall_cm": 0.7000000000000001,
      "depth_est_cm": 0.8242130514937265,
      "corridor_score": 0.36077253858865127,
      "segment_id": 0
    },
    {
      "time": "2022-02-25 06:47:00+00:00",
      "CP": 0.25011640094100973,
      "SCE": 0.3639117894165753,
      "S_struct": 1.010843777481346,
      "admissible": true,
      "snowfall_cm": 1.0,
      "depth_est_cm": 2.9020766805101417,
      "corridor_score": 1.0560999178285606,
      "segment_id": 0
    },
    {
      "time": "2022-02-25 06:51:00+00:00",
      "CP": 0.34990418620480107,
      "SCE": 0.3293508896250521,
      "S_struct": 1.1106315627451373,
      "admissible": true,
      "snowfall_cm": 0.8,
      "depth_est_cm": 3.90043701774992,
      "corridor_score": 1.2846124017224212,
      "segment_id": 0
    },
    {
      "time": "2022-02-25 07:13:00+00:00",
      "CP": 0.34990418620480107,
      "SCE": 0.3293508896250521,
      "S_struct": 1.1106315627451373,
      "admissible": true,
      "snowfall_cm": 0.2,
      "depth_est_cm": 3.90043701774992,
      "corridor_score": 1.2846124017224212,
      "segment_id": 0
    },
    {
      "time": "2022-02-25 07:49:00+00:00",
      "CP": 0.40899412630070203,
      "SCE": 0.31045338961411406,
      "S_struct": 1.1697215028410384,
      "admissible": true,
      "snowfall_cm": 0.5,
      "depth_est_cm": 4.457388834692895,
      "corridor_score": 1.3838114725585153,
      "segment_id": 0
    },
    {
      "time": "2022-02-25 07:51:00+00:00",
      "CP": 0.40899412630070203,
      "SCE": 0.31045338961411406,
      "S_struct": 1.1697215028410384,
      "admissible": true,
      "snowfall_cm": 0.8,
      "depth_est_cm": 4.457388834692895,
      "corridor_score": 1.3838114725585153,
      "segment_id": 0
    },
    {
      "time": "2022-02-25 08:30:00+00:00",
      "CP": 0.40899412630070203,
      "SCE": 0.31045338961411406,
      "S_struct": 1.1697215028410384,
      "admissible": true,
      "snowfall_cm": 0.2,
      "depth_est_cm": 4.457388834692895,
      "corridor_score": 1.3838114725585153,
      "segment_id": 0
    },
    {
      "time": "2022-02-25 08:49:00+00:00",
      "CP": 0.40899412630070203,
      "SCE": 0.31045338961411406,
      "S_struct": 1.1697215028410384,
      "admissible": true,
      "snowfall_cm": 0.2,
      "depth_est_cm": 4.457388834692895,
      "corridor_score": 1.3838114725585153,
      "segment_id": 0
    },
    {
      "time": "2022-02-25 08:51:00+00:00",
      "CP": 0.40899412630070203,
      "SCE": 0.31045338961411406,
      "S_struct": 1.1697215028410384,
      "admissible": true,
      "snowfall_cm": 0.3,
      "depth_est_cm": 4.457388834692895,
      "corridor_score": 1.3838114725585153,
      "segment_id": 0
    },
    {
      "time": "2022-02-25 09:06:00+00:00",
      "CP": 0.40899412630070203,
      "SCE": 0.31045338961411406,
      "S_struct": 1.1697215028410384,
      "admissible": true,
      "snowfall_cm": 0.2,
      "depth_est_cm": 4.457388834692895,
      "corridor_score": 1.3838114725585153,
      "segment_id": 0
    },
    {
      "time": "2022-02-25 09:46:00+00:00",
      "CP": 0.34082843858391837,
      "SCE": 0.2899962780025858,
      "S_struct": 1.237887190557822,
      "admissible": true,
      "snowfall_cm": 0.2,
      "depth_est_cm": 3.812739588863221,
      "corridor_score": 1.1056802897634435,
      "segment_id": 0
    },
    {
      "time": "2022-02-25 12:00:00+00:00",
      "CP": 1.4314794420524573,
      "SCE": 0.112994980195427,
      "S_struct": 2.180411884305848,
      "admissible": true,
      "snowfall_cm": 2.0,
      "depth_est_cm": 11.550498647795665,
      "corridor_score": 1.3051483659549776,
      "segment_id": 0
    },
    {
      "time": "2022-03-07 08:40:00+00:00",
      "CP": 2.9917893792616543,
      "SCE": 0.0002380902599767315,
      "S_struct": 8.342860712587765,
      "admissible": false,
      "snowfall_cm": 1.5,
      "depth_est_cm": 17.995114752567215,
      "corridor_score": 0.004284461549749844,
      "segment_id": 0
    },
    {
      "time": "2022-03-07 08:51:00+00:00",
      "CP": 2.9084727015585705,
      "SCE": 0.003547227907973258,
      "S_struct": 5.641588851526823,
      "admissible": false,
      "snowfall_cm": 1.0,
      "depth_est_cm": 17.72090689558609,
      "corridor_score": 0.06286009549461873,
      "segment_id": 0
    },
    {
      "time": "2022-03-07 09:17:00+00:00",
      "CP": 1.5010882469819098,
      "SCE": 0.001731940962308027,
      "S_struct": 6.358512555850085,
      "admissible": false,
      "snowfall_cm": 0.5,
      "depth_est_cm": 11.917437167374501,
      "corridor_score": 0.020640297595908044,
      "segment_id": 0
    },
    {
      "time": "2022-03-07 09:27:00+00:00",
      "CP": 0.8779637588297926,
      "SCE": 0.0012614250785697796,
      "S_struct": 6.675513182396145,
      "admissible": false,
      "snowfall_cm": 0.5,
      "depth_est_cm": 8.19244507707799,
      "corridor_score": 0.010334155675031707,
      "segment_id": 0
    },
    {
      "time": "2022-03-07 09:37:00+00:00",
      "CP": 0.47564793567190405,
      "SCE": 0.0012381348575082514,
      "S_struct": 6.69414917890095,
      "admissible": false,
      "snowfall_cm": 0.5,
      "depth_est_cm": 5.05826323286561,
      "corridor_score": 0.006262812027063289,
      "segment_id": 0
    },
    {
      "time": "2022-03-07 09:44:00+00:00",
      "CP": 0.47564793567190405,
      "SCE": 0.0027338982698726015,
      "S_struct": 5.902026750636523,
      "admissible": false,
      "snowfall_cm": 0.5,
      "depth_est_cm": 5.05826323286561,
      "corridor_score": 0.013828777100891481,
      "segment_id": 0
    },
    {
      "time": "2022-03-07 09:51:00+00:00",
      "CP": 0.47564793567190405,
      "SCE": 0.0027338982698726015,
      "S_struct": 5.902026750636523,
      "admissible": false,
      "snowfall_cm": 0.5,
      "depth_est_cm": 5.05826323286561,
      "corridor_score": 0.013828777100891481,
      "segment_id": 0
    },
    {
      "time": "2022-03-07 11:51:00+00:00",
      "CP": 0.14893723209558718,
      "SCE": 0.006122991654916594,
      "S_struct": 5.095704469394876,
      "admissible": false,
      "snowfall_cm": 0.3,
      "depth_est_cm": 1.8048857981067314,
      "corridor_score": 0.011051300679884994,
      "segment_id": 0
    },
    {
      "time": "2022-03-07 12:00:00+00:00",
      "CP": 0.14893723209558718,
      "SCE": 0.006122991654916594,
      "S_struct": 5.095704469394876,
      "admissible": false,
      "snowfall_cm": 6.0,
      "depth_est_cm": 1.8048857981067314,
      "corridor_score": 0.011051300679884994,
      "segment_id": 0
    },
    {
      "time": "2022-03-07 12:10:00+00:00",
      "CP": 0.14893723209558718,
      "SCE": 0.006122991654916594,
      "S_struct": 5.095704469394876,
      "admissible": false,
      "snowfall_cm": 0.5,
      "depth_est_cm": 1.8048857981067314,
      "corridor_score": 0.011051300679884994,
      "segment_id": 0
    }
  ]
}