{
  "rows": 12771,
  "start": "2019-01-01 00:00:00+00:00",
  "end": "2019-12-31 23:54:00+00:00",
  "segments": 1,
  "params": {
    "tct_window_hours": 24,
    "stress_window_hours": 24,
    "cp_threshold": 0.08,
    "s_max": 2.5,
    "k_depth": 13.0,
    "gap_hours": 6.0
  },
  "top_CP": [
    {
      "time": "2019-04-08 22:54:00+00:00",
      "CP": 45.6488640095397,
      "SCE": 7.316070216812989e-16,
      "S_struct": 34.85128815971673,
      "admissible": false,
      "snowfall_cm": 0.0,
      "depth_est_cm": 49.95443148341389,
      "corridor_score": 3.6547012837362946e-14,
      "segment_id": 0
    },
    {
      "time": "2019-04-08 23:54:00+00:00",
      "CP": 45.6488640095397,
      "SCE": 7.316070216812989e-16,
      "S_struct": 34.85128815971673,
      "admissible": false,
      "snowfall_cm": 0.0,
      "depth_est_cm": 49.95443148341389,
      "corridor_score": 3.6547012837362946e-14,
      "segment_id": 0
    },
    {
      "time": "2019-04-09 00:00:00+00:00",
      "CP": 45.6488640095397,
      "SCE": 8.279594567413733e-16,
      "S_struct": 34.7275674859946,
      "admissible": false,
      "snowfall_cm": 0.0,
      "depth_est_cm": 49.95443148341389,
      "corridor_score": 4.136024395283152e-14,
      "segment_id": 0
    },
    {
      "time": "2019-04-09 00:54:00+00:00",
      "CP": 45.6488640095397,
      "SCE": 1.855384618889002e-15,
      "S_struct": 33.92068437862447,
      "admissible": false,
      "snowfall_cm": 0.0,
      "depth_est_cm": 49.95443148341389,
      "corridor_score": 9.268468381967064e-14,
      "segment_id": 0
    },
    {
      "time": "2019-04-09 01:54:00+00:00",
      "CP": 45.6488640095397,
      "SCE": 1.855384618889002e-15,
      "S_struct": 33.92068437862447,
      "admissible": false,
      "snowfall_cm": 0.0,
      "depth_est_cm": 49.95443148341389,
      "corridor_score": 9.268468381967064e-14,
      "segment_id": 0
    },
    {
      "time": "2019-04-09 02:54:00+00:00",
      "CP": 45.6488640095397,
      "SCE": 2.337476069091631e-15,
      "S_struct": 33.68970465060415,
      "admissible": false,
      "snowfall_cm": 0.0,
      "depth_est_cm": 49.95443148341389,
      "corridor_score": 1.1676728813755753e-13,
      "segment_id": 0
    },
    {
      "time": "2019-04-09 03:54:00+00:00",
      "CP": 45.6488640095397,
      "SCE": 6.0653247522035785e-15,
      "S_struct": 32.73618830865492,
      "admissible": false,
      "snowfall_cm": 0.0,
      "depth_est_cm": 49.95443148341389,
      "corridor_score": 3.02989849758608e-13,
      "segment_id": 0
    },
    {
      "time": "2019-04-09 04:54:00+00:00",
      "CP": 45.6488640095397,
      "SCE": 1.3425891415832319e-14,
      "S_struct": 31.94159135703056,
      "admissible": false,
      "snowfall_cm": 0.0,
      "depth_est_cm": 49.95443148341389,
      "corridor_score": 6.706827728359503e-13,
      "segment_id": 0
    },
    {
      "time": "2019-04-09 06:54:00+00:00",
      "CP": 45.56211290483632,
      "SCE": 2.278834652674163e-13,
      "S_struct": 29.109942013869365,
      "admissible": false,
      "snowfall_cm": 0.0,
      "depth_est_cm": 49.93023337447654,
      "corridor_score": 1.1378274602986516e-11,
      "segment_id": 0
    },
    {
      "time": "2019-04-09 05:54:00+00:00",
      "CP": 45.56211290483632,
      "SCE": 5.460173173346134e-14,
      "S_struct": 30.53871079593273,
      "admissible": false,
      "snowfall_cm": 0.0,
      "depth_est_cm": 49.93023337447654,
      "corridor_score": 2.7262772081022866e-12,
      "segment_id": 0
    },
    {
      "time": "2019-04-09 06:00:00+00:00",
      "CP": 45.56211290483632,
      "SCE": 2.278834652674163e-13,
      "S_struct": 29.109942013869365,
      "admissible": false,
      "snowfall_cm": 0.0,
      "depth_est_cm": 49.93023337447654,
      "corridor_score": 1.1378274602986516e-11,
      "segment_id": 0
    },
    {
      "time": "2019-04-09 05:59:00+00:00",
      "CP": 45.56211290483632,
      "SCE": 5.460173173346134e-14,
      "S_struct": 30.53871079593273,
      "admissible": false,
      "snowfall_cm": 0.0,
      "depth_est_cm": 49.93023337447654,
      "corridor_score": 2.7262772081022866e-12,
      "segment_id": 0
    }
  ],
  "top_depth_any": [
    {
      "time": "2019-04-08 22:54:00+00:00",
      "CP": 45.6488640095397,
      "SCE": 7.316070216812989e-16,
      "S_struct": 34.85128815971673,
      "admissible": false,
      "snowfall_cm": 0.0,
      "depth_est_cm": 49.95443148341389,
      "corridor_score": 3.6547012837362946e-14,
      "segment_id": 0
    },
    {
      "time": "2019-04-08 23:54:00+00:00",
      "CP": 45.6488640095397,
      "SCE": 7.316070216812989e-16,
      "S_struct": 34.85128815971673,
      "admissible": false,
      "snowfall_cm": 0.0,
      "depth_est_cm": 49.95443148341389,
      "corridor_score": 3.6547012837362946e-14,
      "segment_id": 0
    },
    {
      "time": "2019-04-09 00:00:00+00:00",
      "CP": 45.6488640095397,
      "SCE": 8.279594567413733e-16,
      "S_struct": 34.7275674859946,
      "admissible": false,
      "snowfall_cm": 0.0,
      "depth_est_cm": 49.95443148341389,
      "corridor_score": 4.136024395283152e-14,
      "segment_id": 0
    },
    {
      "time": "2019-04-09 00:54:00+00:00",
      "CP": 45.6488640095397,
      "SCE": 1.855384618889002e-15,
      "S_struct": 33.92068437862447,
      "admissible": false,
      "snowfall_cm": 0.0,
      "depth_est_cm": 49.95443148341389,
      "corridor_score": 9.268468381967064e-14,
      "segment_id": 0
    },
    {
      "time": "2019-04-09 01:54:00+00:00",
      "CP": 45.6488640095397,
      "SCE": 1.855384618889002e-15,
      "S_struct": 33.92068437862447,
      "admissible": false,
      "snowfall_cm": 0.0,
      "depth_est_cm": 49.95443148341389,
      "corridor_score": 9.268468381967064e-14,
      "segment_id": 0
    },
    {
      "time": "2019-04-09 02:54:00+00:00",
      "CP": 45.6488640095397,
      "SCE": 2.337476069091631e-15,
      "S_struct": 33.68970465060415,
      "admissible": false,
      "snowfall_cm": 0.0,
      "depth_est_cm": 49.95443148341389,
      "corridor_score": 1.1676728813755753e-13,
      "segment_id": 0
    },
    {
      "time": "2019-04-09 03:54:00+00:00",
      "CP": 45.6488640095397,
      "SCE": 6.0653247522035785e-15,
      "S_struct": 32.73618830865492,
      "admissible": false,
      "snowfall_cm": 0.0,
      "depth_est_cm": 49.95443148341389,
      "corridor_score": 3.02989849758608e-13,
      "segment_id": 0
    },
    {
      "time": "2019-04-09 04:54:00+00:00",
      "CP": 45.6488640095397,
      "SCE": 1.3425891415832319e-14,
      "S_struct": 31.94159135703056,
      "admissible": false,
      "snowfall_cm": 0.0,
      "depth_est_cm": 49.95443148341389,
      "corridor_score": 6.706827728359503e-13,
      "segment_id": 0
    },
    {
      "time": "2019-04-09 06:54:00+00:00",
      "CP": 45.56211290483632,
      "SCE": 2.278834652674163e-13,
      "S_struct": 29.109942013869365,
      "admissible": false,
      "snowfall_cm": 0.0,
      "depth_est_cm": 49.93023337447654,
      "corridor_score": 1.1378274602986516e-11,
      "segment_id": 0
    },
    {
      "time": "2019-04-09 05:54:00+00:00",
      "CP": 45.56211290483632,
      "SCE": 5.460173173346134e-14,
      "S_struct": 30.53871079593273,
      "admissible": false,
      "snowfall_cm": 0.0,
      "depth_est_cm": 49.93023337447654,
      "corridor_score": 2.7262772081022866e-12,
      "segment_id": 0
    },
    {
      "time": "2019-04-09 06:00:00+00:00",
      "CP": 45.56211290483632,
      "SCE": 2.278834652674163e-13,
      "S_struct": 29.109942013869365,
      "admissible": false,
      "snowfall_cm": 0.0,
      "depth_est_cm": 49.93023337447654,
      "corridor_score": 1.1378274602986516e-11,
      "segment_id": 0
    },
    {
      "time": "2019-04-09 05:59:00+00:00",
      "CP": 45.56211290483632,
      "SCE": 5.460173173346134e-14,
      "S_struct": 30.53871079593273,
      "admissible": false,
      "snowfall_cm": 0.0,
      "depth_est_cm": 49.93023337447654,
      "corridor_score": 2.7262772081022866e-12,
      "segment_id": 0
    }
  ],
  "top_depth_admissible": [
    {
      "time": "2019-07-03 12:00:00+00:00",
      "CP": 20.081705687740325,
      "SCE": 0.1336419293268405,
      "S_struct": 2.012591224851004,
      "admissible": true,
      "snowfall_cm": 0.0,
      "depth_est_cm": 39.62927325991289,
      "corridor_score": 5.296132536275328,
      "segment_id": 0
    },
    {
      "time": "2019-09-12 13:03:00+00:00",
      "CP": 9.277660267669498,
      "SCE": 0.11802085892450297,
      "S_struct": 2.136893899591909,
      "admissible": true,
      "snowfall_cm": 0.0,
      "depth_est_cm": 30.289644238111144,
      "corridor_score": 3.5748098294994994,
      "segment_id": 0
    },
    {
      "time": "2019-12-17 11:54:00+00:00",
      "CP": 5.563219613320079,
      "SCE": 0.09022369494964941,
      "S_struct": 2.40546319295635,
      "admissible": true,
      "snowfall_cm": 0.0,
      "depth_est_cm": 24.459256604498197,
      "corridor_score": 2.206804506579443,
      "segment_id": 0
    },
    {
      "time": "2019-12-17 13:54:00+00:00",
      "CP": 4.8759414317169965,
      "SCE": 0.11057158631910426,
      "S_struct": 2.2020921277901753,
      "admissible": true,
      "snowfall_cm": 0.0,
      "depth_est_cm": 23.021261781558078,
      "corridor_score": 2.5454974342542447,
      "segment_id": 0
    },
    {
      "time": "2019-12-10 21:54:00+00:00",
      "CP": 4.340868712422697,
      "SCE": 0.1762262970275482,
      "S_struct": 1.735986331283752,
      "admissible": true,
      "snowfall_cm": 0.0,
      "depth_est_cm": 21.78004815961103,
      "corridor_score": 3.838217236249918,
      "segment_id": 0
    },
    {
      "time": "2019-12-10 22:38:00+00:00",
      "CP": 4.340868712422697,
      "SCE": 0.4086854766314458,
      "S_struct": 0.8948094245670513,
      "admissible": true,
      "snowfall_cm": 0.0,
      "depth_est_cm": 21.78004815961103,
      "corridor_score": 8.901189363166477,
      "segment_id": 0
    },
    {
      "time": "2019-12-10 22:54:00+00:00",
      "CP": 4.340868712422697,
      "SCE": 0.5229455378213353,
      "S_struct": 0.648277954524382,
      "admissible": true,
      "snowfall_cm": 0.0,
      "depth_est_cm": 21.78004815961103,
      "corridor_score": 11.389778998602376,
      "segment_id": 0
    },
    {
      "time": "2019-12-10 23:54:00+00:00",
      "CP": 4.340868712422697,
      "SCE": 0.6239552163992896,
      "S_struct": 0.47167668177907984,
      "admissible": true,
      "snowfall_cm": 0.0,
      "depth_est_cm": 21.78004815961103,
      "corridor_score": 13.589774662617051,
      "segment_id": 0
    },
    {
      "time": "2019-12-10 20:32:00+00:00",
      "CP": 4.276345629579997,
      "SCE": 0.0997464875850161,
      "S_struct": 2.3051234360124173,
      "admissible": true,
      "snowfall_cm": 0.0,
      "depth_est_cm": 21.622038652314643,
      "corridor_score": 2.1567224099958406,
      "segment_id": 0
    },
    {
      "time": "2019-12-10 20:54:00+00:00",
      "CP": 4.276345629579997,
      "SCE": 0.11046774206288522,
      "S_struct": 2.2030317276760334,
      "admissible": true,
      "snowfall_cm": 0.0,
      "depth_est_cm": 21.622038652314643,
      "corridor_score": 2.3885377887176285,
      "segment_id": 0
    },
    {
      "time": "2019-12-11 05:59:00+00:00",
      "CP": 3.911439693916133,
      "SCE": 0.1074265630405281,
      "S_struct": 2.2309477993638334,
      "admissible": true,
      "snowfall_cm": 0.0,
      "depth_est_cm": 20.69037250163454,
      "corridor_score": 2.222695605878852,
      "segment_id": 0
    },
    {
      "time": "2019-12-11 03:54:00+00:00",
      "CP": 3.911439693916133,
      "SCE": 0.1074265630405281,
      "S_struct": 2.2309477993638334,
      "admissible": true,
      "snowfall_cm": 0.0,
      "depth_est_cm": 20.69037250163454,
      "corridor_score": 2.222695605878852,
      "segment_id": 0
    }
  ],
  "top_depth_admissible_snow": [
    {
      "time": "2019-01-24 12:00:00+00:00",
      "CP": 3.6707331791196705,
      "SCE": 0.10150242807252144,
      "S_struct": 2.287672558889656,
      "admissible": true,
      "snowfall_cm": 1.0,
      "depth_est_cm": 20.037108741365643,
      "corridor_score": 2.0338151888017566,
      "segment_id": 0
    },
    {
      "time": "2019-02-18 01:54:00+00:00",
      "CP": 1.6057636947459546,
      "SCE": 0.14006013771386955,
      "S_struct": 1.9656833935061444,
      "admissible": true,
      "snowfall_cm": 0.3,
      "depth_est_cm": 12.450435363736938,
      "corridor_score": 1.7438096916426271,
      "segment_id": 0
    },
    {
      "time": "2019-11-29 06:00:00+00:00",
      "CP": 1.3855320974016452,
      "SCE": 0.10236302945196583,
      "S_struct": 2.2792296720756915,
      "admissible": true,
      "snowfall_cm": 0.3,
      "depth_est_cm": 11.302488614205693,
      "corridor_score": 1.1569569748964459,
      "segment_id": 0
    },
    {
      "time": "2019-02-24 06:54:00+00:00",
      "CP": 1.3543434150337876,
      "SCE": 0.2135965420750445,
      "S_struct": 1.543666360814382,
      "admissible": true,
      "snowfall_cm": 0.5,
      "depth_est_cm": 11.131404491201431,
      "corridor_score": 2.377629507759246,
      "segment_id": 0
    },
    {
      "time": "2019-02-07 08:54:00+00:00",
      "CP": 1.3323610754670945,
      "SCE": 0.11136052533393412,
      "S_struct": 2.1949823649688094,
      "admissible": true,
      "snowfall_cm": 1.7999999999999998,
      "depth_est_cm": 11.009454190910322,
      "corridor_score": 1.226018602339656,
      "segment_id": 0
    },
    {
      "time": "2019-02-07 08:41:00+00:00",
      "CP": 1.3323610754670945,
      "SCE": 0.08561247745810992,
      "S_struct": 2.457924241759536,
      "admissible": true,
      "snowfall_cm": 2.2,
      "depth_est_cm": 11.009454190910322,
      "corridor_score": 0.9425466487454037,
      "segment_id": 0
    },
    {
      "time": "2019-02-18 01:31:00+00:00",
      "CP": 1.3176043609518462,
      "SCE": 0.11293822132559778,
      "S_struct": 2.1809143237051143,
      "admissible": true,
      "snowfall_cm": 0.2,
      "depth_est_cm": 10.926942638799318,
      "corridor_score": 1.2340694661528289,
      "segment_id": 0
    },
    {
      "time": "2019-02-17 21:28:00+00:00",
      "CP": 1.3142393267951615,
      "SCE": 0.4001626380162482,
      "S_struct": 0.9158842194708989,
      "admissible": true,
      "snowfall_cm": 0.2,
      "depth_est_cm": 10.908053637061652,
      "corridor_score": 4.364995519029321,
      "segment_id": 0
    },
    {
      "time": "2019-02-17 19:54:00+00:00",
      "CP": 1.3142393267951615,
      "SCE": 0.24750757788614408,
      "S_struct": 1.3963140797203106,
      "admissible": true,
      "snowfall_cm": 0.3,
      "depth_est_cm": 10.908053637061652,
      "corridor_score": 2.699825935161274,
      "segment_id": 0
    },
    {
      "time": "2019-01-23 15:54:00+00:00",
      "CP": 1.2610830662094246,
      "SCE": 0.15606033075949208,
      "S_struct": 1.857512610857782,
      "admissible": true,
      "snowfall_cm": 0.5,
      "depth_est_cm": 10.605971107222945,
      "corridor_score": 1.6551713590188293,
      "segment_id": 0
    },
    {
      "time": "2019-02-07 08:12:00+00:00",
      "CP": 1.2298717619696253,
      "SCE": 0.0907852388434524,
      "S_struct": 2.399258574393855,
      "admissible": true,
      "snowfall_cm": 1.0,
      "depth_est_cm": 10.425273013678714,
      "corridor_score": 0.9464609005550207,
      "segment_id": 0
    },
    {
      "time": "2019-02-07 08:18:00+00:00",
      "CP": 1.2298717619696253,
      "SCE": 0.0948522436405944,
      "S_struct": 2.355434928262067,
      "admissible": true,
      "snowfall_cm": 1.2000000000000002,
      "depth_est_cm": 10.425273013678714,
      "corridor_score": 0.9888605359131672,
      "segment_id": 0
    }
  ],
  "top_corridor_any": [
    {
      "time": "2019-12-10 23:54:00+00:00",
      "CP": 4.340868712422697,
      "SCE": 0.6239552163992896,
      "S_struct": 0.47167668177907984,
      "admissible": true,
      "snowfall_cm": 0.0,
      "depth_est_cm": 21.78004815961103,
      "corridor_score": 13.589774662617051,
      "segment_id": 0
    },
    {
      "time": "2019-12-10 22:54:00+00:00",
      "CP": 4.340868712422697,
      "SCE": 0.5229455378213353,
      "S_struct": 0.648277954524382,
      "admissible": true,
      "snowfall_cm": 0.0,
      "depth_est_cm": 21.78004815961103,
      "corridor_score": 11.389778998602376,
      "segment_id": 0
    },
    {
      "time": "2019-12-10 22:38:00+00:00",
      "CP": 4.340868712422697,
      "SCE": 0.4086854766314458,
      "S_struct": 0.8948094245670513,
      "admissible": true,
      "snowfall_cm": 0.0,
      "depth_est_cm": 21.78004815961103,
      "corridor_score": 8.901189363166477,
      "segment_id": 0
    },
    {
      "time": "2019-07-03 12:00:00+00:00",
      "CP": 20.081705687740325,
      "SCE": 0.1336419293268405,
      "S_struct": 2.012591224851004,
      "admissible": true,
      "snowfall_cm": 0.0,
      "depth_est_cm": 39.62927325991289,
      "corridor_score": 5.296132536275328,
      "segment_id": 0
    },
    {
      "time": "2019-12-11 00:00:00+00:00",
      "CP": 3.4726949699381584,
      "SCE": 0.2618848372682918,
      "S_struct": 1.3398504242636187,
      "admissible": true,
      "snowfall_cm": 0.0,
      "depth_est_cm": 19.47388467057168,
      "corridor_score": 5.099915117934147,
      "segment_id": 0
    },
    {
      "time": "2019-01-24 13:54:00+00:00",
      "CP": 3.6707331791196705,
      "SCE": 0.23574786642286455,
      "S_struct": 1.4449924076776481,
      "admissible": true,
      "snowfall_cm": 0.0,
      "depth_est_cm": 20.037108741365643,
      "corridor_score": 4.723705635059879,
      "segment_id": 0
    },
    {
      "time": "2019-01-24 13:41:00+00:00",
      "CP": 3.6707331791196705,
      "SCE": 0.23574786642286455,
      "S_struct": 1.4449924076776481,
      "admissible": true,
      "snowfall_cm": 0.0,
      "depth_est_cm": 20.037108741365643,
      "corridor_score": 4.723705635059879,
      "segment_id": 0
    },
    {
      "time": "2019-01-24 12:54:00+00:00",
      "CP": 3.6707331791196705,
      "SCE": 0.23208794294334495,
      "S_struct": 1.4606389147316206,
      "admissible": true,
      "snowfall_cm": 0.0,
      "depth_est_cm": 20.037108741365643,
      "corridor_score": 4.650371350315668,
      "segment_id": 0
    },
    {
      "time": "2019-01-24 13:28:00+00:00",
      "CP": 3.6707331791196705,
      "SCE": 0.23208794294334495,
      "S_struct": 1.4606389147316206,
      "admissible": true,
      "snowfall_cm": 0.0,
      "depth_est_cm": 20.037108741365643,
      "corridor_score": 4.650371350315668,
      "segment_id": 0
    },
    {
      "time": "2019-12-11 01:54:00+00:00",
      "CP": 3.0780705415360945,
      "SCE": 0.2471947857207343,
      "S_struct": 1.3975786469837947,
      "admissible": true,
      "snowfall_cm": 0.0,
      "depth_est_cm": 18.273111610965646,
      "corridor_score": 4.517017909123715,
      "segment_id": 0
    },
    {
      "time": "2019-02-17 20:54:00+00:00",
      "CP": 1.3142393267951615,
      "SCE": 0.40016263801624824,
      "S_struct": 0.9158842194708988,
      "admissible": true,
      "snowfall_cm": 0.0,
      "depth_est_cm": 10.908053637061652,
      "corridor_score": 4.364995519029322,
      "segment_id": 0
    },
    {
      "time": "2019-02-17 21:28:00+00:00",
      "CP": 1.3142393267951615,
      "SCE": 0.4001626380162482,
      "S_struct": 0.9158842194708989,
      "admissible": true,
      "snowfall_cm": 0.2,
      "depth_est_cm": 10.908053637061652,
      "corridor_score": 4.364995519029321,
      "segment_id": 0
    }
  ],
  "top_corridor_admissible": [
    {
      "time": "2019-12-10 23:54:00+00:00",
      "CP": 4.340868712422697,
      "SCE": 0.6239552163992896,
      "S_struct": 0.47167668177907984,
      "admissible": true,
      "snowfall_cm": 0.0,
      "depth_est_cm": 21.78004815961103,
      "corridor_score": 13.589774662617051,
      "segment_id": 0
    },
    {
      "time": "2019-12-10 22:54:00+00:00",
      "CP": 4.340868712422697,
      "SCE": 0.5229455378213353,
      "S_struct": 0.648277954524382,
      "admissible": true,
      "snowfall_cm": 0.0,
      "depth_est_cm": 21.78004815961103,
      "corridor_score": 11.389778998602376,
      "segment_id": 0
    },
    {
      "time": "2019-12-10 22:38:00+00:00",
      "CP": 4.340868712422697,
      "SCE": 0.4086854766314458,
      "S_struct": 0.8948094245670513,
      "admissible": true,
      "snowfall_cm": 0.0,
      "depth_est_cm": 21.78004815961103,
      "corridor_score": 8.901189363166477,
      "segment_id": 0
    },
    {
      "time": "2019-07-03 12:00:00+00:00",
      "CP": 20.081705687740325,
      "SCE": 0.1336419293268405,
      "S_struct": 2.012591224851004,
      "admissible": true,
      "snowfall_cm": 0.0,
      "depth_est_cm": 39.62927325991289,
      "corridor_score": 5.296132536275328,
      "segment_id": 0
    },
    {
      "time": "2019-12-11 00:00:00+00:00",
      "CP": 3.4726949699381584,
      "SCE": 0.2618848372682918,
      "S_struct": 1.3398504242636187,
      "admissible": true,
      "snowfall_cm": 0.0,
      "depth_est_cm": 19.47388467057168,
      "corridor_score": 5.099915117934147,
      "segment_id": 0
    },
    {
      "time": "2019-01-24 13:54:00+00:00",
      "CP": 3.6707331791196705,
      "SCE": 0.23574786642286455,
      "S_struct": 1.4449924076776481,
      "admissible": true,
      "snowfall_cm": 0.0,
      "depth_est_cm": 20.037108741365643,
      "corridor_score": 4.723705635059879,
      "segment_id": 0
    },
    {
      "time": "2019-01-24 13:41:00+00:00",
      "CP": 3.6707331791196705,
      "SCE": 0.23574786642286455,
      "S_struct": 1.4449924076776481,
      "admissible": true,
      "snowfall_cm": 0.0,
      "depth_est_cm": 20.037108741365643,
      "corridor_score": 4.723705635059879,
      "segment_id": 0
    },
    {
      "time": "2019-01-24 12:54:00+00:00",
      "CP": 3.6707331791196705,
      "SCE": 0.23208794294334495,
      "S_struct": 1.4606389147316206,
      "admissible": true,
      "snowfall_cm": 0.0,
      "depth_est_cm": 20.037108741365643,
      "corridor_score": 4.650371350315668,
      "segment_id": 0
    },
    {
      "time": "2019-01-24 13:28:00+00:00",
      "CP": 3.6707331791196705,
      "SCE": 0.23208794294334495,
      "S_struct": 1.4606389147316206,
      "admissible": true,
      "snowfall_cm": 0.0,
      "depth_est_cm": 20.037108741365643,
      "corridor_score": 4.650371350315668,
      "segment_id": 0
    },
    {
      "time": "2019-12-11 01:54:00+00:00",
      "CP": 3.0780705415360945,
      "SCE": 0.2471947857207343,
      "S_struct": 1.3975786469837947,
      "admissible": true,
      "snowfall_cm": 0.0,
      "depth_est_cm": 18.273111610965646,
      "corridor_score": 4.517017909123715,
      "segment_id": 0
    },
    {
      "time": "2019-02-17 20:54:00+00:00",
      "CP": 1.3142393267951615,
      "SCE": 0.40016263801624824,
      "S_struct": 0.9158842194708988,
      "admissible": true,
      "snowfall_cm": 0.0,
      "depth_est_cm": 10.908053637061652,
      "corridor_score": 4.364995519029322,
      "segment_id": 0
    },
    {
      "time": "2019-02-17 21:12:00+00:00",
      "CP": 1.3142393267951615,
      "SCE": 0.4001626380162482,
      "S_struct": 0.9158842194708989,
      "admissible": true,
      "snowfall_cm": 0.0,
      "depth_est_cm": 10.908053637061652,
      "corridor_score": 4.364995519029321,
      "segment_id": 0
    }
  ],
  "top_corridor_admissible_snow": [
    {
      "time": "2019-02-17 21:28:00+00:00",
      "CP": 1.3142393267951615,
      "SCE": 0.4001626380162482,
      "S_struct": 0.9158842194708989,
      "admissible": true,
      "snowfall_cm": 0.2,
      "depth_est_cm": 10.908053637061652,
      "corridor_score": 4.364995519029321,
      "segment_id": 0
    },
    {
      "time": "2019-02-12 01:54:00+00:00",
      "CP": 0.7498189647384605,
      "SCE": 0.507350375679389,
      "S_struct": 0.6785534377835063,
      "admissible": true,
      "snowfall_cm": 1.0,
      "depth_est_cm": 7.273660340223614,
      "corridor_score": 3.6902943061767233,
      "segment_id": 0
    },
    {
      "time": "2019-02-17 19:54:00+00:00",
      "CP": 1.3142393267951615,
      "SCE": 0.24750757788614408,
      "S_struct": 1.3963140797203106,
      "admissible": true,
      "snowfall_cm": 0.3,
      "depth_est_cm": 10.908053637061652,
      "corridor_score": 2.699825935161274,
      "segment_id": 0
    },
    {
      "time": "2019-02-24 06:00:00+00:00",
      "CP": 1.1807096438756097,
      "SCE": 0.2540986784292896,
      "S_struct": 1.370032589656204,
      "admissible": true,
      "snowfall_cm": 3.0,
      "depth_est_cm": 10.135454531057778,
      "corridor_score": 2.575405601621937,
      "segment_id": 0
    },
    {
      "time": "2019-03-09 22:54:00+00:00",
      "CP": 0.6331672379501766,
      "SCE": 0.4002161309249585,
      "S_struct": 0.9157505504859988,
      "admissible": true,
      "snowfall_cm": 1.0,
      "depth_est_cm": 6.376775862946756,
      "corridor_score": 2.5520885636442143,
      "segment_id": 0
    },
    {
      "time": "2019-03-09 22:33:00+00:00",
      "CP": 0.6331672379501766,
      "SCE": 0.40021613092493574,
      "S_struct": 0.9157505504860557,
      "admissible": true,
      "snowfall_cm": 0.5,
      "depth_est_cm": 6.376775862946756,
      "corridor_score": 2.552088563644069,
      "segment_id": 0
    },
    {
      "time": "2019-02-12 06:21:00+00:00",
      "CP": 0.5506494299869468,
      "SCE": 0.4400349294700139,
      "S_struct": 0.8209011700615427,
      "admissible": true,
      "snowfall_cm": 0.5,
      "depth_est_cm": 5.702759793496065,
      "corridor_score": 2.509413503515472,
      "segment_id": 0
    },
    {
      "time": "2019-02-12 06:00:00+00:00",
      "CP": 0.5506494299869468,
      "SCE": 0.4383793667585493,
      "S_struct": 0.8246706093314891,
      "admissible": true,
      "snowfall_cm": 4.0,
      "depth_est_cm": 5.702759793496065,
      "corridor_score": 2.49997222704892,
      "segment_id": 0
    },
    {
      "time": "2019-02-12 06:14:00+00:00",
      "CP": 0.5506494299869468,
      "SCE": 0.4383793667585493,
      "S_struct": 0.8246706093314891,
      "admissible": true,
      "snowfall_cm": 0.2,
      "depth_est_cm": 5.702759793496065,
      "corridor_score": 2.49997222704892,
      "segment_id": 0
    },
    {
      "time": "2019-02-24 05:54:00+00:00",
      "CP": 1.1807096438756097,
      "SCE": 0.24010026477040616,
      "S_struct": 1.4266986730049913,
      "admissible": true,
      "snowfall_cm": 0.3,
      "depth_est_cm": 10.135454531057778,
      "corridor_score": 2.4335253164753854,
      "segment_id": 0
    },
    {
      "time": "2019-02-24 06:54:00+00:00",
      "CP": 1.3543434150337876,
      "SCE": 0.2135965420750445,
      "S_struct": 1.543666360814382,
      "admissible": true,
      "snowfall_cm": 0.5,
      "depth_est_cm": 11.131404491201431,
      "corridor_score": 2.377629507759246,
      "segment_id": 0
    },
    {
      "time": "2019-02-17 18:00:00+00:00",
      "CP": 0.8108490628020836,
      "SCE": 0.30758132082338036,
      "S_struct": 1.1790157687361948,
      "admissible": true,
      "snowfall_cm": 2.0,
      "depth_est_cm": 7.71934579984899,
      "corridor_score": 2.374326577009966,
      "segment_id": 0
    }
  ],
  "observed_snow_events_first200": [
    {
      "time": "2019-01-12 03:11:00+00:00",
      "CP": 4.201859047814388,
      "SCE": 5.359709939744353e-06,
      "S_struct": 12.136600700065209,
      "admissible": false,
      "snowfall_cm": 0.2,
      "depth_est_cm": 21.437208921586528,
      "corridor_score": 0.00011489722173740365,
      "segment_id": 0
    },
    {
      "time": "2019-01-12 03:36:00+00:00",
      "CP": 3.663159169889466,
      "SCE": 2.020827276235397e-05,
      "S_struct": 10.809418494706042,
      "admissible": false,
      "snowfall_cm": 0.5,
      "depth_est_cm": 20.016010974662972,
      "corridor_score": 0.0004044890093902599,
      "segment_id": 0
    },
    {
      "time": "2019-01-12 03:54:00+00:00",
      "CP": 3.663159169889466,
      "SCE": 6.758780240097427e-05,
      "S_struct": 9.602083029051634,
      "admissible": false,
      "snowfall_cm": 0.8,
      "depth_est_cm": 20.016010974662972,
      "corridor_score": 0.0013528381946112532,
      "segment_id": 0
    },
    {
      "time": "2019-01-12 04:06:00+00:00",
      "CP": 3.0167193163795596,
      "SCE": 0.00011843012699536846,
      "S_struct": 9.041187416907132,
      "admissible": false,
      "snowfall_cm": 0.2,
      "depth_est_cm": 18.07605122693482,
      "corridor_score": 0.0021407490423806766,
      "segment_id": 0
    },
    {
      "time": "2019-01-12 04:21:00+00:00",
      "CP": 3.0167193163795596,
      "SCE": 0.00011843012699536846,
      "S_struct": 9.041187416907132,
      "admissible": false,
      "snowfall_cm": 0.2,
      "depth_est_cm": 18.07605122693482,
      "corridor_score": 0.0021407490423806766,
      "segment_id": 0
    },
    {
      "time": "2019-01-12 04:54:00+00:00",
      "CP": 3.0167193163795596,
      "SCE": 0.00011843012699536846,
      "S_struct": 9.041187416907132,
      "admissible": false,
      "snowfall_cm": 0.5,
      "depth_est_cm": 18.07605122693482,
      "corridor_score": 0.0021407490423806766,
      "segment_id": 0
    },
    {
      "time": "2019-01-12 05:54:00+00:00",
      "CP": 3.0167193163795596,
      "SCE": 0.00011843012699536846,
      "S_struct": 9.041187416907132,
      "admissible": false,
      "snowfall_cm": 0.5,
      "depth_est_cm": 18.07605122693482,
      "corridor_score": 0.0021407490423806766,
      "segment_id": 0
    },
    {
      "time": "2019-01-12 06:00:00+00:00",
      "CP": 3.0167193163795596,
      "SCE": 0.00029209001228936766,
      "S_struct": 8.138448541933776,
      "admissible": false,
      "snowfall_cm": 2.0,
      "depth_est_cm": 18.07605122693482,
      "corridor_score": 0.005279834025018631,
      "segment_id": 0
    },
    {
      "time": "2019-01-12 06:39:00+00:00",
      "CP": 4.251139270832121,
      "SCE": 0.0004900522395826355,
      "S_struct": 7.620998561149059,
      "admissible": false,
      "snowfall_cm": 0.5,
      "depth_est_cm": 21.5597857413848,
      "corridor_score": 0.010565421287487392,
      "segment_id": 0
    },
    {
      "time": "2019-01-12 06:54:00+00:00",
      "CP": 4.251139270832121,
      "SCE": 0.000490052239582635,
      "S_struct": 7.62099856114906,
      "admissible": false,
      "snowfall_cm": 0.5,
      "depth_est_cm": 21.5597857413848,
      "corridor_score": 0.010565421287487383,
      "segment_id": 0
    },
    {
      "time": "2019-01-12 07:54:00+00:00",
      "CP": 5.183980674793035,
      "SCE": 0.0011424250518827126,
      "S_struct": 6.774602037450354,
      "admissible": false,
      "snowfall_cm": 0.8,
      "depth_est_cm": 23.685508421208013,
      "corridor_score": 0.027058918186966992,
      "segment_id": 0
    },
    {
      "time": "2019-01-12 08:54:00+00:00",
      "CP": 3.9665118148569705,
      "SCE": 0.0007138658643642472,
      "S_struct": 7.244815478309604,
      "admissible": false,
      "snowfall_cm": 1.3,
      "depth_est_cm": 20.835330692546965,
      "corridor_score": 0.014873631354149968,
      "segment_id": 0
    },
    {
      "time": "2019-01-12 09:54:00+00:00",
      "CP": 3.051535714374214,
      "SCE": 0.00028592198079222756,
      "S_struct": 8.159791578792362,
      "admissible": false,
      "snowfall_cm": 1.3,
      "depth_est_cm": 18.18824797372625,
      "corridor_score": 0.005200419887788028,
      "segment_id": 0
    },
    {
      "time": "2019-01-12 10:54:00+00:00",
      "CP": 2.2899762908190313,
      "SCE": 0.00013350775360830686,
      "S_struct": 8.921351002347544,
      "admissible": false,
      "snowfall_cm": 0.8,
      "depth_est_cm": 15.481444658073285,
      "corridor_score": 0.0020668928989106866,
      "segment_id": 0
    },
    {
      "time": "2019-01-12 11:54:00+00:00",
      "CP": 2.2899762908190313,
      "SCE": 0.00013350775360830686,
      "S_struct": 8.921351002347544,
      "admissible": false,
      "snowfall_cm": 0.8,
      "depth_est_cm": 15.481444658073285,
      "corridor_score": 0.0020668928989106866,
      "segment_id": 0
    },
    {
      "time": "2019-01-12 12:00:00+00:00",
      "CP": 2.2899762908190313,
      "SCE": 0.00013350775360830686,
      "S_struct": 8.921351002347544,
      "admissible": false,
      "snowfall_cm": 6.0,
      "depth_est_cm": 15.481444658073285,
      "corridor_score": 0.0020668928989106866,
      "segment_id": 0
    },
    {
      "time": "2019-01-12 12:54:00+00:00",
      "CP": 1.202932600768751,
      "SCE": 0.00011789578384871134,
      "S_struct": 9.045709511461459,
      "admissible": false,
      "snowfall_cm": 0.8,
      "depth_est_cm": 10.267263149747237,
      "corridor_score": 0.0012104670370204395,
      "segment_id": 0
    },
    {
      "time": "2019-01-12 13:54:00+00:00",
      "CP": 0.5397128124077694,
      "SCE": 0.00014607438069343375,
      "S_struct": 8.831394609180656,
      "admissible": false,
      "snowfall_cm": 0.3,
      "depth_est_cm": 5.610746876611029,
      "corridor_score": 0.0008195863752285738,
      "segment_id": 0
    },
    {
      "time": "2019-01-12 14:31:00+00:00",
      "CP": 0.35604371242256144,
      "SCE": 0.0001460548243316608,
      "S_struct": 8.831528497620878,
      "admissible": false,
      "snowfall_cm": 0.2,
      "depth_est_cm": 3.9594285288798448,
      "corridor_score": 0.0005782936382393119,
      "segment_id": 0
    },
    {
      "time": "2019-01-12 14:54:00+00:00",
      "CP": 0.35774910148854416,
      "SCE": 0.0002796299485308424,
      "S_struct": 8.18204344128476,
      "admissible": false,
      "snowfall_cm": 0.8,
      "depth_est_cm": 3.975767330178522,
      "corridor_score": 0.0011117436139084249,
      "segment_id": 0
    },
    {
      "time": "2019-01-12 15:54:00+00:00",
      "CP": 0.35774910148854416,
      "SCE": 0.0004792234563613559,
      "S_struct": 7.643343563359838,
      "admissible": false,
      "snowfall_cm": 0.5,
      "depth_est_cm": 3.975767330178522,
      "corridor_score": 0.0019052809616567114,
      "segment_id": 0
    },
    {
      "time": "2019-01-12 16:54:00+00:00",
      "CP": 0.35774910148854416,
      "SCE": 0.00047922345636135634,
      "S_struct": 7.643343563359837,
      "admissible": false,
      "snowfall_cm": 0.5,
      "depth_est_cm": 3.975767330178522,
      "corridor_score": 0.0019052809616567131,
      "segment_id": 0
    },
    {
      "time": "2019-01-12 17:54:00+00:00",
      "CP": 0.35774910148854416,
      "SCE": 0.0009147097923293819,
      "S_struct": 6.996903709849931,
      "admissible": false,
      "snowfall_cm": 0.3,
      "depth_est_cm": 3.975767330178522,
      "corridor_score": 0.003636673308937537,
      "segment_id": 0
    },
    {
      "time": "2019-01-12 18:00:00+00:00",
      "CP": 0.35774910148854416,
      "SCE": 0.0009147097923293819,
      "S_struct": 6.996903709849931,
      "admissible": false,
      "snowfall_cm": 3.0,
      "depth_est_cm": 3.975767330178522,
      "corridor_score": 0.003636673308937537,
      "segment_id": 0
    },
    {
      "time": "2019-01-12 18:32:00+00:00",
      "CP": 0.35774910148854416,
      "SCE": 0.0009147097923293819,
      "S_struct": 6.996903709849931,
      "admissible": false,
      "snowfall_cm": 0.2,
      "depth_est_cm": 3.975767330178522,
      "corridor_score": 0.003636673308937537,
      "segment_id": 0
    },
    {
      "time": "2019-01-12 18:54:00+00:00",
      "CP": 0.35774910148854416,
      "SCE": 0.0009147097923293819,
      "S_struct": 6.996903709849931,
      "admissible": false,
      "snowfall_cm": 0.5,
      "depth_est_cm": 3.975767330178522,
      "corridor_score": 0.003636673308937537,
      "segment_id": 0
    },
    {
      "time": "2019-01-12 19:15:00+00:00",
      "CP": 0.35774910148854416,
      "SCE": 0.0009147097923293819,
      "S_struct": 6.996903709849931,
      "admissible": false,
      "snowfall_cm": 0.2,
      "depth_est_cm": 3.975767330178522,
      "corridor_score": 0.003636673308937537,
      "segment_id": 0
    },
    {
      "time": "2019-01-12 19:54:00+00:00",
      "CP": 0.35774910148854416,
      "SCE": 0.0031432947196301177,
      "S_struct": 5.762483755397369,
      "admissible": false,
      "snowfall_cm": 0.5,
      "depth_est_cm": 3.975767330178522,
      "corridor_score": 0.01249700845542808,
      "segment_id": 0
    },
    {
      "time": "2019-01-12 21:54:00+00:00",
      "CP": 0.5046144118658682,
      "SCE": 0.0048041001394678075,
      "S_struct": 5.338285529963376,
      "admissible": false,
      "snowfall_cm": 0.3,
      "depth_est_cm": 5.31097658824864,
      "corridor_score": 0.025514463368315553,
      "segment_id": 0
    },
    {
      "time": "2019-01-12 22:54:00+00:00",
      "CP": 0.5046144118658682,
      "SCE": 0.08678850074491402,
      "S_struct": 2.444281145989373,
      "admissible": true,
      "snowfall_cm": 0.3,
      "depth_est_cm": 5.31097658824864,
      "corridor_score": 0.46093169558543806,
      "segment_id": 0
    },
    {
      "time": "2019-01-12 23:07:00+00:00",
      "CP": 0.5046144118658682,
      "SCE": 0.08678850074491402,
      "S_struct": 2.444281145989373,
      "admissible": true,
      "snowfall_cm": 0.2,
      "depth_est_cm": 5.31097658824864,
      "corridor_score": 0.46093169558543806,
      "segment_id": 0
    },
    {
      "time": "2019-01-12 23:54:00+00:00",
      "CP": 0.5046144118658682,
      "SCE": 0.2573707939336425,
      "S_struct": 1.3572374559390927,
      "admissible": true,
      "snowfall_cm": 0.3,
      "depth_est_cm": 5.31097658824864,
      "corridor_score": 1.3668902610805405,
      "segment_id": 0
    },
    {
      "time": "2019-01-13 00:00:00+00:00",
      "CP": 0.5046144118658682,
      "SCE": 0.2573707939336425,
      "S_struct": 1.3572374559390927,
      "admissible": true,
      "snowfall_cm": 2.0,
      "depth_est_cm": 5.31097658824864,
      "corridor_score": 1.3668902610805405,
      "segment_id": 0
    },
    {
      "time": "2019-01-18 21:54:00+00:00",
      "CP": 2.2605259308666823,
      "SCE": 0.020502948290547565,
      "S_struct": 3.887186584127642,
      "admissible": false,
      "snowfall_cm": 0.3,
      "depth_est_cm": 15.364550641092741,
      "corridor_score": 0.3150185873018239,
      "segment_id": 0
    },
    {
      "time": "2019-01-18 22:23:00+00:00",
      "CP": 2.8107133353485305,
      "SCE": 0.014710180994821766,
      "S_struct": 4.219215440241784,
      "admissible": false,
      "snowfall_cm": 0.2,
      "depth_est_cm": 17.391613183612165,
      "corridor_score": 0.25583377772286336,
      "segment_id": 0
    },
    {
      "time": "2019-01-18 22:39:00+00:00",
      "CP": 2.8107133353485305,
      "SCE": 0.027555324245416294,
      "S_struct": 3.5915595045081767,
      "admissible": false,
      "snowfall_cm": 0.7000000000000001,
      "depth_est_cm": 17.391613183612165,
      "corridor_score": 0.4792315404252899,
      "segment_id": 0
    },
    {
      "time": "2019-01-18 22:54:00+00:00",
      "CP": 2.6069970917341325,
      "SCE": 0.047438773716836774,
      "S_struct": 3.048315373765953,
      "admissible": false,
      "snowfall_cm": 1.3,
      "depth_est_cm": 16.67738274328388,
      "corridor_score": 0.7911545861477224,
      "segment_id": 0
    },
    {
      "time": "2019-01-18 23:19:00+00:00",
      "CP": 2.6069970917341325,
      "SCE": 0.07253769805653153,
      "S_struct": 2.623648879067187,
      "admissible": false,
      "snowfall_cm": 0.7000000000000001,
      "depth_est_cm": 16.67738274328388,
      "corridor_score": 1.2097389538055354,
      "segment_id": 0
    },
    {
      "time": "2019-01-18 23:54:00+00:00",
      "CP": 2.9890183063721874,
      "SCE": 0.0495055698406028,
      "S_struct": 3.0056700937052416,
      "admissible": false,
      "snowfall_cm": 2.8000000000000003,
      "depth_est_cm": 17.986087107639595,
      "corridor_score": 0.8904114914664176,
      "segment_id": 0
    },
    {
      "time": "2019-01-19 00:00:00+00:00",
      "CP": 2.9890183063721874,
      "SCE": 0.0495055698406028,
      "S_struct": 3.0056700937052416,
      "admissible": false,
      "snowfall_cm": 4.0,
      "depth_est_cm": 17.986087107639595,
      "corridor_score": 0.8904114914664176,
      "segment_id": 0
    },
    {
      "time": "2019-01-19 00:54:00+00:00",
      "CP": 2.9890183063721874,
      "SCE": 0.0495055698406028,
      "S_struct": 3.0056700937052416,
      "admissible": false,
      "snowfall_cm": 1.3,
      "depth_est_cm": 17.986087107639595,
      "corridor_score": 0.8904114914664176,
      "segment_id": 0
    },
    {
      "time": "2019-01-19 01:49:00+00:00",
      "CP": 2.916287814303155,
      "SCE": 0.05384435783243089,
      "S_struct": 2.9216576564971133,
      "admissible": false,
      "snowfall_cm": 1.0,
      "depth_est_cm": 17.746874846747204,
      "corridor_score": 0.9555690796556235,
      "segment_id": 0
    },
    {
      "time": "2019-01-19 01:54:00+00:00",
      "CP": 2.9034913224541676,
      "SCE": 0.06040189715200287,
      "S_struct": 2.806734764733273,
      "admissible": false,
      "snowfall_cm": 1.0,
      "depth_est_cm": 17.70432772626701,
      "corridor_score": 1.0693749824673329,
      "segment_id": 0
    },
    {
      "time": "2019-01-19 02:30:00+00:00",
      "CP": 2.9034913224541676,
      "SCE": 0.061529085093439455,
      "S_struct": 2.788245287616421,
      "admissible": false,
      "snowfall_cm": 0.2,
      "depth_est_cm": 17.70432772626701,
      "corridor_score": 1.0893310871916224,
      "segment_id": 0
    },
    {
      "time": "2019-01-19 02:54:00+00:00",
      "CP": 2.4498208033207045,
      "SCE": 0.04253275964744468,
      "S_struct": 3.1574806847432626,
      "admissible": false,
      "snowfall_cm": 0.5,
      "depth_est_cm": 16.098189752161687,
      "corridor_score": 0.68470043548765,
      "segment_id": 0
    },
    {
      "time": "2019-01-19 03:39:00+00:00",
      "CP": 2.436936864010193,
      "SCE": 0.041988285173169444,
      "S_struct": 3.170364624053774,
      "admissible": false,
      "snowfall_cm": 0.2,
      "depth_est_cm": 16.049548166517436,
      "corridor_score": 0.6738930053162528,
      "segment_id": 0
    },
    {
      "time": "2019-01-19 03:54:00+00:00",
      "CP": 2.025688653842271,
      "SCE": 0.03585373733268154,
      "S_struct": 3.3283074682018308,
      "admissible": false,
      "snowfall_cm": 0.5,
      "depth_est_cm": 14.39280335657141,
      "corridor_score": 0.5160357910274485,
      "segment_id": 0
    },
    {
      "time": "2019-01-19 06:00:00+00:00",
      "CP": 2.6537946834384436,
      "SCE": 0.03911463436096193,
      "S_struct": 3.241258601684721,
      "admissible": false,
      "snowfall_cm": 4.0,
      "depth_est_cm": 16.84496146894524,
      "corridor_score": 0.6588845086822852,
      "segment_id": 0
    },
    {
      "time": "2019-01-19 11:54:00+00:00",
      "CP": 1.5948709759028226,
      "SCE": 0.006596821242154417,
      "S_struct": 5.021167375947332,
      "admissible": false,
      "snowfall_cm": 7.6,
      "depth_est_cm": 12.395978336470256,
      "corridor_score": 0.08177405320731296,
      "segment_id": 0
    },
    {
      "time": "2019-01-19 12:00:00+00:00",
      "CP": 1.4498827053662022,
      "SCE": 0.005706464371502388,
      "S_struct": 5.166155646483952,
      "admissible": false,
      "snowfall_cm": 7.6,
      "depth_est_cm": 11.648521924647923,
      "corridor_score": 0.0664718753436678,
      "segment_id": 0
    },
    {
      "time": "2019-01-20 14:54:00+00:00",
      "CP": 2.7385225871351824,
      "SCE": 0.0016722687839520935,
      "S_struct": 6.393574021287272,
      "admissible": false,
      "snowfall_cm": 0.3,
      "depth_est_cm": 17.142976541648192,
      "corridor_score": 0.028667664534621287,
      "segment_id": 0
    },
    {
      "time": "2019-01-20 16:54:00+00:00",
      "CP": 1.4392637922230476,
      "SCE": 0.0038601908332713407,
      "S_struct": 5.557038658056117,
      "admissible": false,
      "snowfall_cm": 0.3,
      "depth_est_cm": 11.592051500618743,
      "corridor_score": 0.04474753094149776,
      "segment_id": 0
    },
    {
      "time": "2019-01-20 17:54:00+00:00",
      "CP": 1.7521472253150145,
      "SCE": 0.002857964126010902,
      "S_struct": 5.857645751683785,
      "admissible": false,
      "snowfall_cm": 0.3,
      "depth_est_cm": 13.16095841074321,
      "corridor_score": 0.037613547001825544,
      "segment_id": 0
    },
    {
      "time": "2019-01-20 18:00:00+00:00",
      "CP": 1.7521472253150145,
      "SCE": 0.0045526581356536465,
      "S_struct": 5.3920440109627945,
      "admissible": false,
      "snowfall_cm": 0.8,
      "depth_est_cm": 13.16095841074321,
      "corridor_score": 0.05991734438166936,
      "segment_id": 0
    },
    {
      "time": "2019-01-21 12:00:00+00:00",
      "CP": 2.0001305471529,
      "SCE": 0.044309430361222084,
      "S_struct": 3.1165577496145556,
      "admissible": false,
      "snowfall_cm": 0.8,
      "depth_est_cm": 14.2825254447065,
      "corridor_score": 0.6328505665746051,
      "segment_id": 0
    },
    {
      "time": "2019-01-22 14:43:00+00:00",
      "CP": 4.409895457714055,
      "SCE": 0.00016492546380522349,
      "S_struct": 8.710016920640264,
      "admissible": false,
      "snowfall_cm": 0.2,
      "depth_est_cm": 21.946986994063227,
      "corridor_score": 0.0036196170091230854,
      "segment_id": 0
    },
    {
      "time": "2019-01-22 14:54:00+00:00",
      "CP": 4.409895457714055,
      "SCE": 0.0005488855100787824,
      "S_struct": 7.507620680864386,
      "admissible": false,
      "snowfall_cm": 0.3,
      "depth_est_cm": 21.946986994063227,
      "corridor_score": 0.012046383150928798,
      "segment_id": 0
    },
    {
      "time": "2019-01-22 18:00:00+00:00",
      "CP": 4.860727454902121,
      "SCE": 0.00011390652079270519,
      "S_struct": 9.08013243899442,
      "admissible": false,
      "snowfall_cm": 0.3,
      "depth_est_cm": 22.987558554299312,
      "corridor_score": 0.0026184328164388228,
      "segment_id": 0
    },
    {
      "time": "2019-01-22 21:54:00+00:00",
      "CP": 2.077772460064567,
      "SCE": 4.656425502372982e-05,
      "S_struct": 9.974677370750012,
      "admissible": false,
      "snowfall_cm": 0.3,
      "depth_est_cm": 14.614679405023429,
      "corridor_score": 0.0006805216589055629,
      "segment_id": 0
    },
    {
      "time": "2019-01-22 22:25:00+00:00",
      "CP": 1.6055514464135285,
      "SCE": 0.00014384669763208176,
      "S_struct": 8.846762425254344,
      "admissible": false,
      "snowfall_cm": 0.2,
      "depth_est_cm": 12.44937642631008,
      "corridor_score": 0.0017908016865033926,
      "segment_id": 0
    },
    {
      "time": "2019-01-22 22:54:00+00:00",
      "CP": 1.0442712236627023,
      "SCE": 0.0001401371348138876,
      "S_struct": 8.87288908040081,
      "admissible": false,
      "snowfall_cm": 0.5,
      "depth_est_cm": 9.295537629727068,
      "corridor_score": 0.0013026500099846273,
      "segment_id": 0
    },
    {
      "time": "2019-01-22 23:14:00+00:00",
      "CP": 1.0981520669664968,
      "SCE": 0.000235132110720559,
      "S_struct": 8.35536302850134,
      "admissible": false,
      "snowfall_cm": 0.2,
      "depth_est_cm": 9.633740859846538,
      "corridor_score": 0.0022652018225106096,
      "segment_id": 0
    },
    {
      "time": "2019-01-22 23:54:00+00:00",
      "CP": 1.314572061571521,
      "SCE": 0.0002908995377705131,
      "S_struct": 8.142532581427897,
      "admissible": false,
      "snowfall_cm": 0.8,
      "depth_est_cm": 10.909922605890669,
      "corridor_score": 0.003173691443165667,
      "segment_id": 0
    },
    {
      "time": "2019-01-23 00:00:00+00:00",
      "CP": 1.314572061571521,
      "SCE": 0.0004336494951879224,
      "S_struct": 7.743273964934747,
      "admissible": false,
      "snowfall_cm": 1.0,
      "depth_est_cm": 10.909922605890669,
      "corridor_score": 0.004731082430583791,
      "segment_id": 0
    },
    {
      "time": "2019-01-23 00:54:00+00:00",
      "CP": 1.831011085760333,
      "SCE": 0.00029710389389879364,
      "S_struct": 8.121428669224166,
      "admissible": false,
      "snowfall_cm": 0.5,
      "depth_est_cm": 13.528240985586654,
      "corridor_score": 0.004019293074419049,
      "segment_id": 0
    },
    {
      "time": "2019-01-23 01:11:00+00:00",
      "CP": 1.831011085760333,
      "SCE": 0.0004084993987289088,
      "S_struct": 7.803020115565156,
      "admissible": false,
      "snowfall_cm": 0.2,
      "depth_est_cm": 13.528240985586654,
      "corridor_score": 0.005526278308471929,
      "segment_id": 0
    },
    {
      "time": "2019-01-23 01:34:00+00:00",
      "CP": 1.831011085760333,
      "SCE": 0.0004084993987289088,
      "S_struct": 7.803020115565156,
      "admissible": false,
      "snowfall_cm": 0.2,
      "depth_est_cm": 13.528240985586654,
      "corridor_score": 0.005526278308471929,
      "segment_id": 0
    },
    {
      "time": "2019-01-23 01:54:00+00:00",
      "CP": 2.1127050989542306,
      "SCE": 0.0007237355444140526,
      "S_struct": 7.231084502452283,
      "admissible": false,
      "snowfall_cm": 1.0,
      "depth_est_cm": 14.761398013260193,
      "corridor_score": 0.01068334842743938,
      "segment_id": 0
    },
    {
      "time": "2019-01-23 02:51:00+00:00",
      "CP": 2.2535521055511794,
      "SCE": 0.0015114628407819784,
      "S_struct": 6.494677328379096,
      "admissible": false,
      "snowfall_cm": 0.2,
      "depth_est_cm": 15.336715615712066,
      "corridor_score": 0.023180875752789487,
      "segment_id": 0
    },
    {
      "time": "2019-01-23 02:54:00+00:00",
      "CP": 2.324248758319854,
      "SCE": 0.0014082971758156144,
      "S_struct": 6.56537398114777,
      "admissible": false,
      "snowfall_cm": 0.5,
      "depth_est_cm": 15.616168246025326,
      "corridor_score": 0.021992205637938946,
      "segment_id": 0
    },
    {
      "time": "2019-01-23 03:07:00+00:00",
      "CP": 2.324248758319854,
      "SCE": 0.002719157074876847,
      "S_struct": 5.907433345645167,
      "admissible": false,
      "snowfall_cm": 0.2,
      "depth_est_cm": 15.616168246025326,
      "corridor_score": 0.042462814368646934,
      "segment_id": 0
    },
    {
      "time": "2019-01-23 03:51:00+00:00",
      "CP": 2.324248758319854,
      "SCE": 0.0050653999984514855,
      "S_struct": 5.28532217135893,
      "admissible": false,
      "snowfall_cm": 0.5,
      "depth_est_cm": 15.616168246025326,
      "corridor_score": 0.07910213860923483,
      "segment_id": 0
    },
    {
      "time": "2019-01-23 03:54:00+00:00",
      "CP": 2.4210924565831813,
      "SCE": 0.00459785278827751,
      "S_struct": 5.3821658696222565,
      "admissible": false,
      "snowfall_cm": 0.3,
      "depth_est_cm": 15.989479113614795,
      "corridor_score": 0.07351727112563879,
      "segment_id": 0
    },
    {
      "time": "2019-01-23 04:07:00+00:00",
      "CP": 0.922438387423723,
      "SCE": 0.0010273013755158782,
      "S_struct": 6.880819938780743,
      "admissible": false,
      "snowfall_cm": 0.2,
      "depth_est_cm": 8.496726858489982,
      "corridor_score": 0.008728699189109465,
      "segment_id": 0
    },
    {
      "time": "2019-01-23 04:54:00+00:00",
      "CP": 1.0752943095095595,
      "SCE": 0.0008816848657535457,
      "S_struct": 7.0336758608665795,
      "admissible": false,
      "snowfall_cm": 0.5,
      "depth_est_cm": 9.491338733930583,
      "corridor_score": 0.008368369717447014,
      "segment_id": 0
    },
    {
      "time": "2019-01-23 05:54:00+00:00",
      "CP": 0.9462589923684125,
      "SCE": 0.00392941527594791,
      "S_struct": 5.539264648916594,
      "admissible": false,
      "snowfall_cm": 0.3,
      "depth_est_cm": 8.65681783865182,
      "corridor_score": 0.03401623225629683,
      "segment_id": 0
    },
    {
      "time": "2019-01-23 06:00:00+00:00",
      "CP": 0.9355901773206706,
      "SCE": 0.012187264993332185,
      "S_struct": 4.407363725442468,
      "admissible": false,
      "snowfall_cm": 3.0,
      "depth_est_cm": 8.58535965530942,
      "corridor_score": 0.10463205318231897,
      "segment_id": 0
    },
    {
      "time": "2019-01-23 06:15:00+00:00",
      "CP": 0.8292731117160489,
      "SCE": 0.010681212840390678,
      "S_struct": 4.539268890063412,
      "admissible": false,
      "snowfall_cm": 0.2,
      "depth_est_cm": 7.850942856032979,
      "corridor_score": 0.08385759164303291,
      "segment_id": 0
    },
    {
      "time": "2019-01-23 06:54:00+00:00",
      "CP": 0.8515568528719845,
      "SCE": 0.017679074242202785,
      "S_struct": 4.035373585009928,
      "admissible": false,
      "snowfall_cm": 1.3,
      "depth_est_cm": 8.00834875470739,
      "corridor_score": 0.14158019219192416,
      "segment_id": 0
    },
    {
      "time": "2019-01-23 07:18:00+00:00",
      "CP": 0.747708456180279,
      "SCE": 0.03069984859314279,
      "S_struct": 3.4834975562206,
      "admissible": false,
      "snowfall_cm": 0.5,
      "depth_est_cm": 7.2579711911279485,
      "corridor_score": 0.22281861666102026,
      "segment_id": 0
    },
    {
      "time": "2019-01-23 07:54:00+00:00",
      "CP": 0.7003741708836689,
      "SCE": 0.03090148622887035,
      "S_struct": 3.476950998213416,
      "admissible": false,
      "snowfall_cm": 1.0,
      "depth_est_cm": 6.901028255724329,
      "corridor_score": 0.21325202960931053,
      "segment_id": 0
    },
    {
      "time": "2019-01-23 08:29:00+00:00",
      "CP": 0.827714929226154,
      "SCE": 0.033780493382514355,
      "S_struct": 3.3878717619508762,
      "admissible": false,
      "snowfall_cm": 0.5,
      "depth_est_cm": 7.839864682756128,
      "corridor_score": 0.2648344970356514,
      "segment_id": 0
    },
    {
      "time": "2019-01-23 08:39:00+00:00",
      "CP": 0.6154803319886787,
      "SCE": 0.02732081647289161,
      "S_struct": 3.6001063591883513,
      "admissible": false,
      "snowfall_cm": 0.5,
      "depth_est_cm": 6.235220311350384,
      "corridor_score": 0.1703513097944499,
      "segment_id": 0
    },
    {
      "time": "2019-01-23 08:54:00+00:00",
      "CP": 0.5942185503593311,
      "SCE": 0.04277172101026848,
      "S_struct": 3.15187811882787,
      "admissible": false,
      "snowfall_cm": 0.5,
      "depth_est_cm": 6.062987828295221,
      "corridor_score": 0.25932442388049676,
      "segment_id": 0
    },
    {
      "time": "2019-01-23 10:08:00+00:00",
      "CP": 0.5786574723091885,
      "SCE": 0.03520563452754944,
      "S_struct": 3.346549137382828,
      "admissible": false,
      "snowfall_cm": 0.2,
      "depth_est_cm": 5.935472201986137,
      "corridor_score": 0.20896206509155305,
      "segment_id": 0
    },
    {
      "time": "2019-01-23 10:19:00+00:00",
      "CP": 0.7072480217112304,
      "SCE": 0.041030250240151056,
      "S_struct": 3.193445673590973,
      "admissible": false,
      "snowfall_cm": 0.2,
      "depth_est_cm": 6.953475491311362,
      "corridor_score": 0.2853028394472625,
      "segment_id": 0
    },
    {
      "time": "2019-01-23 10:54:00+00:00",
      "CP": 0.7156046042958729,
      "SCE": 0.046842927154626984,
      "S_struct": 3.0609552495786665,
      "admissible": false,
      "snowfall_cm": 1.0,
      "depth_est_cm": 7.016952246702842,
      "corridor_score": 0.32869458293979736,
      "segment_id": 0
    },
    {
      "time": "2019-01-23 11:35:00+00:00",
      "CP": 0.7156046042958729,
      "SCE": 0.050274434234146084,
      "S_struct": 2.990258596809992,
      "admissible": false,
      "snowfall_cm": 0.5,
      "depth_est_cm": 7.016952246702842,
      "corridor_score": 0.3527733042510056,
      "segment_id": 0
    },
    {
      "time": "2019-01-23 11:41:00+00:00",
      "CP": 0.6505496402689754,
      "SCE": 0.04710794724688688,
      "S_struct": 3.0553135608368898,
      "admissible": false,
      "snowfall_cm": 0.5,
      "depth_est_cm": 6.514408520833614,
      "corridor_score": 0.3068804129441003,
      "segment_id": 0
    },
    {
      "time": "2019-01-23 11:54:00+00:00",
      "CP": 0.6000562108195361,
      "SCE": 0.044788360199884865,
      "S_struct": 3.105806990286329,
      "admissible": false,
      "snowfall_cm": 0.8,
      "depth_est_cm": 6.110503885080916,
      "corridor_score": 0.27367944900779995,
      "segment_id": 0
    },
    {
      "time": "2019-01-23 12:00:00+00:00",
      "CP": 0.6000562108195361,
      "SCE": 0.04934280633463561,
      "S_struct": 3.0089632920230014,
      "admissible": false,
      "snowfall_cm": 5.0,
      "depth_est_cm": 6.110503885080916,
      "corridor_score": 0.3015094098085861,
      "segment_id": 0
    },
    {
      "time": "2019-01-23 12:14:00+00:00",
      "CP": 0.6000562108195361,
      "SCE": 0.22084167810389102,
      "S_struct": 1.510309222863543,
      "admissible": true,
      "snowfall_cm": 0.2,
      "depth_est_cm": 6.110503885080916,
      "corridor_score": 1.349453932041615,
      "segment_id": 0
    },
    {
      "time": "2019-01-23 12:23:00+00:00",
      "CP": 0.7286396845665793,
      "SCE": 0.22626763051164314,
      "S_struct": 1.48603677452475,
      "admissible": true,
      "snowfall_cm": 0.2,
      "depth_est_cm": 7.115352266192778,
      "corridor_score": 1.60997389752709,
      "segment_id": 0
    },
    {
      "time": "2019-01-23 12:54:00+00:00",
      "CP": 0.7286396845665793,
      "SCE": 0.22626763051164314,
      "S_struct": 1.48603677452475,
      "admissible": true,
      "snowfall_cm": 0.3,
      "depth_est_cm": 7.115352266192778,
      "corridor_score": 1.60997389752709,
      "segment_id": 0
    },
    {
      "time": "2019-01-23 13:23:00+00:00",
      "CP": 0.7286396845665793,
      "SCE": 0.25743154023697407,
      "S_struct": 1.357001457383603,
      "admissible": true,
      "snowfall_cm": 0.2,
      "depth_est_cm": 7.115352266192778,
      "corridor_score": 1.8317160932146506,
      "segment_id": 0
    },
    {
      "time": "2019-01-23 13:54:00+00:00",
      "CP": 0.8540805545354959,
      "SCE": 0.22951807089348253,
      "S_struct": 1.4717735123047777,
      "admissible": true,
      "snowfall_cm": 0.3,
      "depth_est_cm": 8.026055898224683,
      "corridor_score": 1.8421248666437864,
      "segment_id": 0
    },
    {
      "time": "2019-01-23 15:54:00+00:00",
      "CP": 1.2610830662094246,
      "SCE": 0.15606033075949208,
      "S_struct": 1.857512610857782,
      "admissible": true,
      "snowfall_cm": 0.5,
      "depth_est_cm": 10.605971107222945,
      "corridor_score": 1.6551713590188293,
      "segment_id": 0
    },
    {
      "time": "2019-01-23 18:00:00+00:00",
      "CP": 2.9322101929239444,
      "SCE": 0.03549762992097299,
      "S_struct": 3.3382893475189945,
      "admissible": false,
      "snowfall_cm": 1.0,
      "depth_est_cm": 17.799621552129707,
      "corridor_score": 0.6318443785908752,
      "segment_id": 0
    },
    {
      "time": "2019-01-24 12:00:00+00:00",
      "CP": 3.6707331791196705,
      "SCE": 0.10150242807252144,
      "S_struct": 2.287672558889656,
      "admissible": true,
      "snowfall_cm": 1.0,
      "depth_est_cm": 20.037108741365643,
      "corridor_score": 2.0338151888017566,
      "segment_id": 0
    },
    {
      "time": "2019-01-26 14:54:00+00:00",
      "CP": 8.702113550870815,
      "SCE": 0.0006181007475870527,
      "S_struct": 7.388859091807701,
      "admissible": false,
      "snowfall_cm": 0.3,
      "depth_est_cm": 29.54046879701722,
      "corridor_score": 0.018258985847508347,
      "segment_id": 0
    },
    {
      "time": "2019-01-26 15:25:00+00:00",
      "CP": 6.092576476662967,
      "SCE": 6.80793290149837e-05,
      "S_struct": 9.594836929579339,
      "admissible": false,
      "snowfall_cm": 0.2,
      "depth_est_cm": 25.467632715121315,
      "corridor_score": 0.0017338193468455067,
      "segment_id": 0
    },
    {
      "time": "2019-01-26 15:50:00+00:00",
      "CP": 6.092576476662967,
      "SCE": 6.80793290149837e-05,
      "S_struct": 9.594836929579339,
      "admissible": false,
      "snowfall_cm": 0.2,
      "depth_est_cm": 25.467632715121315,
      "corridor_score": 0.0017338193468455067,
      "segment_id": 0
    },
    {
      "time": "2019-01-26 15:54:00+00:00",
      "CP": 4.525524253986158,
      "SCE": 1.4205389085988645e-05,
      "S_struct": 11.161889152256148,
      "admissible": false,
      "snowfall_cm": 0.3,
      "depth_est_cm": 22.221915696520508,
      "corridor_score": 0.0003156709587051122,
      "segment_id": 0
    },
    {
      "time": "2019-01-26 16:12:00+00:00",
      "CP": 3.6204194031889263,
      "SCE": 5.7460723676126294e-06,
      "S_struct": 12.066994003053379,
      "admissible": false,
      "snowfall_cm": 0.2,
      "depth_est_cm": 19.896311251497508,
      "corridor_score": 0.00011432564429965008,
      "segment_id": 0
    },
    {
      "time": "2019-01-26 16:54:00+00:00",
      "CP": 4.525524253986158,
      "SCE": 2.3242832318058622e-06,
      "S_struct": 12.97209885385061,
      "admissible": false,
      "snowfall_cm": 0.3,
      "depth_est_cm": 22.221915696520508,
      "corridor_score": 5.1650026032026105e-05,
      "segment_id": 0
    },
    {
      "time": "2019-01-26 17:23:00+00:00",
      "CP": 4.119690047855032,
      "SCE": 1.548950334508778e-06,
      "S_struct": 13.377933059981737,
      "admissible": false,
      "snowfall_cm": 0.2,
      "depth_est_cm": 21.230220695978222,
      "corridor_score": 3.288455744873065e-05,
      "segment_id": 0
    },
    {
      "time": "2019-01-26 17:54:00+00:00",
      "CP": 3.899340857056719,
      "SCE": 1.2426277706021023e-06,
      "S_struct": 13.59828225078005,
      "admissible": false,
      "snowfall_cm": 0.3,
      "depth_est_cm": 20.658308802300997,
      "corridor_score": 2.5670588211413073e-05,
      "segment_id": 0
    },
    {
      "time": "2019-01-26 18:00:00+00:00",
      "CP": 3.899340857056719,
      "SCE": 1.663687359719711e-06,
      "S_struct": 13.306474118001642,
      "admissible": false,
      "snowfall_cm": 1.0,
      "depth_est_cm": 20.658308802300997,
      "corridor_score": 3.436896722757461e-05,
      "segment_id": 0
    },
    {
      "time": "2019-01-27 12:00:00+00:00",
      "CP": 6.830269586503668,
      "SCE": 2.404460565520388e-06,
      "S_struct": 12.938184976645822,
      "admissible": false,
      "snowfall_cm": 1.0,
      "depth_est_cm": 26.75396021167217,
      "corridor_score": 6.432884230046722e-05,
      "segment_id": 0
    },
    {
      "time": "2019-01-28 01:20:00+00:00",
      "CP": 3.334841181411795,
      "SCE": 0.006022088824028248,
      "S_struct": 5.112321099109712,
      "admissible": false,
      "snowfall_cm": 0.2,
      "depth_est_cm": 19.066904651715056,
      "corridor_score": 0.11482259341190544,
      "segment_id": 0
    },
    {
      "time": "2019-01-28 01:25:00+00:00",
      "CP": 3.1300177226300154,
      "SCE": 0.004906744665907328,
      "S_struct": 5.317144557891492,
      "admissible": false,
      "snowfall_cm": 0.2,
      "depth_est_cm": 18.437662076046752,
      "corridor_score": 0.09046890004344423,
      "segment_id": 0
    },
    {
      "time": "2019-01-28 01:36:00+00:00",
      "CP": 3.159628233876959,
      "SCE": 0.0047635834461948285,
      "S_struct": 5.346755069138435,
      "admissible": false,
      "snowfall_cm": 0.2,
      "depth_est_cm": 18.530534144501807,
      "corridor_score": 0.08827174569989686,
      "segment_id": 0
    },
    {
      "time": "2019-01-28 01:54:00+00:00",
      "CP": 3.470411338848463,
      "SCE": 0.0034911008101873296,
      "S_struct": 5.6575381741099395,
      "admissible": false,
      "snowfall_cm": 0.8,
      "depth_est_cm": 19.467245544570883,
      "corridor_score": 0.0679621166927671,
      "segment_id": 0
    },
    {
      "time": "2019-01-28 02:02:00+00:00",
      "CP": 2.5165541522739105,
      "SCE": 0.0028311533367155316,
      "S_struct": 5.867071110873194,
      "admissible": false,
      "snowfall_cm": 0.2,
      "depth_est_cm": 16.347260489664954,
      "corridor_score": 0.04628160108147291,
      "segment_id": 0
    },
    {
      "time": "2019-01-28 02:25:00+00:00",
      "CP": 2.516554152273911,
      "SCE": 0.0028311533367155316,
      "S_struct": 5.867071110873194,
      "admissible": false,
      "snowfall_cm": 0.7000000000000001,
      "depth_est_cm": 16.347260489664954,
      "corridor_score": 0.04628160108147291,
      "segment_id": 0
    },
    {
      "time": "2019-01-28 02:35:00+00:00",
      "CP": 2.256896592463389,
      "SCE": 0.003534769816627262,
      "S_struct": 5.645107097276407,
      "admissible": false,
      "snowfall_cm": 0.7000000000000001,
      "depth_est_cm": 15.350072094105515,
      "corridor_score": 0.054258971521296606,
      "segment_id": 0
    },
    {
      "time": "2019-01-28 02:54:00+00:00",
      "CP": 2.4389043821781784,
      "SCE": 0.006202575703329219,
      "S_struct": 5.082790637179901,
      "admissible": false,
      "snowfall_cm": 0.5,
      "depth_est_cm": 16.05698805233391,
      "corridor_score": 0.09959468396205387,
      "segment_id": 0
    },
    {
      "time": "2019-01-28 04:54:00+00:00",
      "CP": 4.189847049664517,
      "SCE": 0.004274968041456541,
      "S_struct": 5.454978652304037,
      "admissible": false,
      "snowfall_cm": 0.3,
      "depth_est_cm": 21.407154945072357,
      "corridor_score": 0.09151490324869267,
      "segment_id": 0
    },
    {
      "time": "2019-01-28 05:54:00+00:00",
      "CP": 5.640178720702234,
      "SCE": 0.0010024479469818276,
      "S_struct": 6.905310323341753,
      "admissible": false,
      "snowfall_cm": 0.3,
      "depth_est_cm": 24.610805425628868,
      "corridor_score": 0.024671051372490885,
      "segment_id": 0
    },
    {
      "time": "2019-01-28 06:00:00+00:00",
      "CP": 5.049302854723904,
      "SCE": 0.0005551977566920584,
      "S_struct": 7.496186189320083,
      "admissible": false,
      "snowfall_cm": 2.0,
      "depth_est_cm": 23.399259452127566,
      "corridor_score": 0.012991216356076668,
      "segment_id": 0
    },
    {
      "time": "2019-01-31 13:54:00+00:00",
      "CP": 3.546760522133898,
      "SCE": 1.511937602281078e-05,
      "S_struct": 11.099533456397069,
      "admissible": false,
      "snowfall_cm": 0.3,
      "depth_est_cm": 19.687395081018863,
      "corridor_score": 0.00029766112913955946,
      "segment_id": 0
    },
    {
      "time": "2019-01-31 18:00:00+00:00",
      "CP": 5.681731828123049,
      "SCE": 1.0720989466252257e-05,
      "S_struct": 11.443307105624722,
      "admissible": false,
      "snowfall_cm": 0.3,
      "depth_est_cm": 24.691903725510375,
      "corridor_score": 0.0002647216397429116,
      "segment_id": 0
    },
    {
      "time": "2019-02-01 12:00:00+00:00",
      "CP": 2.410954542069272,
      "SCE": 1.487594762107613e-05,
      "S_struct": 11.115764902943134,
      "admissible": false,
      "snowfall_cm": 0.3,
      "depth_est_cm": 15.950898294297224,
      "corridor_score": 0.0002372847275350781,
      "segment_id": 0
    },
    {
      "time": "2019-02-05 16:27:00+00:00",
      "CP": 2.119223884950028,
      "SCE": 9.791068749355981e-12,
      "S_struct": 25.34955049789237,
      "admissible": false,
      "snowfall_cm": 0.2,
      "depth_est_cm": 14.788594808689895,
      "corridor_score": 1.4479614847825172e-10,
      "segment_id": 0
    },
    {
      "time": "2019-02-05 16:54:00+00:00",
      "CP": 2.216976420728011,
      "SCE": 2.8350934107056156e-08,
      "S_struct": 17.37860585821295,
      "admissible": false,
      "snowfall_cm": 0.3,
      "depth_est_cm": 15.189744942397308,
      "corridor_score": 4.3064345796489556e-07,
      "segment_id": 0
    },
    {
      "time": "2019-02-05 18:00:00+00:00",
      "CP": 1.6852581455266753,
      "SCE": 2.2032557587213094e-05,
      "S_struct": 10.722989308236622,
      "admissible": false,
      "snowfall_cm": 0.3,
      "depth_est_cm": 12.841099270020887,
      "corridor_score": 0.00028292225914985523,
      "segment_id": 0
    },
    {
      "time": "2019-02-05 18:54:00+00:00",
      "CP": 2.44237043538055,
      "SCE": 0.00012693875360829317,
      "S_struct": 8.97180584288086,
      "admissible": false,
      "snowfall_cm": 0.3,
      "depth_est_cm": 16.07008408370485,
      "corridor_score": 0.0020399164439659635,
      "segment_id": 0
    },
    {
      "time": "2019-02-06 00:00:00+00:00",
      "CP": 3.2248974487049313,
      "SCE": 0.0003218205054753468,
      "S_struct": 8.041516604257271,
      "admissible": false,
      "snowfall_cm": 0.3,
      "depth_est_cm": 18.732934844242855,
      "corridor_score": 0.006028642560610972,
      "segment_id": 0
    },
    {
      "time": "2019-02-06 06:51:00+00:00",
      "CP": 0.23986802859264408,
      "SCE": 0.004546660139567482,
      "S_struct": 5.393362350814961,
      "admissible": false,
      "snowfall_cm": 0.2,
      "depth_est_cm": 2.795064290183174,
      "corridor_score": 0.012708207395704314,
      "segment_id": 0
    },
    {
      "time": "2019-02-06 06:54:00+00:00",
      "CP": 0.14649228471573345,
      "SCE": 0.004141330795160561,
      "S_struct": 5.486738094691872,
      "admissible": false,
      "snowfall_cm": 0.3,
      "depth_est_cm": 1.777192220303295,
      "corridor_score": 0.007359940870861808,
      "segment_id": 0
    },
    {
      "time": "2019-02-06 12:00:00+00:00",
      "CP": 0.3505763494815566,
      "SCE": 0.018938500137971815,
      "S_struct": 3.966558384540915,
      "admissible": false,
      "snowfall_cm": 0.3,
      "depth_est_cm": 3.90690854951088,
      "corridor_score": 0.07399098810395506,
      "segment_id": 0
    },
    {
      "time": "2019-02-06 18:40:00+00:00",
      "CP": 0.7838027705969947,
      "SCE": 0.16056969412257965,
      "S_struct": 1.82902719936986,
      "admissible": true,
      "snowfall_cm": 0.2,
      "depth_est_cm": 7.5237171548254365,
      "corridor_score": 1.2080809622151256,
      "segment_id": 0
    },
    {
      "time": "2019-02-06 18:47:00+00:00",
      "CP": 0.7838027705969947,
      "SCE": 0.22282590391574525,
      "S_struct": 1.5013645123563049,
      "admissible": true,
      "snowfall_cm": 0.2,
      "depth_est_cm": 7.5237171548254365,
      "corridor_score": 1.676479075830377,
      "segment_id": 0
    },
    {
      "time": "2019-02-06 18:54:00+00:00",
      "CP": 0.7838027705969947,
      "SCE": 0.23437398878203197,
      "S_struct": 1.4508371967967664,
      "admissible": true,
      "snowfall_cm": 0.3,
      "depth_est_cm": 7.5237171548254365,
      "corridor_score": 1.7633636000442383,
      "segment_id": 0
    },
    {
      "time": "2019-02-07 00:00:00+00:00",
      "CP": 1.2270620916900599,
      "SCE": 0.12463339061098173,
      "S_struct": 2.0823787260980273,
      "admissible": true,
      "snowfall_cm": 0.3,
      "depth_est_cm": 10.408882499629279,
      "corridor_score": 1.2972943184001078,
      "segment_id": 0
    },
    {
      "time": "2019-02-07 07:54:00+00:00",
      "CP": 1.2238701010657556,
      "SCE": 0.05410202815087414,
      "S_struct": 2.9168836049068085,
      "admissible": false,
      "snowfall_cm": 1.5,
      "depth_est_cm": 10.390236569548676,
      "corridor_score": 0.5621328713799645,
      "segment_id": 0
    },
    {
      "time": "2019-02-07 08:07:00+00:00",
      "CP": 1.2238701010657556,
      "SCE": 0.06067833783201681,
      "S_struct": 2.802168517230035,
      "admissible": false,
      "snowfall_cm": 1.0,
      "depth_est_cm": 10.390236569548676,
      "corridor_score": 0.63046228472165,
      "segment_id": 0
    },
    {
      "time": "2019-02-07 08:12:00+00:00",
      "CP": 1.2298717619696253,
      "SCE": 0.0907852388434524,
      "S_struct": 2.399258574393855,
      "admissible": true,
      "snowfall_cm": 1.0,
      "depth_est_cm": 10.425273013678714,
      "corridor_score": 0.9464609005550207,
      "segment_id": 0
    },
    {
      "time": "2019-02-07 08:18:00+00:00",
      "CP": 1.2298717619696253,
      "SCE": 0.0948522436405944,
      "S_struct": 2.355434928262067,
      "admissible": true,
      "snowfall_cm": 1.2000000000000002,
      "depth_est_cm": 10.425273013678714,
      "corridor_score": 0.9888605359131672,
      "segment_id": 0
    },
    {
      "time": "2019-02-07 08:22:00+00:00",
      "CP": 1.2298717619696253,
      "SCE": 0.0948522436405944,
      "S_struct": 2.355434928262067,
      "admissible": true,
      "snowfall_cm": 1.5,
      "depth_est_cm": 10.425273013678714,
      "corridor_score": 0.9888605359131672,
      "segment_id": 0
    },
    {
      "time": "2019-02-07 08:41:00+00:00",
      "CP": 1.3323610754670945,
      "SCE": 0.08561247745810992,
      "S_struct": 2.457924241759536,
      "admissible": true,
      "snowfall_cm": 2.2,
      "depth_est_cm": 11.009454190910322,
      "corridor_score": 0.9425466487454037,
      "segment_id": 0
    },
    {
      "time": "2019-02-07 08:54:00+00:00",
      "CP": 1.3323610754670945,
      "SCE": 0.11136052533393412,
      "S_struct": 2.1949823649688094,
      "admissible": true,
      "snowfall_cm": 1.7999999999999998,
      "depth_est_cm": 11.009454190910322,
      "corridor_score": 1.226018602339656,
      "segment_id": 0
    },
    {
      "time": "2019-02-07 12:00:00+00:00",
      "CP": 2.921300395947224,
      "SCE": 0.036814570377427615,
      "S_struct": 3.301861577999273,
      "admissible": false,
      "snowfall_cm": 3.0,
      "depth_est_cm": 17.76350332186212,
      "corridor_score": 0.6539557431923623,
      "segment_id": 0
    },
    {
      "time": "2019-02-07 13:54:00+00:00",
      "CP": 2.9474281352789427,
      "SCE": 0.019056180911534402,
      "S_struct": 3.9603637727359198,
      "admissible": false,
      "snowfall_cm": 0.3,
      "depth_est_cm": 17.849835404172822,
      "corridor_score": 0.3401496927030291,
      "segment_id": 0
    },
    {
      "time": "2019-02-07 14:10:00+00:00",
      "CP": 3.0010177377385605,
      "SCE": 0.022445416810676418,
      "S_struct": 3.7966688366076173,
      "admissible": false,
      "snowfall_cm": 0.2,
      "depth_est_cm": 18.025133921490532,
      "corridor_score": 0.40458164393611734,
      "segment_id": 0
    },
    {
      "time": "2019-02-07 14:25:00+00:00",
      "CP": 3.815466201160476,
      "SCE": 0.011008854504877218,
      "S_struct": 4.509055374997443,
      "admissible": false,
      "snowfall_cm": 0.5,
      "depth_est_cm": 20.433827222041945,
      "corridor_score": 0.2249530308652592,
      "segment_id": 0
    },
    {
      "time": "2019-02-07 14:46:00+00:00",
      "CP": 3.815466201160476,
      "SCE": 0.017737266655005732,
      "S_struct": 4.032087392043779,
      "admissible": false,
      "snowfall_cm": 0.5,
      "depth_est_cm": 20.433827222041945,
      "corridor_score": 0.36244024221967297,
      "segment_id": 0
    },
    {
      "time": "2019-02-07 14:54:00+00:00",
      "CP": 3.4066662510361394,
      "SCE": 0.01178547612863738,
      "S_struct": 4.440887342168116,
      "admissible": false,
      "snowfall_cm": 0.3,
      "depth_est_cm": 19.280539868679043,
      "corridor_score": 0.22723034236955814,
      "segment_id": 0
    },
    {
      "time": "2019-02-07 15:33:00+00:00",
      "CP": 2.630397126830173,
      "SCE": 0.007117595417902713,
      "S_struct": 4.945185332803915,
      "admissible": false,
      "snowfall_cm": 0.2,
      "depth_est_cm": 16.761446567105452,
      "corridor_score": 0.11930119528345093,
      "segment_id": 0
    },
    {
      "time": "2019-02-07 15:47:00+00:00",
      "CP": 2.8910946811169005,
      "SCE": 0.005484206367852594,
      "S_struct": 5.205882887090642,
      "admissible": false,
      "snowfall_cm": 0.2,
      "depth_est_cm": 17.66297685190665,
      "corridor_score": 0.09686741012645941,
      "segment_id": 0
    },
    {
      "time": "2019-02-07 15:54:00+00:00",
      "CP": 3.951536820755557,
      "SCE": 0.0019106278649723882,
      "S_struct": 6.260323365825428,
      "admissible": false,
      "snowfall_cm": 0.3,
      "depth_est_cm": 20.79607396405017,
      "corridor_score": 0.039733558397741044,
      "segment_id": 0
    },
    {
      "time": "2019-02-07 18:00:00+00:00",
      "CP": 2.2833183910610386,
      "SCE": 0.0007498535319365963,
      "S_struct": 7.195632661256845,
      "admissible": false,
      "snowfall_cm": 0.8,
      "depth_est_cm": 15.455110002275525,
      "corridor_score": 0.01158906882167492,
      "segment_id": 0
    },
    {
      "time": "2019-02-08 12:00:00+00:00",
      "CP": 2.849014463308874,
      "SCE": 0.012998094912679767,
      "S_struct": 4.342952477437874,
      "admissible": false,
      "snowfall_cm": 0.8,
      "depth_est_cm": 17.52162271566425,
      "corridor_score": 0.22774771508236974,
      "segment_id": 0
    },
    {
      "time": "2019-02-10 12:43:00+00:00",
      "CP": 1.2599099253312034,
      "SCE": 8.923153970593285e-09,
      "S_struct": 18.534616368703407,
      "admissible": false,
      "snowfall_cm": 0.2,
      "depth_est_cm": 10.599224433743153,
      "corridor_score": 9.457851159116459e-08,
      "segment_id": 0
    },
    {
      "time": "2019-02-10 12:54:00+00:00",
      "CP": 1.923753519008484,
      "SCE": 1.1461359166852227e-06,
      "S_struct": 13.679114345757297,
      "admissible": false,
      "snowfall_cm": 0.3,
      "depth_est_cm": 13.947287152626195,
      "corridor_score": 1.5985486745947256e-05,
      "segment_id": 0
    },
    {
      "time": "2019-02-10 13:08:00+00:00",
      "CP": 1.5839188622202425,
      "SCE": 1.7988330711839254e-06,
      "S_struct": 13.228372397082147,
      "admissible": false,
      "snowfall_cm": 0.2,
      "depth_est_cm": 12.340993409651366,
      "corridor_score": 2.219938707654375e-05,
      "segment_id": 0
    },
    {
      "time": "2019-02-10 13:13:00+00:00",
      "CP": 1.4934447204797996,
      "SCE": 1.64323033202581e-06,
      "S_struct": 13.31884653882259,
      "admissible": false,
      "snowfall_cm": 0.2,
      "depth_est_cm": 11.87764729202542,
      "corridor_score": 1.9517710303360397e-05,
      "segment_id": 0
    },
    {
      "time": "2019-02-10 13:26:00+00:00",
      "CP": 1.7142444372820442,
      "SCE": 1.3176690472879613e-06,
      "S_struct": 13.539646255624834,
      "admissible": false,
      "snowfall_cm": 0.7000000000000001,
      "depth_est_cm": 12.98067709481859,
      "corridor_score": 1.7104236420682274e-05,
      "segment_id": 0
    },
    {
      "time": "2019-02-10 13:54:00+00:00",
      "CP": 1.8109609943589053,
      "SCE": 1.1961974636211889e-06,
      "S_struct": 13.636362812701696,
      "admissible": false,
      "snowfall_cm": 2.0,
      "depth_est_cm": 13.435843404817078,
      "corridor_score": 1.6071921802453666e-05,
      "segment_id": 0
    },
    {
      "time": "2019-02-10 14:54:00+00:00",
      "CP": 1.8109609943589053,
      "SCE": 1.1961974636211865e-06,
      "S_struct": 13.636362812701698,
      "admissible": false,
      "snowfall_cm": 2.5,
      "depth_est_cm": 13.435843404817078,
      "corridor_score": 1.6071921802453636e-05,
      "segment_id": 0
    },
    {
      "time": "2019-02-10 15:27:00+00:00",
      "CP": 1.1318506214743163,
      "SCE": 6.065533276292835e-07,
      "S_struct": 14.315473185586287,
      "admissible": false,
      "snowfall_cm": 1.0,
      "depth_est_cm": 9.840875705367328,
      "corridor_score": 5.969015905876725e-06,
      "segment_id": 0
    },
    {
      "time": "2019-02-10 15:39:00+00:00",
      "CP": 1.0006115043399049,
      "SCE": 5.319521460307125e-07,
      "S_struct": 14.446712302720696,
      "admissible": false,
      "snowfall_cm": 1.0,
      "depth_est_cm": 9.014887517963972,
      "corridor_score": 4.795488761406418e-06,
      "segment_id": 0
    },
    {
      "time": "2019-02-10 15:54:00+00:00",
      "CP": 0.9950557975227957,
      "SCE": 5.290049702694603e-07,
      "S_struct": 14.452268009537807,
      "admissible": false,
      "snowfall_cm": 1.0,
      "depth_est_cm": 8.978736242239608,
      "corridor_score": 4.749796098883289e-06,
      "segment_id": 0
    },
    {
      "time": "2019-02-10 16:14:00+00:00",
      "CP": 0.9950557975227957,
      "SCE": 2.5307462995485903e-06,
      "S_struct": 12.886996318664178,
      "admissible": false,
      "snowfall_cm": 0.2,
      "depth_est_cm": 8.978736242239608,
      "corridor_score": 2.2722903519670702e-05,
      "segment_id": 0
    },
    {
      "time": "2019-02-10 16:54:00+00:00",
      "CP": 1.0945613772750755,
      "SCE": 2.291046407141176e-06,
      "S_struct": 12.986501898416458,
      "admissible": false,
      "snowfall_cm": 0.5,
      "depth_est_cm": 9.61147414497496,
      "corridor_score": 2.2020333307175187e-05,
      "segment_id": 0
    },
    {
      "time": "2019-02-10 18:00:00+00:00",
      "CP": 0.9699274414702751,
      "SCE": 2.0225816171921143e-06,
      "S_struct": 13.111135834221258,
      "admissible": false,
      "snowfall_cm": 6.0,
      "depth_est_cm": 8.813957234297993,
      "corridor_score": 1.782694787680857e-05,
      "segment_id": 0
    },
    {
      "time": "2019-02-11 19:37:00+00:00",
      "CP": 0.2785320272686515,
      "SCE": 0.2325486826303039,
      "S_struct": 1.4586556882160409,
      "admissible": true,
      "snowfall_cm": 0.2,
      "depth_est_cm": 3.1942633592378313,
      "corridor_score": 0.7428217361650068,
      "segment_id": 0
    },
    {
      "time": "2019-02-11 19:47:00+00:00",
      "CP": 0.28063982927733955,
      "SCE": 0.2320590322742261,
      "S_struct": 1.4607634902247288,
      "admissible": true,
      "snowfall_cm": 0.2,
      "depth_est_cm": 3.215677655615681,
      "corridor_score": 0.7462270448680272,
      "segment_id": 0
    },
    {
      "time": "2019-02-11 19:54:00+00:00",
      "CP": 0.28063982927733955,
      "SCE": 0.2320590322742261,
      "S_struct": 1.4607634902247288,
      "admissible": true,
      "snowfall_cm": 0.5,
      "depth_est_cm": 3.215677655615681,
      "corridor_score": 0.7462270448680272,
      "segment_id": 0
    },
    {
      "time": "2019-02-11 20:30:00+00:00",
      "CP": 0.28063982927733955,
      "SCE": 0.2320590322742261,
      "S_struct": 1.4607634902247288,
      "admissible": true,
      "snowfall_cm": 0.5,
      "depth_est_cm": 3.215677655615681,
      "corridor_score": 0.7462270448680272,
      "segment_id": 0
    },
    {
      "time": "2019-02-11 20:54:00+00:00",
      "CP": 0.5941902535105172,
      "SCE": 0.22312544829697967,
      "S_struct": 1.5000211172761133,
      "admissible": true,
      "snowfall_cm": 0.3,
      "depth_est_cm": 6.062757080572944,
      "corridor_score": 1.352755391518526,
      "segment_id": 0
    },
    {
      "time": "2019-02-11 21:07:00+00:00",
      "CP": 0.5941902535105172,
      "SCE": 0.22312544829697967,
      "S_struct": 1.5000211172761133,
      "admissible": true,
      "snowfall_cm": 0.2,
      "depth_est_cm": 6.062757080572944,
      "corridor_score": 1.352755391518526,
      "segment_id": 0
    },
    {
      "time": "2019-02-11 21:21:00+00:00",
      "CP": 0.5941902535105172,
      "SCE": 0.22312544829697967,
      "S_struct": 1.5000211172761133,
      "admissible": true,
      "snowfall_cm": 0.2,
      "depth_est_cm": 6.062757080572944,
      "corridor_score": 1.352755391518526,
      "segment_id": 0
    },
    {
      "time": "2019-02-11 21:32:00+00:00",
      "CP": 0.5979596927804637,
      "SCE": 0.27937139274811545,
      "S_struct": 1.2752132255612314,
      "admissible": true,
      "snowfall_cm": 0.5,
      "depth_est_cm": 6.0934591052962475,
      "corridor_score": 1.7023381569002982,
      "segment_id": 0
    },
    {
      "time": "2019-02-11 21:54:00+00:00",
      "CP": 0.5979596927804637,
      "SCE": 0.35111695897189227,
      "S_struct": 1.0466358945764034,
      "admissible": true,
      "snowfall_cm": 0.8,
      "depth_est_cm": 6.0934591052962475,
      "corridor_score": 2.139516830671206,
      "segment_id": 0
    },
    {
      "time": "2019-02-11 22:54:00+00:00",
      "CP": 0.6680206073345617,
      "SCE": 0.3273593410539133,
      "S_struct": 1.1166968091305014,
      "admissible": true,
      "snowfall_cm": 0.8,
      "depth_est_cm": 6.651289558905704,
      "corridor_score": 2.177361767162145,
      "segment_id": 0
    },
    {
      "time": "2019-02-11 23:54:00+00:00",
      "CP": 0.6680206073345617,
      "SCE": 0.3273593410539133,
      "S_struct": 1.1166968091305014,
      "admissible": true,
      "snowfall_cm": 1.0,
      "depth_est_cm": 6.651289558905704,
      "corridor_score": 2.177361767162145,
      "segment_id": 0
    },
    {
      "time": "2019-02-12 00:00:00+00:00",
      "CP": 0.6680206073345617,
      "SCE": 0.3273593410539133,
      "S_struct": 1.1166968091305014,
      "admissible": true,
      "snowfall_cm": 3.0,
      "depth_est_cm": 6.651289558905704,
      "corridor_score": 2.177361767162145,
      "segment_id": 0
    },
    {
      "time": "2019-02-12 00:16:00+00:00",
      "CP": 0.6680206073345617,
      "SCE": 0.3273593410539133,
      "S_struct": 1.1166968091305014,
      "admissible": true,
      "snowfall_cm": 0.5,
      "depth_est_cm": 6.651289558905704,
      "corridor_score": 2.177361767162145,
      "segment_id": 0
    },
    {
      "time": "2019-02-12 00:54:00+00:00",
      "CP": 0.7498189647384605,
      "SCE": 0.3016478002437862,
      "S_struct": 1.1984951665344004,
      "admissible": true,
      "snowfall_cm": 0.8,
      "depth_est_cm": 7.273660340223614,
      "corridor_score": 2.1940836413489224,
      "segment_id": 0
    },
    {
      "time": "2019-02-12 01:54:00+00:00",
      "CP": 0.7498189647384605,
      "SCE": 0.507350375679389,
      "S_struct": 0.6785534377835063,
      "admissible": true,
      "snowfall_cm": 1.0,
      "depth_est_cm": 7.273660340223614,
      "corridor_score": 3.6902943061767233,
      "segment_id": 0
    },
    {
      "time": "2019-02-12 02:54:00+00:00",
      "CP": 0.5130340285052625,
      "SCE": 0.4003811245976768,
      "S_struct": 0.9153383740167043,
      "admissible": true,
      "snowfall_cm": 0.5,
      "depth_est_cm": 5.383520028947377,
      "corridor_score": 2.155459803484068,
      "segment_id": 0
    },
    {
      "time": "2019-02-12 03:54:00+00:00",
      "CP": 0.3388611876842749,
      "SCE": 0.39512994508973176,
      "S_struct": 0.9285405932706831,
      "admissible": true,
      "snowfall_cm": 0.3,
      "depth_est_cm": 3.7936521049702296,
      "corridor_score": 1.4989855479264322,
      "segment_id": 0
    },
    {
      "time": "2019-02-12 04:42:00+00:00",
      "CP": 0.3388611876842749,
      "SCE": 0.39512994508973176,
      "S_struct": 0.9285405932706831,
      "admissible": true,
      "snowfall_cm": 0.2,
      "depth_est_cm": 3.7936521049702296,
      "corridor_score": 1.4989855479264322,
      "segment_id": 0
    },
    {
      "time": "2019-02-12 04:54:00+00:00",
      "CP": 0.3388611876842749,
      "SCE": 0.395963679146166,
      "S_struct": 0.926432791261995,
      "admissible": true,
      "snowfall_cm": 0.3,
      "depth_est_cm": 3.7936521049702296,
      "corridor_score": 1.5021484448846092,
      "segment_id": 0
    },
    {
      "time": "2019-02-12 05:54:00+00:00",
      "CP": 0.5506494299869468,
      "SCE": 0.32038847549080274,
      "S_struct": 1.1382210335646668,
      "admissible": true,
      "snowfall_cm": 0.5,
      "depth_est_cm": 5.702759793496065,
      "corridor_score": 1.8270985163284492,
      "segment_id": 0
    },
    {
      "time": "2019-02-12 06:00:00+00:00",
      "CP": 0.5506494299869468,
      "SCE": 0.4383793667585493,
      "S_struct": 0.8246706093314891,
      "admissible": true,
      "snowfall_cm": 4.0,
      "depth_est_cm": 5.702759793496065,
      "corridor_score": 2.49997222704892,
      "segment_id": 0
    },
    {
      "time": "2019-02-12 06:14:00+00:00",
      "CP": 0.5506494299869468,
      "SCE": 0.4383793667585493,
      "S_struct": 0.8246706093314891,
      "admissible": true,
      "snowfall_cm": 0.2,
      "depth_est_cm": 5.702759793496065,
      "corridor_score": 2.49997222704892,
      "segment_id": 0
    },
    {
      "time": "2019-02-12 06:21:00+00:00",
      "CP": 0.5506494299869468,
      "SCE": 0.4400349294700139,
      "S_struct": 0.8209011700615427,
      "admissible": true,
      "snowfall_cm": 0.5,
      "depth_est_cm": 5.702759793496065,
      "corridor_score": 2.509413503515472,
      "segment_id": 0
    },
    {
      "time": "2019-02-12 06:38:00+00:00",
      "CP": 0.4456101289210137,
      "SCE": 0.39615866803248684,
      "S_struct": 0.9259404711274759,
      "admissible": true,
      "snowfall_cm": 0.7000000000000001,
      "depth_est_cm": 4.790909070946539,
      "corridor_score": 1.89796015621094,
      "segment_id": 0
    },
    {
      "time": "2019-02-12 06:42:00+00:00",
      "CP": 0.4456101289210137,
      "SCE": 0.39615866803248684,
      "S_struct": 0.9259404711274759,
      "admissible": true,
      "snowfall_cm": 0.7000000000000001,
      "depth_est_cm": 4.790909070946539,
      "corridor_score": 1.89796015621094,
      "segment_id": 0
    },
    {
      "time": "2019-02-12 06:54:00+00:00",
      "CP": 0.19504604742119735,
      "SCE": 0.33073307857288653,
      "S_struct": 1.1064436380731941,
      "admissible": true,
      "snowfall_cm": 1.0,
      "depth_est_cm": 2.316401334623232,
      "corridor_score": 0.7661105446102847,
      "segment_id": 0
    },
    {
      "time": "2019-02-12 12:00:00+00:00",
      "CP": 0.7949728597848686,
      "SCE": 0.24962707949634144,
      "S_struct": 1.3877871567997686,
      "admissible": true,
      "snowfall_cm": 1.0,
      "depth_est_cm": 7.604868725076042,
      "corridor_score": 1.8983811697937978,
      "segment_id": 0
    },
    {
      "time": "2019-02-17 03:30:00+00:00",
      "CP": 13.9405710341361,
      "SCE": 8.087464142304769e-06,
      "S_struct": 11.725195331865196,
      "admissible": false,
      "snowfall_cm": 0.2,
      "depth_est_cm": 35.153045210451495,
      "corridor_score": 0.00028429899263234486,
      "segment_id": 0
    },
    {
      "time": "2019-02-17 03:39:00+00:00",
      "CP": 16.32334489714264,
      "SCE": 2.2750423172722405e-06,
      "S_struct": 12.99351190473557,
      "admissible": false,
      "snowfall_cm": 0.5,
      "depth_est_cm": 37.07671510243967,
      "corridor_score": 8.435109584349703e-05,
      "segment_id": 0
    },
    {
      "time": "2019-02-17 03:51:00+00:00",
      "CP": 16.47040205837816,
      "SCE": 2.4334519350593193e-06,
      "S_struct": 12.926199759230478,
      "admissible": false,
      "snowfall_cm": 1.2000000000000002,
      "depth_est_cm": 37.18660579528118,
      "corridor_score": 9.049181783081508e-05,
      "segment_id": 0
    },
    {
      "time": "2019-02-17 03:52:00+00:00",
      "CP": 16.47040205837816,
      "SCE": 2.4334519350593193e-06,
      "S_struct": 12.926199759230478,
      "admissible": false,
      "snowfall_cm": 1.7999999999999998,
      "depth_est_cm": 37.18660579528118,
      "corridor_score": 9.049181783081508e-05,
      "segment_id": 0
    },
    {
      "time": "2019-02-17 04:04:00+00:00",
      "CP": 14.869390190902505,
      "SCE": 6.562636380079647e-07,
      "S_struct": 14.236703241530092,
      "admissible": false,
      "snowfall_cm": 0.7000000000000001,
      "depth_est_cm": 35.93709741083935,
      "corridor_score": 2.3584210286284042e-05,
      "segment_id": 0
    },
    {
      "time": "2019-02-17 04:27:00+00:00",
      "CP": 12.366621544909014,
      "SCE": 1.4578968701746012e-07,
      "S_struct": 15.74110075363588,
      "admissible": false,
      "snowfall_cm": 2.0,
      "depth_est_cm": 33.70588870929961,
      "corridor_score": 4.913970965574133e-06,
      "segment_id": 0
    },
    {
      "time": "2019-02-17 04:35:00+00:00",
      "CP": 10.747183009266166,
      "SCE": 2.886779308812909e-08,
      "S_struct": 17.36053928927873,
      "admissible": false,
      "snowfall_cm": 2.7,
      "depth_est_cm": 32.026975083411955,
      "corridor_score": 9.245480899466023e-07,
      "segment_id": 0
    }
  ]
}