{
  "rows": 11862,
  "start": "2021-01-01 00:00:00+00:00",
  "end": "2021-12-31 23:53:00+00:00",
  "segments": 1,
  "params": {
    "tct_window_hours": 24,
    "stress_window_hours": 24,
    "cp_threshold": 0.08,
    "s_max": 2.5,
    "k_depth": 13.0,
    "gap_hours": 6.0
  },
  "top_CP": [
    {
      "time": "2021-02-08 00:00:00+00:00",
      "CP": 100.09312574440743,
      "SCE": 4.979823298355403e-60,
      "S_struct": 136.54971117149364,
      "admissible": false,
      "snowfall_cm": 0.0,
      "depth_est_cm": 60.00854767829386,
      "corridor_score": 2.988319638288388e-58,
      "segment_id": 0
    },
    {
      "time": "2021-02-07 23:53:00+00:00",
      "CP": 100.09312574440743,
      "SCE": 3.0822423987889895e-60,
      "S_struct": 137.02944819600336,
      "admissible": false,
      "snowfall_cm": 0.0,
      "depth_est_cm": 60.00854767829386,
      "corridor_score": 1.849608899437879e-58,
      "segment_id": 0
    },
    {
      "time": "2021-02-07 22:53:00+00:00",
      "CP": 100.09312574440743,
      "SCE": 3.0140695849421605e-60,
      "S_struct": 137.05181439246468,
      "admissible": false,
      "snowfall_cm": 0.0,
      "depth_est_cm": 60.00854767829386,
      "corridor_score": 1.80869938393697e-58,
      "segment_id": 0
    },
    {
      "time": "2021-02-07 21:53:00+00:00",
      "CP": 100.09312574440743,
      "SCE": 5.669790469737929e-62,
      "S_struct": 141.02512360276484,
      "admissible": false,
      "snowfall_cm": 0.0,
      "depth_est_cm": 60.00854767829386,
      "corridor_score": 3.4023589172920463e-60,
      "segment_id": 0
    },
    {
      "time": "2021-02-08 03:53:00+00:00",
      "CP": 100.09312574440743,
      "SCE": 3.6809215226974777e-59,
      "S_struct": 134.54935735203966,
      "admissible": false,
      "snowfall_cm": 0.0,
      "depth_est_cm": 60.00854767829386,
      "corridor_score": 2.2088675469484962e-57,
      "segment_id": 0
    },
    {
      "time": "2021-02-08 04:53:00+00:00",
      "CP": 100.09312574440743,
      "SCE": 2.920432668811836e-58,
      "S_struct": 132.47820361410055,
      "admissible": false,
      "snowfall_cm": 0.0,
      "depth_est_cm": 60.00854767829386,
      "corridor_score": 1.7525092304764204e-56,
      "segment_id": 0
    },
    {
      "time": "2021-02-08 05:53:00+00:00",
      "CP": 100.09312574440743,
      "SCE": 2.4011374098479855e-56,
      "S_struct": 128.06882266180764,
      "admissible": false,
      "snowfall_cm": 0.0,
      "depth_est_cm": 60.00854767829386,
      "corridor_score": 1.4408876874099787e-54,
      "segment_id": 0
    },
    {
      "time": "2021-02-08 02:53:00+00:00",
      "CP": 100.09312574440743,
      "SCE": 3.6809215226974777e-59,
      "S_struct": 134.54935735203966,
      "admissible": false,
      "snowfall_cm": 0.0,
      "depth_est_cm": 60.00854767829386,
      "corridor_score": 2.2088675469484962e-57,
      "segment_id": 0
    },
    {
      "time": "2021-02-08 01:53:00+00:00",
      "CP": 100.09312574440743,
      "SCE": 3.6809215226974777e-59,
      "S_struct": 134.54935735203966,
      "admissible": false,
      "snowfall_cm": 0.0,
      "depth_est_cm": 60.00854767829386,
      "corridor_score": 2.2088675469484962e-57,
      "segment_id": 0
    },
    {
      "time": "2021-02-08 00:53:00+00:00",
      "CP": 100.09312574440743,
      "SCE": 3.6809215226974777e-59,
      "S_struct": 134.54935735203966,
      "admissible": false,
      "snowfall_cm": 0.0,
      "depth_est_cm": 60.00854767829386,
      "corridor_score": 2.2088675469484962e-57,
      "segment_id": 0
    },
    {
      "time": "2021-02-07 20:53:00+00:00",
      "CP": 99.25113386709818,
      "SCE": 1.5115880446837083e-63,
      "S_struct": 144.64970007521052,
      "admissible": false,
      "snowfall_cm": 0.0,
      "depth_est_cm": 59.899818894730245,
      "corridor_score": 9.054385011999353e-62,
      "segment_id": 0
    },
    {
      "time": "2021-02-08 06:53:00+00:00",
      "CP": 95.30600156959459,
      "SCE": 6.859696322835474e-44,
      "S_struct": 99.3880809187883,
      "admissible": false,
      "snowfall_cm": 0.0,
      "depth_est_cm": 59.377898299942686,
      "corridor_score": 4.073143506258156e-42,
      "segment_id": 0
    }
  ],
  "top_depth_any": [
    {
      "time": "2021-02-08 00:00:00+00:00",
      "CP": 100.09312574440743,
      "SCE": 4.979823298355403e-60,
      "S_struct": 136.54971117149364,
      "admissible": false,
      "snowfall_cm": 0.0,
      "depth_est_cm": 60.00854767829386,
      "corridor_score": 2.988319638288388e-58,
      "segment_id": 0
    },
    {
      "time": "2021-02-07 23:53:00+00:00",
      "CP": 100.09312574440743,
      "SCE": 3.0822423987889895e-60,
      "S_struct": 137.02944819600336,
      "admissible": false,
      "snowfall_cm": 0.0,
      "depth_est_cm": 60.00854767829386,
      "corridor_score": 1.849608899437879e-58,
      "segment_id": 0
    },
    {
      "time": "2021-02-07 22:53:00+00:00",
      "CP": 100.09312574440743,
      "SCE": 3.0140695849421605e-60,
      "S_struct": 137.05181439246468,
      "admissible": false,
      "snowfall_cm": 0.0,
      "depth_est_cm": 60.00854767829386,
      "corridor_score": 1.80869938393697e-58,
      "segment_id": 0
    },
    {
      "time": "2021-02-07 21:53:00+00:00",
      "CP": 100.09312574440743,
      "SCE": 5.669790469737929e-62,
      "S_struct": 141.02512360276484,
      "admissible": false,
      "snowfall_cm": 0.0,
      "depth_est_cm": 60.00854767829386,
      "corridor_score": 3.4023589172920463e-60,
      "segment_id": 0
    },
    {
      "time": "2021-02-08 03:53:00+00:00",
      "CP": 100.09312574440743,
      "SCE": 3.6809215226974777e-59,
      "S_struct": 134.54935735203966,
      "admissible": false,
      "snowfall_cm": 0.0,
      "depth_est_cm": 60.00854767829386,
      "corridor_score": 2.2088675469484962e-57,
      "segment_id": 0
    },
    {
      "time": "2021-02-08 04:53:00+00:00",
      "CP": 100.09312574440743,
      "SCE": 2.920432668811836e-58,
      "S_struct": 132.47820361410055,
      "admissible": false,
      "snowfall_cm": 0.0,
      "depth_est_cm": 60.00854767829386,
      "corridor_score": 1.7525092304764204e-56,
      "segment_id": 0
    },
    {
      "time": "2021-02-08 05:53:00+00:00",
      "CP": 100.09312574440743,
      "SCE": 2.4011374098479855e-56,
      "S_struct": 128.06882266180764,
      "admissible": false,
      "snowfall_cm": 0.0,
      "depth_est_cm": 60.00854767829386,
      "corridor_score": 1.4408876874099787e-54,
      "segment_id": 0
    },
    {
      "time": "2021-02-08 02:53:00+00:00",
      "CP": 100.09312574440743,
      "SCE": 3.6809215226974777e-59,
      "S_struct": 134.54935735203966,
      "admissible": false,
      "snowfall_cm": 0.0,
      "depth_est_cm": 60.00854767829386,
      "corridor_score": 2.2088675469484962e-57,
      "segment_id": 0
    },
    {
      "time": "2021-02-08 01:53:00+00:00",
      "CP": 100.09312574440743,
      "SCE": 3.6809215226974777e-59,
      "S_struct": 134.54935735203966,
      "admissible": false,
      "snowfall_cm": 0.0,
      "depth_est_cm": 60.00854767829386,
      "corridor_score": 2.2088675469484962e-57,
      "segment_id": 0
    },
    {
      "time": "2021-02-08 00:53:00+00:00",
      "CP": 100.09312574440743,
      "SCE": 3.6809215226974777e-59,
      "S_struct": 134.54935735203966,
      "admissible": false,
      "snowfall_cm": 0.0,
      "depth_est_cm": 60.00854767829386,
      "corridor_score": 2.2088675469484962e-57,
      "segment_id": 0
    },
    {
      "time": "2021-02-07 20:53:00+00:00",
      "CP": 99.25113386709818,
      "SCE": 1.5115880446837083e-63,
      "S_struct": 144.64970007521052,
      "admissible": false,
      "snowfall_cm": 0.0,
      "depth_est_cm": 59.899818894730245,
      "corridor_score": 9.054385011999353e-62,
      "segment_id": 0
    },
    {
      "time": "2021-02-08 06:53:00+00:00",
      "CP": 95.30600156959459,
      "SCE": 6.859696322835474e-44,
      "S_struct": 99.3880809187883,
      "admissible": false,
      "snowfall_cm": 0.0,
      "depth_est_cm": 59.377898299942686,
      "corridor_score": 4.073143506258156e-42,
      "segment_id": 0
    }
  ],
  "top_depth_admissible": [
    {
      "time": "2021-05-20 12:25:00+00:00",
      "CP": 13.298131787377528,
      "SCE": 0.08239847007865139,
      "S_struct": 2.496188409245738,
      "admissible": true,
      "snowfall_cm": 0.0,
      "depth_est_cm": 34.581675498393736,
      "corridor_score": 2.849477153824028,
      "segment_id": 0
    },
    {
      "time": "2021-05-20 12:23:00+00:00",
      "CP": 13.298131787377528,
      "SCE": 0.08239847007865139,
      "S_struct": 2.496188409245738,
      "admissible": true,
      "snowfall_cm": 0.0,
      "depth_est_cm": 34.581675498393736,
      "corridor_score": 2.849477153824028,
      "segment_id": 0
    },
    {
      "time": "2021-02-13 23:53:00+00:00",
      "CP": 3.156270147762754,
      "SCE": 0.11875833099520883,
      "S_struct": 2.130664682779059,
      "admissible": true,
      "snowfall_cm": 0.0,
      "depth_est_cm": 18.52003494889982,
      "corridor_score": 2.19940844050428,
      "segment_id": 0
    },
    {
      "time": "2021-02-14 00:00:00+00:00",
      "CP": 3.156270147762754,
      "SCE": 0.11875833099520883,
      "S_struct": 2.130664682779059,
      "admissible": true,
      "snowfall_cm": 0.0,
      "depth_est_cm": 18.52003494889982,
      "corridor_score": 2.19940844050428,
      "segment_id": 0
    },
    {
      "time": "2021-02-14 00:53:00+00:00",
      "CP": 3.156270147762754,
      "SCE": 0.1576802098107697,
      "S_struct": 1.847186285527385,
      "admissible": true,
      "snowfall_cm": 0.0,
      "depth_est_cm": 18.52003494889982,
      "corridor_score": 2.9202429964453107,
      "segment_id": 0
    },
    {
      "time": "2021-02-14 06:42:00+00:00",
      "CP": 3.094950471300974,
      "SCE": 0.08598153389982534,
      "S_struct": 2.453622727879773,
      "admissible": true,
      "snowfall_cm": 0.0,
      "depth_est_cm": 18.326810090049392,
      "corridor_score": 1.5757672430332428,
      "segment_id": 0
    },
    {
      "time": "2021-02-14 05:53:00+00:00",
      "CP": 2.9807897984163767,
      "SCE": 0.09356689537378929,
      "S_struct": 2.3690786399627473,
      "admissible": true,
      "snowfall_cm": 0.0,
      "depth_est_cm": 17.959243138492944,
      "corridor_score": 1.6803906237318125,
      "segment_id": 0
    },
    {
      "time": "2021-02-14 03:53:00+00:00",
      "CP": 2.93553959130162,
      "SCE": 0.0978980710559165,
      "S_struct": 2.3238284328479906,
      "admissible": true,
      "snowfall_cm": 0.0,
      "depth_est_cm": 17.810623981713864,
      "corridor_score": 1.7436257321120343,
      "segment_id": 0
    },
    {
      "time": "2021-02-14 04:53:00+00:00",
      "CP": 2.93553959130162,
      "SCE": 0.0978980710559165,
      "S_struct": 2.3238284328479906,
      "admissible": true,
      "snowfall_cm": 0.0,
      "depth_est_cm": 17.810623981713864,
      "corridor_score": 1.7436257321120343,
      "segment_id": 0
    },
    {
      "time": "2021-02-14 02:53:00+00:00",
      "CP": 2.93553959130162,
      "SCE": 0.0978980710559165,
      "S_struct": 2.3238284328479906,
      "admissible": true,
      "snowfall_cm": 0.0,
      "depth_est_cm": 17.810623981713864,
      "corridor_score": 1.7436257321120343,
      "segment_id": 0
    },
    {
      "time": "2021-02-14 01:53:00+00:00",
      "CP": 2.7367141965589656,
      "SCE": 0.10364929553160898,
      "S_struct": 2.2667422367311736,
      "admissible": true,
      "snowfall_cm": 0.0,
      "depth_est_cm": 17.136686686589496,
      "corridor_score": 1.7762055028109038,
      "segment_id": 0
    },
    {
      "time": "2021-01-20 14:53:00+00:00",
      "CP": 2.245484759863135,
      "SCE": 0.3694385296175383,
      "S_struct": 0.9957709134143553,
      "admissible": true,
      "snowfall_cm": 0.0,
      "depth_est_cm": 15.304441434173286,
      "corridor_score": 5.654050340058708,
      "segment_id": 0
    }
  ],
  "top_depth_admissible_snow": [
    {
      "time": "2021-01-11 00:00:00+00:00",
      "CP": 1.5411539188418872,
      "SCE": 0.16083491456065335,
      "S_struct": 1.8273768154543324,
      "admissible": true,
      "snowfall_cm": 1.0,
      "depth_est_cm": 12.124037596120539,
      "corridor_score": 1.949968550902196,
      "segment_id": 0
    },
    {
      "time": "2021-02-14 17:43:00+00:00",
      "CP": 0.9926425169555669,
      "SCE": 0.103414261143138,
      "S_struct": 2.2690124043375457,
      "admissible": true,
      "snowfall_cm": 0.2,
      "depth_est_cm": 8.963001525754116,
      "corridor_score": 0.9269021804106804,
      "segment_id": 0
    },
    {
      "time": "2021-02-14 17:42:00+00:00",
      "CP": 0.9926425169555669,
      "SCE": 0.09624586969923743,
      "S_struct": 2.340849218950714,
      "admissible": true,
      "snowfall_cm": 0.2,
      "depth_est_cm": 8.963001525754116,
      "corridor_score": 0.8626518769617969,
      "segment_id": 0
    },
    {
      "time": "2021-02-14 17:40:00+00:00",
      "CP": 0.9926425169555669,
      "SCE": 0.09624586969923739,
      "S_struct": 2.3408492189507144,
      "admissible": true,
      "snowfall_cm": 0.2,
      "depth_est_cm": 8.963001525754116,
      "corridor_score": 0.8626518769617966,
      "segment_id": 0
    },
    {
      "time": "2021-01-10 19:53:00+00:00",
      "CP": 0.9746620657242567,
      "SCE": 0.37731984132800367,
      "S_struct": 0.9746620657242567,
      "admissible": true,
      "snowfall_cm": 0.5,
      "depth_est_cm": 8.845164610755047,
      "corridor_score": 3.337456107450168,
      "segment_id": 0
    },
    {
      "time": "2021-01-10 18:53:00+00:00",
      "CP": 0.9746620657242567,
      "SCE": 0.37731984132800367,
      "S_struct": 0.9746620657242567,
      "admissible": true,
      "snowfall_cm": 0.3,
      "depth_est_cm": 8.845164610755047,
      "corridor_score": 3.337456107450168,
      "segment_id": 0
    },
    {
      "time": "2021-01-10 18:22:00+00:00",
      "CP": 0.9746620657242567,
      "SCE": 0.37731984132800367,
      "S_struct": 0.9746620657242567,
      "admissible": true,
      "snowfall_cm": 0.2,
      "depth_est_cm": 8.845164610755047,
      "corridor_score": 3.337456107450168,
      "segment_id": 0
    },
    {
      "time": "2021-02-17 00:00:00+00:00",
      "CP": 0.7807938333653653,
      "SCE": 0.1671497501722356,
      "S_struct": 1.7888651607492996,
      "admissible": true,
      "snowfall_cm": 3.0,
      "depth_est_cm": 7.501770102944031,
      "corridor_score": 1.2539189985566408,
      "segment_id": 0
    },
    {
      "time": "2021-02-14 17:34:00+00:00",
      "CP": 0.7753679853926417,
      "SCE": 0.1196033189553573,
      "S_struct": 2.123574687387789,
      "admissible": true,
      "snowfall_cm": 0.2,
      "depth_est_cm": 7.4621003230099365,
      "corridor_score": 0.8924919650098321,
      "segment_id": 0
    },
    {
      "time": "2021-01-10 20:53:00+00:00",
      "CP": 0.7088451387085505,
      "SCE": 0.289245638191594,
      "S_struct": 1.240478992739963,
      "admissible": true,
      "snowfall_cm": 0.3,
      "depth_est_cm": 6.9656312034087335,
      "corridor_score": 2.01477844283724,
      "segment_id": 0
    },
    {
      "time": "2021-01-10 16:53:00+00:00",
      "CP": 0.6846871479784001,
      "SCE": 0.3868372100832775,
      "S_struct": 0.9497513202282539,
      "admissible": true,
      "snowfall_cm": 0.8,
      "depth_est_cm": 6.780538410232344,
      "corridor_score": 2.6229645614767816,
      "segment_id": 0
    },
    {
      "time": "2021-01-10 18:00:00+00:00",
      "CP": 0.6846871479784001,
      "SCE": 0.5042479598940549,
      "S_struct": 0.6846871479784001,
      "admissible": true,
      "snowfall_cm": 0.2,
      "depth_est_cm": 6.780538410232344,
      "corridor_score": 3.419072660342938,
      "segment_id": 0
    }
  ],
  "top_corridor_any": [
    {
      "time": "2021-01-01 07:53:00+00:00",
      "CP": 1.2535367449617814,
      "SCE": 0.5766621216204387,
      "S_struct": 0.5504987617725361,
      "admissible": true,
      "snowfall_cm": 0.0,
      "depth_est_cm": 10.562511293688715,
      "corridor_score": 6.091000172258379,
      "segment_id": 0
    },
    {
      "time": "2021-01-01 08:53:00+00:00",
      "CP": 1.269505556147538,
      "SCE": 0.567526648534911,
      "S_struct": 0.5664675729582926,
      "admissible": true,
      "snowfall_cm": 0.0,
      "depth_est_cm": 10.65430588420537,
      "corridor_score": 6.046602510928855,
      "segment_id": 0
    },
    {
      "time": "2021-01-20 15:09:00+00:00",
      "CP": 2.245484759863135,
      "SCE": 0.3694385296175383,
      "S_struct": 0.9957709134143553,
      "admissible": true,
      "snowfall_cm": 0.0,
      "depth_est_cm": 15.304441434173286,
      "corridor_score": 5.654050340058708,
      "segment_id": 0
    },
    {
      "time": "2021-01-20 14:53:00+00:00",
      "CP": 2.245484759863135,
      "SCE": 0.3694385296175383,
      "S_struct": 0.9957709134143553,
      "admissible": true,
      "snowfall_cm": 0.0,
      "depth_est_cm": 15.304441434173286,
      "corridor_score": 5.654050340058708,
      "segment_id": 0
    },
    {
      "time": "2021-01-01 09:53:00+00:00",
      "CP": 1.961963132228013,
      "SCE": 0.28395907621493205,
      "S_struct": 1.2589251490387678,
      "admissible": true,
      "snowfall_cm": 0.0,
      "depth_est_cm": 14.116079495048044,
      "corridor_score": 4.0083888931903875,
      "segment_id": 0
    },
    {
      "time": "2021-01-10 18:00:00+00:00",
      "CP": 0.6846871479784001,
      "SCE": 0.5042479598940549,
      "S_struct": 0.6846871479784001,
      "admissible": true,
      "snowfall_cm": 0.2,
      "depth_est_cm": 6.780538410232344,
      "corridor_score": 3.419072660342938,
      "segment_id": 0
    },
    {
      "time": "2021-01-20 15:53:00+00:00",
      "CP": 1.8445053384590038,
      "SCE": 0.24739962499266632,
      "S_struct": 1.3967503348184864,
      "admissible": true,
      "snowfall_cm": 0.0,
      "depth_est_cm": 13.590059365637845,
      "corridor_score": 3.3621755906868755,
      "segment_id": 0
    },
    {
      "time": "2021-01-20 16:50:00+00:00",
      "CP": 1.8445053384590038,
      "SCE": 0.24739962499266632,
      "S_struct": 1.3967503348184864,
      "admissible": true,
      "snowfall_cm": 0.0,
      "depth_est_cm": 13.590059365637845,
      "corridor_score": 3.3621755906868755,
      "segment_id": 0
    },
    {
      "time": "2021-01-10 18:53:00+00:00",
      "CP": 0.9746620657242567,
      "SCE": 0.37731984132800367,
      "S_struct": 0.9746620657242567,
      "admissible": true,
      "snowfall_cm": 0.3,
      "depth_est_cm": 8.845164610755047,
      "corridor_score": 3.337456107450168,
      "segment_id": 0
    },
    {
      "time": "2021-01-10 19:53:00+00:00",
      "CP": 0.9746620657242567,
      "SCE": 0.37731984132800367,
      "S_struct": 0.9746620657242567,
      "admissible": true,
      "snowfall_cm": 0.5,
      "depth_est_cm": 8.845164610755047,
      "corridor_score": 3.337456107450168,
      "segment_id": 0
    },
    {
      "time": "2021-01-10 18:22:00+00:00",
      "CP": 0.9746620657242567,
      "SCE": 0.37731984132800367,
      "S_struct": 0.9746620657242567,
      "admissible": true,
      "snowfall_cm": 0.2,
      "depth_est_cm": 8.845164610755047,
      "corridor_score": 3.337456107450168,
      "segment_id": 0
    },
    {
      "time": "2021-04-27 06:53:00+00:00",
      "CP": 22.192291048058298,
      "SCE": 0.07951410511032989,
      "S_struct": 2.531820850287964,
      "admissible": false,
      "snowfall_cm": 0.0,
      "depth_est_cm": 40.869659233558366,
      "corridor_score": 3.2497143801205244,
      "segment_id": 0
    }
  ],
  "top_corridor_admissible": [
    {
      "time": "2021-01-01 07:53:00+00:00",
      "CP": 1.2535367449617814,
      "SCE": 0.5766621216204387,
      "S_struct": 0.5504987617725361,
      "admissible": true,
      "snowfall_cm": 0.0,
      "depth_est_cm": 10.562511293688715,
      "corridor_score": 6.091000172258379,
      "segment_id": 0
    },
    {
      "time": "2021-01-01 08:53:00+00:00",
      "CP": 1.269505556147538,
      "SCE": 0.567526648534911,
      "S_struct": 0.5664675729582926,
      "admissible": true,
      "snowfall_cm": 0.0,
      "depth_est_cm": 10.65430588420537,
      "corridor_score": 6.046602510928855,
      "segment_id": 0
    },
    {
      "time": "2021-01-20 14:53:00+00:00",
      "CP": 2.245484759863135,
      "SCE": 0.3694385296175383,
      "S_struct": 0.9957709134143553,
      "admissible": true,
      "snowfall_cm": 0.0,
      "depth_est_cm": 15.304441434173286,
      "corridor_score": 5.654050340058708,
      "segment_id": 0
    },
    {
      "time": "2021-01-20 15:09:00+00:00",
      "CP": 2.245484759863135,
      "SCE": 0.3694385296175383,
      "S_struct": 0.9957709134143553,
      "admissible": true,
      "snowfall_cm": 0.0,
      "depth_est_cm": 15.304441434173286,
      "corridor_score": 5.654050340058708,
      "segment_id": 0
    },
    {
      "time": "2021-01-01 09:53:00+00:00",
      "CP": 1.961963132228013,
      "SCE": 0.28395907621493205,
      "S_struct": 1.2589251490387678,
      "admissible": true,
      "snowfall_cm": 0.0,
      "depth_est_cm": 14.116079495048044,
      "corridor_score": 4.0083888931903875,
      "segment_id": 0
    },
    {
      "time": "2021-01-10 18:00:00+00:00",
      "CP": 0.6846871479784001,
      "SCE": 0.5042479598940549,
      "S_struct": 0.6846871479784001,
      "admissible": true,
      "snowfall_cm": 0.2,
      "depth_est_cm": 6.780538410232344,
      "corridor_score": 3.419072660342938,
      "segment_id": 0
    },
    {
      "time": "2021-01-20 16:50:00+00:00",
      "CP": 1.8445053384590038,
      "SCE": 0.24739962499266632,
      "S_struct": 1.3967503348184864,
      "admissible": true,
      "snowfall_cm": 0.0,
      "depth_est_cm": 13.590059365637845,
      "corridor_score": 3.3621755906868755,
      "segment_id": 0
    },
    {
      "time": "2021-01-20 15:53:00+00:00",
      "CP": 1.8445053384590038,
      "SCE": 0.24739962499266632,
      "S_struct": 1.3967503348184864,
      "admissible": true,
      "snowfall_cm": 0.0,
      "depth_est_cm": 13.590059365637845,
      "corridor_score": 3.3621755906868755,
      "segment_id": 0
    },
    {
      "time": "2021-01-10 19:53:00+00:00",
      "CP": 0.9746620657242567,
      "SCE": 0.37731984132800367,
      "S_struct": 0.9746620657242567,
      "admissible": true,
      "snowfall_cm": 0.5,
      "depth_est_cm": 8.845164610755047,
      "corridor_score": 3.337456107450168,
      "segment_id": 0
    },
    {
      "time": "2021-01-10 18:53:00+00:00",
      "CP": 0.9746620657242567,
      "SCE": 0.37731984132800367,
      "S_struct": 0.9746620657242567,
      "admissible": true,
      "snowfall_cm": 0.3,
      "depth_est_cm": 8.845164610755047,
      "corridor_score": 3.337456107450168,
      "segment_id": 0
    },
    {
      "time": "2021-01-10 18:22:00+00:00",
      "CP": 0.9746620657242567,
      "SCE": 0.37731984132800367,
      "S_struct": 0.9746620657242567,
      "admissible": true,
      "snowfall_cm": 0.2,
      "depth_est_cm": 8.845164610755047,
      "corridor_score": 3.337456107450168,
      "segment_id": 0
    },
    {
      "time": "2021-02-15 02:53:00+00:00",
      "CP": 1.038634711459292,
      "SCE": 0.3410858763816788,
      "S_struct": 1.0756209965077896,
      "admissible": true,
      "snowfall_cm": 0.0,
      "depth_est_cm": 9.259644221278185,
      "corridor_score": 3.1583338641972176,
      "segment_id": 0
    }
  ],
  "top_corridor_admissible_snow": [
    {
      "time": "2021-01-10 18:00:00+00:00",
      "CP": 0.6846871479784001,
      "SCE": 0.5042479598940549,
      "S_struct": 0.6846871479784001,
      "admissible": true,
      "snowfall_cm": 0.2,
      "depth_est_cm": 6.780538410232344,
      "corridor_score": 3.419072660342938,
      "segment_id": 0
    },
    {
      "time": "2021-01-10 19:53:00+00:00",
      "CP": 0.9746620657242567,
      "SCE": 0.37731984132800367,
      "S_struct": 0.9746620657242567,
      "admissible": true,
      "snowfall_cm": 0.5,
      "depth_est_cm": 8.845164610755047,
      "corridor_score": 3.337456107450168,
      "segment_id": 0
    },
    {
      "time": "2021-01-10 18:53:00+00:00",
      "CP": 0.9746620657242567,
      "SCE": 0.37731984132800367,
      "S_struct": 0.9746620657242567,
      "admissible": true,
      "snowfall_cm": 0.3,
      "depth_est_cm": 8.845164610755047,
      "corridor_score": 3.337456107450168,
      "segment_id": 0
    },
    {
      "time": "2021-01-10 18:22:00+00:00",
      "CP": 0.9746620657242567,
      "SCE": 0.37731984132800367,
      "S_struct": 0.9746620657242567,
      "admissible": true,
      "snowfall_cm": 0.2,
      "depth_est_cm": 8.845164610755047,
      "corridor_score": 3.337456107450168,
      "segment_id": 0
    },
    {
      "time": "2021-01-10 17:53:00+00:00",
      "CP": 0.6846871479784001,
      "SCE": 0.4623564718877169,
      "S_struct": 0.7714191012458882,
      "admissible": true,
      "snowfall_cm": 0.3,
      "depth_est_cm": 6.780538410232344,
      "corridor_score": 3.135025816854175,
      "segment_id": 0
    },
    {
      "time": "2021-01-10 18:00:00+00:00",
      "CP": 0.6846871479784001,
      "SCE": 0.4623564718877169,
      "S_struct": 0.7714191012458882,
      "admissible": true,
      "snowfall_cm": 9.0,
      "depth_est_cm": 6.780538410232344,
      "corridor_score": 3.135025816854175,
      "segment_id": 0
    },
    {
      "time": "2021-01-10 16:53:00+00:00",
      "CP": 0.6846871479784001,
      "SCE": 0.3868372100832775,
      "S_struct": 0.9497513202282539,
      "admissible": true,
      "snowfall_cm": 0.8,
      "depth_est_cm": 6.780538410232344,
      "corridor_score": 2.6229645614767816,
      "segment_id": 0
    },
    {
      "time": "2021-01-10 14:53:00+00:00",
      "CP": 0.3271127219130447,
      "SCE": 0.553121885393447,
      "S_struct": 0.5921768941628984,
      "admissible": true,
      "snowfall_cm": 1.5,
      "depth_est_cm": 3.6790740566531035,
      "corridor_score": 2.034976378718082,
      "segment_id": 0
    },
    {
      "time": "2021-01-10 15:28:00+00:00",
      "CP": 0.3271127219130447,
      "SCE": 0.553121885393447,
      "S_struct": 0.5921768941628984,
      "admissible": true,
      "snowfall_cm": 0.7000000000000001,
      "depth_est_cm": 3.6790740566531035,
      "corridor_score": 2.034976378718082,
      "segment_id": 0
    },
    {
      "time": "2021-01-10 15:53:00+00:00",
      "CP": 0.3271127219130447,
      "SCE": 0.553121885393447,
      "S_struct": 0.5921768941628984,
      "admissible": true,
      "snowfall_cm": 1.0,
      "depth_est_cm": 3.6790740566531035,
      "corridor_score": 2.034976378718082,
      "segment_id": 0
    },
    {
      "time": "2021-01-10 20:53:00+00:00",
      "CP": 0.7088451387085505,
      "SCE": 0.289245638191594,
      "S_struct": 1.240478992739963,
      "admissible": true,
      "snowfall_cm": 0.3,
      "depth_est_cm": 6.9656312034087335,
      "corridor_score": 2.01477844283724,
      "segment_id": 0
    },
    {
      "time": "2021-01-11 00:00:00+00:00",
      "CP": 1.5411539188418872,
      "SCE": 0.16083491456065335,
      "S_struct": 1.8273768154543324,
      "admissible": true,
      "snowfall_cm": 1.0,
      "depth_est_cm": 12.124037596120539,
      "corridor_score": 1.949968550902196,
      "segment_id": 0
    }
  ],
  "observed_snow_events_first200": [
    {
      "time": "2021-01-10 01:41:00+00:00",
      "CP": 3.3042395929889565,
      "SCE": 0.00020271818018866011,
      "S_struct": 8.503693818401647,
      "admissible": false,
      "snowfall_cm": 0.2,
      "depth_est_cm": 18.974806354739638,
      "corridor_score": 0.0038465382136650427,
      "segment_id": 0
    },
    {
      "time": "2021-01-10 01:53:00+00:00",
      "CP": 3.3042395929889565,
      "SCE": 0.00027533884826182376,
      "S_struct": 8.19750804330538,
      "admissible": false,
      "snowfall_cm": 0.3,
      "depth_est_cm": 18.974806354739638,
      "corridor_score": 0.005224501327705146,
      "segment_id": 0
    },
    {
      "time": "2021-01-10 02:53:00+00:00",
      "CP": 1.4379999434216275,
      "SCE": 4.2596107041634586e-05,
      "S_struct": 10.06374769286391,
      "admissible": false,
      "snowfall_cm": 0.3,
      "depth_est_cm": 11.585314102078598,
      "corridor_score": 0.0004934892796030987,
      "segment_id": 0
    },
    {
      "time": "2021-01-10 03:33:00+00:00",
      "CP": 0.8880061393172419,
      "SCE": 4.308218836390179e-05,
      "S_struct": 10.052400909289787,
      "admissible": false,
      "snowfall_cm": 0.2,
      "depth_est_cm": 8.261777153175466,
      "corridor_score": 0.00035593543953368575,
      "segment_id": 0
    },
    {
      "time": "2021-01-10 03:53:00+00:00",
      "CP": 0.8880061393172419,
      "SCE": 5.560451823952307e-05,
      "S_struct": 9.797246096708646,
      "admissible": false,
      "snowfall_cm": 0.5,
      "depth_est_cm": 8.261777153175466,
      "corridor_score": 0.00045939213840462016,
      "segment_id": 0
    },
    {
      "time": "2021-01-10 04:19:00+00:00",
      "CP": 0.8880061393172419,
      "SCE": 5.560451823952307e-05,
      "S_struct": 9.797246096708646,
      "admissible": false,
      "snowfall_cm": 0.2,
      "depth_est_cm": 8.261777153175466,
      "corridor_score": 0.00045939213840462016,
      "segment_id": 0
    },
    {
      "time": "2021-01-10 04:53:00+00:00",
      "CP": 0.8880061393172419,
      "SCE": 0.002270827947935582,
      "S_struct": 6.087610779215,
      "admissible": false,
      "snowfall_cm": 0.3,
      "depth_est_cm": 8.261777153175466,
      "corridor_score": 0.01876107445904652,
      "segment_id": 0
    },
    {
      "time": "2021-01-10 05:53:00+00:00",
      "CP": 0.26506417224985374,
      "SCE": 0.0027822568946343582,
      "S_struct": 5.884492848035148,
      "admissible": false,
      "snowfall_cm": 0.3,
      "depth_est_cm": 3.056597049272994,
      "corridor_score": 0.008504238214458823,
      "segment_id": 0
    },
    {
      "time": "2021-01-10 06:00:00+00:00",
      "CP": 0.26506417224985374,
      "SCE": 0.0027822568946343582,
      "S_struct": 5.884492848035148,
      "admissible": false,
      "snowfall_cm": 1.0,
      "depth_est_cm": 3.056597049272994,
      "corridor_score": 0.008504238214458823,
      "segment_id": 0
    },
    {
      "time": "2021-01-10 06:06:00+00:00",
      "CP": 0.26506417224985374,
      "SCE": 0.0027822568946343582,
      "S_struct": 5.884492848035148,
      "admissible": false,
      "snowfall_cm": 0.2,
      "depth_est_cm": 3.056597049272994,
      "corridor_score": 0.008504238214458823,
      "segment_id": 0
    },
    {
      "time": "2021-01-10 06:22:00+00:00",
      "CP": 0.26506417224985374,
      "SCE": 0.004402552985514352,
      "S_struct": 5.4255706823422365,
      "admissible": false,
      "snowfall_cm": 0.5,
      "depth_est_cm": 3.056597049272994,
      "corridor_score": 0.013456830464791179,
      "segment_id": 0
    },
    {
      "time": "2021-01-10 06:38:00+00:00",
      "CP": 0.08673195326748805,
      "SCE": 0.0036834594467918813,
      "S_struct": 5.603902901324602,
      "admissible": false,
      "snowfall_cm": 0.5,
      "depth_est_cm": 1.0812747997974177,
      "corridor_score": 0.003982831875891798,
      "segment_id": 0
    },
    {
      "time": "2021-01-10 06:50:00+00:00",
      "CP": 0.08673195326748805,
      "SCE": 0.011081372830576289,
      "S_struct": 4.502489703661618,
      "admissible": false,
      "snowfall_cm": 0.5,
      "depth_est_cm": 1.0812747997974177,
      "corridor_score": 0.011982009188861921,
      "segment_id": 0
    },
    {
      "time": "2021-01-10 06:53:00+00:00",
      "CP": 0.0,
      "SCE": 0.03672712878714406,
      "S_struct": 3.3042395929889565,
      "admissible": false,
      "snowfall_cm": 0.3,
      "depth_est_cm": 0.0,
      "corridor_score": 0.0,
      "segment_id": 0
    },
    {
      "time": "2021-01-10 07:53:00+00:00",
      "CP": 0.0,
      "SCE": 0.03672712878714406,
      "S_struct": 3.3042395929889565,
      "admissible": false,
      "snowfall_cm": 0.3,
      "depth_est_cm": 0.0,
      "corridor_score": 0.0,
      "segment_id": 0
    },
    {
      "time": "2021-01-10 08:27:00+00:00",
      "CP": 0.08673195326748805,
      "SCE": 0.03367594326441605,
      "S_struct": 3.3909715462564445,
      "admissible": false,
      "snowfall_cm": 0.2,
      "depth_est_cm": 1.0812747997974177,
      "corridor_score": 0.03641294881122066,
      "segment_id": 0
    },
    {
      "time": "2021-01-10 08:50:00+00:00",
      "CP": 0.1445532554458134,
      "SCE": 0.06405050987410872,
      "S_struct": 2.7480832901073207,
      "admissible": false,
      "snowfall_cm": 0.7000000000000001,
      "depth_est_cm": 1.7551870823993516,
      "corridor_score": 0.11242062755212776,
      "segment_id": 0
    },
    {
      "time": "2021-01-10 08:53:00+00:00",
      "CP": 0.1445532554458134,
      "SCE": 0.20544987360417413,
      "S_struct": 1.5825531988674408,
      "admissible": true,
      "snowfall_cm": 0.5,
      "depth_est_cm": 1.7551870823993516,
      "corridor_score": 0.36060296423062593,
      "segment_id": 0
    },
    {
      "time": "2021-01-10 09:50:00+00:00",
      "CP": 0.1445532554458134,
      "SCE": 0.298966790941719,
      "S_struct": 1.2074227788444079,
      "admissible": true,
      "snowfall_cm": 1.0,
      "depth_est_cm": 1.7551870823993516,
      "corridor_score": 0.5247426495272927,
      "segment_id": 0
    },
    {
      "time": "2021-01-10 09:53:00+00:00",
      "CP": 0.15900858099039475,
      "SCE": 0.3509839720241906,
      "S_struct": 1.0470147203076365,
      "admissible": true,
      "snowfall_cm": 1.3,
      "depth_est_cm": 1.91834458553784,
      "corridor_score": 0.6733082023431708,
      "segment_id": 0
    },
    {
      "time": "2021-01-10 10:48:00+00:00",
      "CP": 0.15900858099039475,
      "SCE": 0.3509839720241906,
      "S_struct": 1.0470147203076365,
      "admissible": true,
      "snowfall_cm": 2.0,
      "depth_est_cm": 1.91834458553784,
      "corridor_score": 0.6733082023431708,
      "segment_id": 0
    },
    {
      "time": "2021-01-10 10:53:00+00:00",
      "CP": 0.16042057560522263,
      "SCE": 0.3504887342646072,
      "S_struct": 1.0484267149224644,
      "admissible": true,
      "snowfall_cm": 2.0,
      "depth_est_cm": 1.934172559596135,
      "corridor_score": 0.6779056922621849,
      "segment_id": 0
    },
    {
      "time": "2021-01-10 11:53:00+00:00",
      "CP": 0.25055830903731746,
      "SCE": 0.3202784682399477,
      "S_struct": 1.1385644483545592,
      "admissible": true,
      "snowfall_cm": 1.7999999999999998,
      "depth_est_cm": 2.906671284749451,
      "corridor_score": 0.930944226756595,
      "segment_id": 0
    },
    {
      "time": "2021-01-10 12:00:00+00:00",
      "CP": 0.25055830903731746,
      "SCE": 0.32027846823994766,
      "S_struct": 1.1385644483545594,
      "admissible": true,
      "snowfall_cm": 6.0,
      "depth_est_cm": 2.906671284749451,
      "corridor_score": 0.9309442267565948,
      "segment_id": 0
    },
    {
      "time": "2021-01-10 12:53:00+00:00",
      "CP": 0.3271127219130447,
      "SCE": 0.354149026892168,
      "S_struct": 1.0380374745141698,
      "admissible": true,
      "snowfall_cm": 2.5,
      "depth_est_cm": 3.6790740566531035,
      "corridor_score": 1.3029404970279175,
      "segment_id": 0
    },
    {
      "time": "2021-01-10 13:53:00+00:00",
      "CP": 0.3271127219130447,
      "SCE": 0.354149026892168,
      "S_struct": 1.0380374745141698,
      "admissible": true,
      "snowfall_cm": 2.5,
      "depth_est_cm": 3.6790740566531035,
      "corridor_score": 1.3029404970279175,
      "segment_id": 0
    },
    {
      "time": "2021-01-10 14:32:00+00:00",
      "CP": 0.3271127219130447,
      "SCE": 0.354149026892168,
      "S_struct": 1.0380374745141698,
      "admissible": true,
      "snowfall_cm": 1.0,
      "depth_est_cm": 3.6790740566531035,
      "corridor_score": 1.3029404970279175,
      "segment_id": 0
    },
    {
      "time": "2021-01-10 14:53:00+00:00",
      "CP": 0.3271127219130447,
      "SCE": 0.553121885393447,
      "S_struct": 0.5921768941628984,
      "admissible": true,
      "snowfall_cm": 1.5,
      "depth_est_cm": 3.6790740566531035,
      "corridor_score": 2.034976378718082,
      "segment_id": 0
    },
    {
      "time": "2021-01-10 15:28:00+00:00",
      "CP": 0.3271127219130447,
      "SCE": 0.553121885393447,
      "S_struct": 0.5921768941628984,
      "admissible": true,
      "snowfall_cm": 0.7000000000000001,
      "depth_est_cm": 3.6790740566531035,
      "corridor_score": 2.034976378718082,
      "segment_id": 0
    },
    {
      "time": "2021-01-10 15:53:00+00:00",
      "CP": 0.3271127219130447,
      "SCE": 0.553121885393447,
      "S_struct": 0.5921768941628984,
      "admissible": true,
      "snowfall_cm": 1.0,
      "depth_est_cm": 3.6790740566531035,
      "corridor_score": 2.034976378718082,
      "segment_id": 0
    },
    {
      "time": "2021-01-10 16:53:00+00:00",
      "CP": 0.6846871479784001,
      "SCE": 0.3868372100832775,
      "S_struct": 0.9497513202282539,
      "admissible": true,
      "snowfall_cm": 0.8,
      "depth_est_cm": 6.780538410232344,
      "corridor_score": 2.6229645614767816,
      "segment_id": 0
    },
    {
      "time": "2021-01-10 17:53:00+00:00",
      "CP": 0.6846871479784001,
      "SCE": 0.4623564718877169,
      "S_struct": 0.7714191012458882,
      "admissible": true,
      "snowfall_cm": 0.3,
      "depth_est_cm": 6.780538410232344,
      "corridor_score": 3.135025816854175,
      "segment_id": 0
    },
    {
      "time": "2021-01-10 18:00:00+00:00",
      "CP": 0.6846871479784001,
      "SCE": 0.4623564718877169,
      "S_struct": 0.7714191012458882,
      "admissible": true,
      "snowfall_cm": 9.0,
      "depth_est_cm": 6.780538410232344,
      "corridor_score": 3.135025816854175,
      "segment_id": 0
    },
    {
      "time": "2021-01-10 18:00:00+00:00",
      "CP": 0.6846871479784001,
      "SCE": 0.5042479598940549,
      "S_struct": 0.6846871479784001,
      "admissible": true,
      "snowfall_cm": 0.2,
      "depth_est_cm": 6.780538410232344,
      "corridor_score": 3.419072660342938,
      "segment_id": 0
    },
    {
      "time": "2021-01-10 18:22:00+00:00",
      "CP": 0.9746620657242567,
      "SCE": 0.37731984132800367,
      "S_struct": 0.9746620657242567,
      "admissible": true,
      "snowfall_cm": 0.2,
      "depth_est_cm": 8.845164610755047,
      "corridor_score": 3.337456107450168,
      "segment_id": 0
    },
    {
      "time": "2021-01-10 18:53:00+00:00",
      "CP": 0.9746620657242567,
      "SCE": 0.37731984132800367,
      "S_struct": 0.9746620657242567,
      "admissible": true,
      "snowfall_cm": 0.3,
      "depth_est_cm": 8.845164610755047,
      "corridor_score": 3.337456107450168,
      "segment_id": 0
    },
    {
      "time": "2021-01-10 19:53:00+00:00",
      "CP": 0.9746620657242567,
      "SCE": 0.37731984132800367,
      "S_struct": 0.9746620657242567,
      "admissible": true,
      "snowfall_cm": 0.5,
      "depth_est_cm": 8.845164610755047,
      "corridor_score": 3.337456107450168,
      "segment_id": 0
    },
    {
      "time": "2021-01-10 20:53:00+00:00",
      "CP": 0.7088451387085505,
      "SCE": 0.289245638191594,
      "S_struct": 1.240478992739963,
      "admissible": true,
      "snowfall_cm": 0.3,
      "depth_est_cm": 6.9656312034087335,
      "corridor_score": 2.01477844283724,
      "segment_id": 0
    },
    {
      "time": "2021-01-11 00:00:00+00:00",
      "CP": 1.5411539188418872,
      "SCE": 0.16083491456065335,
      "S_struct": 1.8273768154543324,
      "admissible": true,
      "snowfall_cm": 1.0,
      "depth_est_cm": 12.124037596120539,
      "corridor_score": 1.949968550902196,
      "segment_id": 0
    },
    {
      "time": "2021-01-11 12:00:00+00:00",
      "CP": 3.238313429051806,
      "SCE": 0.00852171283860486,
      "S_struct": 4.765137920951285,
      "admissible": false,
      "snowfall_cm": 9.9,
      "depth_est_cm": 18.774150381257883,
      "corridor_score": 0.15998791833786363,
      "segment_id": 0
    },
    {
      "time": "2021-02-12 15:53:00+00:00",
      "CP": 0.2896339161863811,
      "SCE": 4.834044661418272e-08,
      "S_struct": 16.844997222694666,
      "admissible": false,
      "snowfall_cm": 0.3,
      "depth_est_cm": 3.3066590985572533,
      "corridor_score": 1.5984537762510847e-07,
      "segment_id": 0
    },
    {
      "time": "2021-02-14 09:53:00+00:00",
      "CP": 4.935397781814518,
      "SCE": 0.007880546174819647,
      "S_struct": 4.843358065988946,
      "admissible": false,
      "snowfall_cm": 0.3,
      "depth_est_cm": 23.152142635281898,
      "corridor_score": 0.18245152908334963,
      "segment_id": 0
    },
    {
      "time": "2021-02-14 10:41:00+00:00",
      "CP": 4.8472656785678305,
      "SCE": 0.007215742588123637,
      "S_struct": 4.931490169235634,
      "admissible": false,
      "snowfall_cm": 0.2,
      "depth_est_cm": 22.95766390583645,
      "corridor_score": 0.16565659316917292,
      "segment_id": 0
    },
    {
      "time": "2021-02-14 10:51:00+00:00",
      "CP": 4.406605162334391,
      "SCE": 0.004644132493711926,
      "S_struct": 5.372150685469073,
      "admissible": false,
      "snowfall_cm": 0.5,
      "depth_est_cm": 21.939077995994907,
      "corridor_score": 0.10188798500328027,
      "segment_id": 0
    },
    {
      "time": "2021-02-14 10:53:00+00:00",
      "CP": 4.406605162334391,
      "SCE": 0.007065053189620477,
      "S_struct": 4.9525947342652845,
      "admissible": false,
      "snowfall_cm": 0.5,
      "depth_est_cm": 21.939077995994907,
      "corridor_score": 0.15500075297293625,
      "segment_id": 0
    },
    {
      "time": "2021-02-14 11:12:00+00:00",
      "CP": 1.936627808949141,
      "SCE": 0.0007290657099530737,
      "S_struct": 7.223746692907881,
      "admissible": false,
      "snowfall_cm": 0.2,
      "depth_est_cm": 14.004404950634072,
      "corridor_score": 0.01021013143780437,
      "segment_id": 0
    },
    {
      "time": "2021-02-14 11:21:00+00:00",
      "CP": 1.1518225616453333,
      "SCE": 0.0003326060038147112,
      "S_struct": 8.008551940211689,
      "admissible": false,
      "snowfall_cm": 0.2,
      "depth_est_cm": 9.96209741973008,
      "corridor_score": 0.0033134534123892673,
      "segment_id": 0
    },
    {
      "time": "2021-02-14 11:53:00+00:00",
      "CP": 1.1518225616453333,
      "SCE": 0.0003480022080993233,
      "S_struct": 7.963301733096932,
      "admissible": false,
      "snowfall_cm": 0.8,
      "depth_est_cm": 9.96209741973008,
      "corridor_score": 0.003466831899366639,
      "segment_id": 0
    },
    {
      "time": "2021-02-14 12:00:00+00:00",
      "CP": 1.1518225616453333,
      "SCE": 0.0004789418352092478,
      "S_struct": 7.64393139755232,
      "admissible": false,
      "snowfall_cm": 2.0,
      "depth_est_cm": 9.96209741973008,
      "corridor_score": 0.004771265220738837,
      "segment_id": 0
    },
    {
      "time": "2021-02-14 12:45:00+00:00",
      "CP": 1.5199799402674914,
      "SCE": 0.00044287127889442183,
      "S_struct": 7.7222313969716065,
      "admissible": false,
      "snowfall_cm": 0.2,
      "depth_est_cm": 12.015262236644373,
      "corridor_score": 0.005321214552994545,
      "segment_id": 0
    },
    {
      "time": "2021-02-14 12:53:00+00:00",
      "CP": 1.5199799402674914,
      "SCE": 0.00044287127889442183,
      "S_struct": 7.7222313969716065,
      "admissible": false,
      "snowfall_cm": 0.5,
      "depth_est_cm": 12.015262236644373,
      "corridor_score": 0.005321214552994545,
      "segment_id": 0
    },
    {
      "time": "2021-02-14 17:34:00+00:00",
      "CP": 0.7753679853926417,
      "SCE": 0.1196033189553573,
      "S_struct": 2.123574687387789,
      "admissible": true,
      "snowfall_cm": 0.2,
      "depth_est_cm": 7.4621003230099365,
      "corridor_score": 0.8924919650098321,
      "segment_id": 0
    },
    {
      "time": "2021-02-14 17:40:00+00:00",
      "CP": 0.9926425169555669,
      "SCE": 0.09624586969923739,
      "S_struct": 2.3408492189507144,
      "admissible": true,
      "snowfall_cm": 0.2,
      "depth_est_cm": 8.963001525754116,
      "corridor_score": 0.8626518769617966,
      "segment_id": 0
    },
    {
      "time": "2021-02-14 17:42:00+00:00",
      "CP": 0.9926425169555669,
      "SCE": 0.09624586969923743,
      "S_struct": 2.340849218950714,
      "admissible": true,
      "snowfall_cm": 0.2,
      "depth_est_cm": 8.963001525754116,
      "corridor_score": 0.8626518769617969,
      "segment_id": 0
    },
    {
      "time": "2021-02-14 17:43:00+00:00",
      "CP": 0.9926425169555669,
      "SCE": 0.103414261143138,
      "S_struct": 2.2690124043375457,
      "admissible": true,
      "snowfall_cm": 0.2,
      "depth_est_cm": 8.963001525754116,
      "corridor_score": 0.9269021804106804,
      "segment_id": 0
    },
    {
      "time": "2021-02-14 17:53:00+00:00",
      "CP": 0.6422980992065433,
      "SCE": 0.07284970308253476,
      "S_struct": 2.6193568220865693,
      "admissible": false,
      "snowfall_cm": 0.3,
      "depth_est_cm": 6.449255032525331,
      "corridor_score": 0.4698263142230134,
      "segment_id": 0
    },
    {
      "time": "2021-02-14 18:00:00+00:00",
      "CP": 0.48682742614351704,
      "SCE": 0.09682662199374781,
      "S_struct": 2.3348333019142693,
      "admissible": true,
      "snowfall_cm": 0.8,
      "depth_est_cm": 5.156379874035492,
      "corridor_score": 0.49927484491940355,
      "segment_id": 0
    },
    {
      "time": "2021-02-16 16:53:00+00:00",
      "CP": 1.7300113052446082,
      "SCE": 0.00278630503783468,
      "S_struct": 5.883038920086593,
      "admissible": false,
      "snowfall_cm": 0.3,
      "depth_est_cm": 13.055974753945955,
      "corridor_score": 0.03637792823076201,
      "segment_id": 0
    },
    {
      "time": "2021-02-16 17:53:00+00:00",
      "CP": 1.303616527337884,
      "SCE": 0.002662742162697676,
      "S_struct": 5.928398798956691,
      "admissible": false,
      "snowfall_cm": 0.3,
      "depth_est_cm": 10.848243785521513,
      "corridor_score": 0.028886076118931178,
      "segment_id": 0
    },
    {
      "time": "2021-02-16 18:00:00+00:00",
      "CP": 1.303616527337884,
      "SCE": 0.002662742162697676,
      "S_struct": 5.928398798956691,
      "admissible": false,
      "snowfall_cm": 0.3,
      "depth_est_cm": 10.848243785521513,
      "corridor_score": 0.028886076118931178,
      "segment_id": 0
    },
    {
      "time": "2021-02-16 18:06:00+00:00",
      "CP": 1.0215377396802274,
      "SCE": 0.004038372135177445,
      "S_struct": 5.511913605047205,
      "admissible": false,
      "snowfall_cm": 0.2,
      "depth_est_cm": 9.150160227925705,
      "corridor_score": 0.03695175209686406,
      "segment_id": 0
    },
    {
      "time": "2021-02-16 18:19:00+00:00",
      "CP": 0.9141564166932902,
      "SCE": 0.007031398858211591,
      "S_struct": 4.957369608855896,
      "admissible": false,
      "snowfall_cm": 0.5,
      "depth_est_cm": 8.440601157325425,
      "corridor_score": 0.05934923334023742,
      "segment_id": 0
    },
    {
      "time": "2021-02-16 18:53:00+00:00",
      "CP": 1.1357001212587134,
      "SCE": 0.02367148389465676,
      "S_struct": 3.743484166476721,
      "admissible": false,
      "snowfall_cm": 1.3,
      "depth_est_cm": 9.864328741446835,
      "corridor_score": 0.23350329893475852,
      "segment_id": 0
    },
    {
      "time": "2021-02-16 19:04:00+00:00",
      "CP": 1.1357001212587134,
      "SCE": 0.02367148389465676,
      "S_struct": 3.743484166476721,
      "admissible": false,
      "snowfall_cm": 0.2,
      "depth_est_cm": 9.864328741446835,
      "corridor_score": 0.23350329893475852,
      "segment_id": 0
    },
    {
      "time": "2021-02-16 19:18:00+00:00",
      "CP": 1.1357001212587134,
      "SCE": 0.02367148389465676,
      "S_struct": 3.743484166476721,
      "admissible": false,
      "snowfall_cm": 0.5,
      "depth_est_cm": 9.864328741446835,
      "corridor_score": 0.23350329893475852,
      "segment_id": 0
    },
    {
      "time": "2021-02-16 19:53:00+00:00",
      "CP": 1.1357001212587134,
      "SCE": 0.02367148389465676,
      "S_struct": 3.743484166476721,
      "admissible": false,
      "snowfall_cm": 0.8,
      "depth_est_cm": 9.864328741446835,
      "corridor_score": 0.23350329893475852,
      "segment_id": 0
    },
    {
      "time": "2021-02-16 20:53:00+00:00",
      "CP": 1.1357001212587134,
      "SCE": 0.04666654401808633,
      "S_struct": 3.0647277732282605,
      "admissible": false,
      "snowfall_cm": 0.8,
      "depth_est_cm": 9.864328741446835,
      "corridor_score": 0.46033413142160284,
      "segment_id": 0
    },
    {
      "time": "2021-02-16 21:53:00+00:00",
      "CP": 1.064718863680044,
      "SCE": 0.06950785906581228,
      "S_struct": 2.6663154527208315,
      "admissible": false,
      "snowfall_cm": 0.3,
      "depth_est_cm": 9.42492295742767,
      "corridor_score": 0.6551062166310211,
      "segment_id": 0
    },
    {
      "time": "2021-02-17 00:00:00+00:00",
      "CP": 0.7807938333653653,
      "SCE": 0.1671497501722356,
      "S_struct": 1.7888651607492996,
      "admissible": true,
      "snowfall_cm": 3.0,
      "depth_est_cm": 7.501770102944031,
      "corridor_score": 1.2539189985566408,
      "segment_id": 0
    },
    {
      "time": "2021-02-18 15:53:00+00:00",
      "CP": 2.681318055155637,
      "SCE": 4.0480518403927226e-05,
      "S_struct": 10.114689726645938,
      "admissible": false,
      "snowfall_cm": 0.3,
      "depth_est_cm": 16.942521117809964,
      "corridor_score": 0.0006858420379184319,
      "segment_id": 0
    },
    {
      "time": "2021-02-18 18:00:00+00:00",
      "CP": 4.636967139250598,
      "SCE": 6.810585959566479e-05,
      "S_struct": 9.594447304521175,
      "admissible": false,
      "snowfall_cm": 0.3,
      "depth_est_cm": 22.481500334899508,
      "corridor_score": 0.0015311219053085567,
      "segment_id": 0
    }
  ]
}