{
  "rows": 13775,
  "start": "2024-01-01 00:00:00+00:00",
  "end": "2024-12-31 23:52:00+00:00",
  "segments": 3,
  "params": {
    "tct_window_hours": 24,
    "stress_window_hours": 24,
    "cp_threshold": 0.08,
    "s_max": 2.5,
    "k_depth": 13.0,
    "gap_hours": 6.0
  },
  "top_CP": [
    {
      "time": "2024-02-28 08:55:00+00:00",
      "CP": 49.8889970888398,
      "SCE": 5.8163026553701895e-12,
      "S_struct": 25.870356338645127,
      "admissible": false,
      "snowfall_cm": 0.0,
      "depth_est_cm": 51.08540752868298,
      "corridor_score": 2.9712819145974707e-10,
      "segment_id": 0
    },
    {
      "time": "2024-02-28 09:00:00+00:00",
      "CP": 49.8889970888398,
      "SCE": 5.8163026553701895e-12,
      "S_struct": 25.870356338645127,
      "admissible": false,
      "snowfall_cm": 0.0,
      "depth_est_cm": 51.08540752868298,
      "corridor_score": 2.9712819145974707e-10,
      "segment_id": 0
    },
    {
      "time": "2024-02-28 08:52:00+00:00",
      "CP": 48.70679336635544,
      "SCE": 2.927425888851228e-13,
      "S_struct": 28.859482708260995,
      "admissible": false,
      "snowfall_cm": 0.0,
      "depth_est_cm": 50.77984094577582,
      "corridor_score": 1.4865422101641178e-11,
      "segment_id": 0
    },
    {
      "time": "2024-02-28 08:38:00+00:00",
      "CP": 47.288148899374214,
      "SCE": 9.154336229194853e-14,
      "S_struct": 30.0219636300566,
      "admissible": false,
      "snowfall_cm": 0.0,
      "depth_est_cm": 50.403420159944375,
      "corridor_score": 4.6140985524550905e-12,
      "segment_id": 0
    },
    {
      "time": "2024-05-13 00:12:00+00:00",
      "CP": 46.481978313105635,
      "SCE": 1.6124756117334427e-19,
      "S_struct": 43.271346121819846,
      "admissible": false,
      "snowfall_cm": 0.0,
      "depth_est_cm": 50.18455305648323,
      "corridor_score": 8.092136788932221e-18,
      "segment_id": 0
    },
    {
      "time": "2024-05-13 00:00:00+00:00",
      "CP": 46.481978313105635,
      "SCE": 7.171873277261326e-20,
      "S_struct": 44.08153497338764,
      "admissible": false,
      "snowfall_cm": 0.0,
      "depth_est_cm": 50.18455305648323,
      "corridor_score": 3.599172549970953e-18,
      "segment_id": 0
    },
    {
      "time": "2024-05-12 23:52:00+00:00",
      "CP": 46.481978313105635,
      "SCE": 7.171873277261326e-20,
      "S_struct": 44.08153497338764,
      "admissible": false,
      "snowfall_cm": 0.0,
      "depth_est_cm": 50.18455305648323,
      "corridor_score": 3.599172549970953e-18,
      "segment_id": 0
    },
    {
      "time": "2024-05-13 00:52:00+00:00",
      "CP": 46.387683634080226,
      "SCE": 1.4673762851643645e-19,
      "S_struct": 43.365640800845256,
      "admissible": false,
      "snowfall_cm": 0.0,
      "depth_est_cm": 50.15871062791665,
      "corridor_score": 7.360170246982665e-18,
      "segment_id": 0
    },
    {
      "time": "2024-05-13 01:52:00+00:00",
      "CP": 46.387683634080226,
      "SCE": 7.177490138102059e-19,
      "S_struct": 41.77816700787653,
      "admissible": false,
      "snowfall_cm": 0.0,
      "depth_est_cm": 50.15871062791665,
      "corridor_score": 3.6001365087178664e-17,
      "segment_id": 0
    },
    {
      "time": "2024-05-12 22:52:00+00:00",
      "CP": 46.22755873513385,
      "SCE": 9.249656951063109e-20,
      "S_struct": 43.82711539541585,
      "admissible": false,
      "snowfall_cm": 0.0,
      "depth_est_cm": 50.11470871825514,
      "corridor_score": 4.635438638463116e-18,
      "segment_id": 0
    },
    {
      "time": "2024-05-12 21:52:00+00:00",
      "CP": 46.22755873513385,
      "SCE": 3.6993885910515094e-20,
      "S_struct": 44.74353429954706,
      "admissible": false,
      "snowfall_cm": 0.0,
      "depth_est_cm": 50.11470871825514,
      "corridor_score": 1.8539378167618268e-18,
      "segment_id": 0
    },
    {
      "time": "2024-02-28 09:01:00+00:00",
      "CP": 43.93620284721839,
      "SCE": 4.134334156293138e-14,
      "S_struct": 30.816865012696557,
      "admissible": false,
      "snowfall_cm": 0.0,
      "depth_est_cm": 49.468169001628155,
      "corridor_score": 2.0451794075271267e-12,
      "segment_id": 0
    }
  ],
  "top_depth_any": [
    {
      "time": "2024-02-28 08:55:00+00:00",
      "CP": 49.8889970888398,
      "SCE": 5.8163026553701895e-12,
      "S_struct": 25.870356338645127,
      "admissible": false,
      "snowfall_cm": 0.0,
      "depth_est_cm": 51.08540752868298,
      "corridor_score": 2.9712819145974707e-10,
      "segment_id": 0
    },
    {
      "time": "2024-02-28 09:00:00+00:00",
      "CP": 49.8889970888398,
      "SCE": 5.8163026553701895e-12,
      "S_struct": 25.870356338645127,
      "admissible": false,
      "snowfall_cm": 0.0,
      "depth_est_cm": 51.08540752868298,
      "corridor_score": 2.9712819145974707e-10,
      "segment_id": 0
    },
    {
      "time": "2024-02-28 08:52:00+00:00",
      "CP": 48.70679336635544,
      "SCE": 2.927425888851228e-13,
      "S_struct": 28.859482708260995,
      "admissible": false,
      "snowfall_cm": 0.0,
      "depth_est_cm": 50.77984094577582,
      "corridor_score": 1.4865422101641178e-11,
      "segment_id": 0
    },
    {
      "time": "2024-02-28 08:38:00+00:00",
      "CP": 47.288148899374214,
      "SCE": 9.154336229194853e-14,
      "S_struct": 30.0219636300566,
      "admissible": false,
      "snowfall_cm": 0.0,
      "depth_est_cm": 50.403420159944375,
      "corridor_score": 4.6140985524550905e-12,
      "segment_id": 0
    },
    {
      "time": "2024-05-13 00:12:00+00:00",
      "CP": 46.481978313105635,
      "SCE": 1.6124756117334427e-19,
      "S_struct": 43.271346121819846,
      "admissible": false,
      "snowfall_cm": 0.0,
      "depth_est_cm": 50.18455305648323,
      "corridor_score": 8.092136788932221e-18,
      "segment_id": 0
    },
    {
      "time": "2024-05-13 00:00:00+00:00",
      "CP": 46.481978313105635,
      "SCE": 7.171873277261326e-20,
      "S_struct": 44.08153497338764,
      "admissible": false,
      "snowfall_cm": 0.0,
      "depth_est_cm": 50.18455305648323,
      "corridor_score": 3.599172549970953e-18,
      "segment_id": 0
    },
    {
      "time": "2024-05-12 23:52:00+00:00",
      "CP": 46.481978313105635,
      "SCE": 7.171873277261326e-20,
      "S_struct": 44.08153497338764,
      "admissible": false,
      "snowfall_cm": 0.0,
      "depth_est_cm": 50.18455305648323,
      "corridor_score": 3.599172549970953e-18,
      "segment_id": 0
    },
    {
      "time": "2024-05-13 00:52:00+00:00",
      "CP": 46.387683634080226,
      "SCE": 1.4673762851643645e-19,
      "S_struct": 43.365640800845256,
      "admissible": false,
      "snowfall_cm": 0.0,
      "depth_est_cm": 50.15871062791665,
      "corridor_score": 7.360170246982665e-18,
      "segment_id": 0
    },
    {
      "time": "2024-05-13 01:52:00+00:00",
      "CP": 46.387683634080226,
      "SCE": 7.177490138102059e-19,
      "S_struct": 41.77816700787653,
      "admissible": false,
      "snowfall_cm": 0.0,
      "depth_est_cm": 50.15871062791665,
      "corridor_score": 3.6001365087178664e-17,
      "segment_id": 0
    },
    {
      "time": "2024-05-12 22:52:00+00:00",
      "CP": 46.22755873513385,
      "SCE": 9.249656951063109e-20,
      "S_struct": 43.82711539541585,
      "admissible": false,
      "snowfall_cm": 0.0,
      "depth_est_cm": 50.11470871825514,
      "corridor_score": 4.635438638463116e-18,
      "segment_id": 0
    },
    {
      "time": "2024-05-12 21:52:00+00:00",
      "CP": 46.22755873513385,
      "SCE": 3.6993885910515094e-20,
      "S_struct": 44.74353429954706,
      "admissible": false,
      "snowfall_cm": 0.0,
      "depth_est_cm": 50.11470871825514,
      "corridor_score": 1.8539378167618268e-18,
      "segment_id": 0
    },
    {
      "time": "2024-02-28 09:01:00+00:00",
      "CP": 43.93620284721839,
      "SCE": 4.134334156293138e-14,
      "S_struct": 30.816865012696557,
      "admissible": false,
      "snowfall_cm": 0.0,
      "depth_est_cm": 49.468169001628155,
      "corridor_score": 2.0451794075271267e-12,
      "segment_id": 0
    }
  ],
  "top_depth_admissible": [
    {
      "time": "2024-02-02 07:52:00+00:00",
      "CP": 6.779179207188039,
      "SCE": 0.3274772707561053,
      "S_struct": 1.1163366285867138,
      "admissible": true,
      "snowfall_cm": 0.0,
      "depth_est_cm": 26.668860819423045,
      "corridor_score": 8.733445755319089,
      "segment_id": 0
    },
    {
      "time": "2024-08-02 06:00:00+00:00",
      "CP": 6.34884438901812,
      "SCE": 0.08323364128709325,
      "S_struct": 2.486103670486383,
      "admissible": true,
      "snowfall_cm": 0.0,
      "depth_est_cm": 25.9290599734337,
      "corridor_score": 2.158170076740308,
      "segment_id": 0
    },
    {
      "time": "2024-08-02 06:50:00+00:00",
      "CP": 6.34884438901812,
      "SCE": 0.08433285326235634,
      "S_struct": 2.472983771480158,
      "admissible": true,
      "snowfall_cm": 0.0,
      "depth_est_cm": 25.9290599734337,
      "corridor_score": 2.1866716099704213,
      "segment_id": 0
    },
    {
      "time": "2024-07-11 09:00:00+00:00",
      "CP": 4.757375020191302,
      "SCE": 0.08784650511333868,
      "S_struct": 2.432164247572488,
      "admissible": true,
      "snowfall_cm": 0.0,
      "depth_est_cm": 22.75626138723689,
      "corridor_score": 1.999058032314377,
      "segment_id": 0
    },
    {
      "time": "2024-07-11 09:52:00+00:00",
      "CP": 4.757375020191302,
      "SCE": 0.08784650511333868,
      "S_struct": 2.432164247572488,
      "admissible": true,
      "snowfall_cm": 0.0,
      "depth_est_cm": 22.75626138723689,
      "corridor_score": 1.999058032314377,
      "segment_id": 0
    },
    {
      "time": "2024-07-11 10:52:00+00:00",
      "CP": 4.757375020191302,
      "SCE": 0.1249477554991633,
      "S_struct": 2.079859585054486,
      "admissible": true,
      "snowfall_cm": 0.0,
      "depth_est_cm": 22.75626138723689,
      "corridor_score": 2.8433437838875255,
      "segment_id": 0
    },
    {
      "time": "2024-07-11 11:39:00+00:00",
      "CP": 4.757375020191302,
      "SCE": 0.1249477554991633,
      "S_struct": 2.079859585054486,
      "admissible": true,
      "snowfall_cm": 0.0,
      "depth_est_cm": 22.75626138723689,
      "corridor_score": 2.8433437838875255,
      "segment_id": 0
    },
    {
      "time": "2024-03-16 13:52:00+00:00",
      "CP": 4.171795633457088,
      "SCE": 0.08821574410416241,
      "S_struct": 2.4279698273170984,
      "admissible": true,
      "snowfall_cm": 0.0,
      "depth_est_cm": 21.361859299336743,
      "corridor_score": 1.8844523135394122,
      "segment_id": 0
    },
    {
      "time": "2024-12-19 06:00:00+00:00",
      "CP": 3.700931312419582,
      "SCE": 0.09997834109473243,
      "S_struct": 2.3028017055055177,
      "admissible": true,
      "snowfall_cm": 0.0,
      "depth_est_cm": 20.120888328647816,
      "corridor_score": 2.011653036450572,
      "segment_id": 2
    },
    {
      "time": "2024-12-19 05:52:00+00:00",
      "CP": 3.700931312419582,
      "SCE": 0.09997834109473243,
      "S_struct": 2.3028017055055177,
      "admissible": true,
      "snowfall_cm": 0.0,
      "depth_est_cm": 20.120888328647816,
      "corridor_score": 2.011653036450572,
      "segment_id": 2
    },
    {
      "time": "2024-12-19 05:59:00+00:00",
      "CP": 3.700931312419582,
      "SCE": 0.09997834109473243,
      "S_struct": 2.3028017055055177,
      "admissible": true,
      "snowfall_cm": 0.0,
      "depth_est_cm": 20.120888328647816,
      "corridor_score": 2.011653036450572,
      "segment_id": 2
    },
    {
      "time": "2024-09-29 11:52:00+00:00",
      "CP": 3.646918392004935,
      "SCE": 0.09866355501870609,
      "S_struct": 2.3160396507960606,
      "admissible": true,
      "snowfall_cm": 0.0,
      "depth_est_cm": 19.970655750658764,
      "corridor_score": 1.9703758924147603,
      "segment_id": 0
    }
  ],
  "top_depth_admissible_snow": [
    {
      "time": "2024-01-19 06:52:00+00:00",
      "CP": 1.9400695977241016,
      "SCE": 0.10811672162073943,
      "S_struct": 2.2245438797063777,
      "admissible": true,
      "snowfall_cm": 0.3,
      "depth_est_cm": 14.019632298953699,
      "corridor_score": 1.5157566824911042,
      "segment_id": 0
    },
    {
      "time": "2024-01-19 07:52:00+00:00",
      "CP": 1.7832096824896932,
      "SCE": 0.09890868786943757,
      "S_struct": 2.313558199222358,
      "admissible": true,
      "snowfall_cm": 0.3,
      "depth_est_cm": 13.30686270881513,
      "corridor_score": 1.3161643301876542,
      "segment_id": 0
    },
    {
      "time": "2024-01-19 08:11:00+00:00",
      "CP": 1.7832096824896932,
      "SCE": 0.09890868786943757,
      "S_struct": 2.313558199222358,
      "admissible": true,
      "snowfall_cm": 0.2,
      "depth_est_cm": 13.30686270881513,
      "corridor_score": 1.3161643301876542,
      "segment_id": 0
    },
    {
      "time": "2024-01-01 12:00:00+00:00",
      "CP": 1.207798604551072,
      "SCE": 0.3546867184669299,
      "S_struct": 1.0365203623159973,
      "admissible": true,
      "snowfall_cm": 0.3,
      "depth_est_cm": 10.295946863122259,
      "corridor_score": 3.6518356063907147,
      "segment_id": 0
    },
    {
      "time": "2024-01-11 15:00:00+00:00",
      "CP": 0.7279194630468923,
      "SCE": 0.24960551342312243,
      "S_struct": 1.387873553695878,
      "admissible": true,
      "snowfall_cm": 1.0,
      "depth_est_cm": 7.109934809414761,
      "corridor_score": 1.7746789285089015,
      "segment_id": 0
    },
    {
      "time": "2024-03-22 12:35:00+00:00",
      "CP": 0.3246458717037963,
      "SCE": 0.0948414507122995,
      "S_struct": 2.3555487214837485,
      "admissible": true,
      "snowfall_cm": 0.2,
      "depth_est_cm": 3.654887042006826,
      "corridor_score": 0.34663478925351254,
      "segment_id": 0
    },
    {
      "time": "2024-03-22 12:52:00+00:00",
      "CP": 0.3246458717037963,
      "SCE": 0.12992250203806824,
      "S_struct": 2.040817144456269,
      "admissible": true,
      "snowfall_cm": 0.8,
      "depth_est_cm": 3.654887042006826,
      "corridor_score": 0.47485206916404105,
      "segment_id": 0
    }
  ],
  "top_corridor_any": [
    {
      "time": "2024-12-02 03:12:00+00:00",
      "CP": 2.160599028435879,
      "SCE": 0.9206496341327958,
      "S_struct": 0.0826757340699582,
      "admissible": true,
      "snowfall_cm": 0.0,
      "depth_est_cm": 14.959900482724413,
      "corridor_score": 13.772826906083266,
      "segment_id": 1
    },
    {
      "time": "2024-12-02 03:52:00+00:00",
      "CP": 2.160599028435879,
      "SCE": 0.9206496341327958,
      "S_struct": 0.0826757340699582,
      "admissible": true,
      "snowfall_cm": 0.0,
      "depth_est_cm": 14.959900482724413,
      "corridor_score": 13.772826906083266,
      "segment_id": 1
    },
    {
      "time": "2024-12-02 03:00:00+00:00",
      "CP": 2.160599028435879,
      "SCE": 0.9206496341327958,
      "S_struct": 0.0826757340699582,
      "admissible": true,
      "snowfall_cm": 0.0,
      "depth_est_cm": 14.959900482724413,
      "corridor_score": 13.772826906083266,
      "segment_id": 1
    },
    {
      "time": "2024-12-02 02:52:00+00:00",
      "CP": 2.160599028435879,
      "SCE": 0.9206496341327958,
      "S_struct": 0.0826757340699582,
      "admissible": true,
      "snowfall_cm": 0.0,
      "depth_est_cm": 14.959900482724413,
      "corridor_score": 13.772826906083266,
      "segment_id": 1
    },
    {
      "time": "2024-12-02 04:52:00+00:00",
      "CP": 2.160599028435879,
      "SCE": 0.9206496341327958,
      "S_struct": 0.0826757340699582,
      "admissible": true,
      "snowfall_cm": 0.0,
      "depth_est_cm": 14.959900482724413,
      "corridor_score": 13.772826906083266,
      "segment_id": 1
    },
    {
      "time": "2024-12-02 02:36:00+00:00",
      "CP": 2.160599028435879,
      "SCE": 0.9206496341327958,
      "S_struct": 0.0826757340699582,
      "admissible": true,
      "snowfall_cm": 0.0,
      "depth_est_cm": 14.959900482724413,
      "corridor_score": 13.772826906083266,
      "segment_id": 1
    },
    {
      "time": "2024-12-02 05:52:00+00:00",
      "CP": 2.2012935862302423,
      "SCE": 0.8839362875365542,
      "S_struct": 0.12337029186432158,
      "admissible": true,
      "snowfall_cm": 0.0,
      "depth_est_cm": 15.126214659625589,
      "corridor_score": 13.370610030710445,
      "segment_id": 1
    },
    {
      "time": "2024-12-02 05:59:00+00:00",
      "CP": 2.2012935862302423,
      "SCE": 0.8839362875365542,
      "S_struct": 0.12337029186432158,
      "admissible": true,
      "snowfall_cm": 0.0,
      "depth_est_cm": 15.126214659625589,
      "corridor_score": 13.370610030710445,
      "segment_id": 1
    },
    {
      "time": "2024-12-02 06:00:00+00:00",
      "CP": 2.2012935862302423,
      "SCE": 0.8839362875365542,
      "S_struct": 0.12337029186432158,
      "admissible": true,
      "snowfall_cm": 0.0,
      "depth_est_cm": 15.126214659625589,
      "corridor_score": 13.370610030710445,
      "segment_id": 1
    },
    {
      "time": "2024-12-02 06:52:00+00:00",
      "CP": 2.2012935862302423,
      "SCE": 0.8839362875365542,
      "S_struct": 0.12337029186432158,
      "admissible": true,
      "snowfall_cm": 0.0,
      "depth_est_cm": 15.126214659625589,
      "corridor_score": 13.370610030710445,
      "segment_id": 1
    },
    {
      "time": "2024-02-02 07:52:00+00:00",
      "CP": 6.779179207188039,
      "SCE": 0.3274772707561053,
      "S_struct": 1.1163366285867138,
      "admissible": true,
      "snowfall_cm": 0.0,
      "depth_est_cm": 26.668860819423045,
      "corridor_score": 8.733445755319089,
      "segment_id": 0
    },
    {
      "time": "2024-04-02 09:32:00+00:00",
      "CP": 2.308252399307341,
      "SCE": 0.40865099856460413,
      "S_struct": 0.8948937914536601,
      "admissible": true,
      "snowfall_cm": 0.0,
      "depth_est_cm": 15.553460960966046,
      "corridor_score": 6.355937352834362,
      "segment_id": 0
    }
  ],
  "top_corridor_admissible": [
    {
      "time": "2024-12-02 03:52:00+00:00",
      "CP": 2.160599028435879,
      "SCE": 0.9206496341327958,
      "S_struct": 0.0826757340699582,
      "admissible": true,
      "snowfall_cm": 0.0,
      "depth_est_cm": 14.959900482724413,
      "corridor_score": 13.772826906083266,
      "segment_id": 1
    },
    {
      "time": "2024-12-02 04:52:00+00:00",
      "CP": 2.160599028435879,
      "SCE": 0.9206496341327958,
      "S_struct": 0.0826757340699582,
      "admissible": true,
      "snowfall_cm": 0.0,
      "depth_est_cm": 14.959900482724413,
      "corridor_score": 13.772826906083266,
      "segment_id": 1
    },
    {
      "time": "2024-12-02 02:52:00+00:00",
      "CP": 2.160599028435879,
      "SCE": 0.9206496341327958,
      "S_struct": 0.0826757340699582,
      "admissible": true,
      "snowfall_cm": 0.0,
      "depth_est_cm": 14.959900482724413,
      "corridor_score": 13.772826906083266,
      "segment_id": 1
    },
    {
      "time": "2024-12-02 03:00:00+00:00",
      "CP": 2.160599028435879,
      "SCE": 0.9206496341327958,
      "S_struct": 0.0826757340699582,
      "admissible": true,
      "snowfall_cm": 0.0,
      "depth_est_cm": 14.959900482724413,
      "corridor_score": 13.772826906083266,
      "segment_id": 1
    },
    {
      "time": "2024-12-02 03:12:00+00:00",
      "CP": 2.160599028435879,
      "SCE": 0.9206496341327958,
      "S_struct": 0.0826757340699582,
      "admissible": true,
      "snowfall_cm": 0.0,
      "depth_est_cm": 14.959900482724413,
      "corridor_score": 13.772826906083266,
      "segment_id": 1
    },
    {
      "time": "2024-12-02 02:36:00+00:00",
      "CP": 2.160599028435879,
      "SCE": 0.9206496341327958,
      "S_struct": 0.0826757340699582,
      "admissible": true,
      "snowfall_cm": 0.0,
      "depth_est_cm": 14.959900482724413,
      "corridor_score": 13.772826906083266,
      "segment_id": 1
    },
    {
      "time": "2024-12-02 06:00:00+00:00",
      "CP": 2.2012935862302423,
      "SCE": 0.8839362875365542,
      "S_struct": 0.12337029186432158,
      "admissible": true,
      "snowfall_cm": 0.0,
      "depth_est_cm": 15.126214659625589,
      "corridor_score": 13.370610030710445,
      "segment_id": 1
    },
    {
      "time": "2024-12-02 05:52:00+00:00",
      "CP": 2.2012935862302423,
      "SCE": 0.8839362875365542,
      "S_struct": 0.12337029186432158,
      "admissible": true,
      "snowfall_cm": 0.0,
      "depth_est_cm": 15.126214659625589,
      "corridor_score": 13.370610030710445,
      "segment_id": 1
    },
    {
      "time": "2024-12-02 05:59:00+00:00",
      "CP": 2.2012935862302423,
      "SCE": 0.8839362875365542,
      "S_struct": 0.12337029186432158,
      "admissible": true,
      "snowfall_cm": 0.0,
      "depth_est_cm": 15.126214659625589,
      "corridor_score": 13.370610030710445,
      "segment_id": 1
    },
    {
      "time": "2024-12-02 06:52:00+00:00",
      "CP": 2.2012935862302423,
      "SCE": 0.8839362875365542,
      "S_struct": 0.12337029186432158,
      "admissible": true,
      "snowfall_cm": 0.0,
      "depth_est_cm": 15.126214659625589,
      "corridor_score": 13.370610030710445,
      "segment_id": 1
    },
    {
      "time": "2024-02-02 07:52:00+00:00",
      "CP": 6.779179207188039,
      "SCE": 0.3274772707561053,
      "S_struct": 1.1163366285867138,
      "admissible": true,
      "snowfall_cm": 0.0,
      "depth_est_cm": 26.668860819423045,
      "corridor_score": 8.733445755319089,
      "segment_id": 0
    },
    {
      "time": "2024-04-02 09:32:00+00:00",
      "CP": 2.308252399307341,
      "SCE": 0.40865099856460413,
      "S_struct": 0.8948937914536601,
      "admissible": true,
      "snowfall_cm": 0.0,
      "depth_est_cm": 15.553460960966046,
      "corridor_score": 6.355937352834362,
      "segment_id": 0
    }
  ],
  "top_corridor_admissible_snow": [
    {
      "time": "2024-01-01 12:00:00+00:00",
      "CP": 1.207798604551072,
      "SCE": 0.3546867184669299,
      "S_struct": 1.0365203623159973,
      "admissible": true,
      "snowfall_cm": 0.3,
      "depth_est_cm": 10.295946863122259,
      "corridor_score": 3.6518356063907147,
      "segment_id": 0
    },
    {
      "time": "2024-01-11 15:00:00+00:00",
      "CP": 0.7279194630468923,
      "SCE": 0.24960551342312243,
      "S_struct": 1.387873553695878,
      "admissible": true,
      "snowfall_cm": 1.0,
      "depth_est_cm": 7.109934809414761,
      "corridor_score": 1.7746789285089015,
      "segment_id": 0
    },
    {
      "time": "2024-01-19 06:52:00+00:00",
      "CP": 1.9400695977241016,
      "SCE": 0.10811672162073943,
      "S_struct": 2.2245438797063777,
      "admissible": true,
      "snowfall_cm": 0.3,
      "depth_est_cm": 14.019632298953699,
      "corridor_score": 1.5157566824911042,
      "segment_id": 0
    },
    {
      "time": "2024-01-19 07:52:00+00:00",
      "CP": 1.7832096824896932,
      "SCE": 0.09890868786943757,
      "S_struct": 2.313558199222358,
      "admissible": true,
      "snowfall_cm": 0.3,
      "depth_est_cm": 13.30686270881513,
      "corridor_score": 1.3161643301876542,
      "segment_id": 0
    },
    {
      "time": "2024-01-19 08:11:00+00:00",
      "CP": 1.7832096824896932,
      "SCE": 0.09890868786943757,
      "S_struct": 2.313558199222358,
      "admissible": true,
      "snowfall_cm": 0.2,
      "depth_est_cm": 13.30686270881513,
      "corridor_score": 1.3161643301876542,
      "segment_id": 0
    },
    {
      "time": "2024-03-22 12:52:00+00:00",
      "CP": 0.3246458717037963,
      "SCE": 0.12992250203806824,
      "S_struct": 2.040817144456269,
      "admissible": true,
      "snowfall_cm": 0.8,
      "depth_est_cm": 3.654887042006826,
      "corridor_score": 0.47485206916404105,
      "segment_id": 0
    },
    {
      "time": "2024-03-22 12:35:00+00:00",
      "CP": 0.3246458717037963,
      "SCE": 0.0948414507122995,
      "S_struct": 2.3555487214837485,
      "admissible": true,
      "snowfall_cm": 0.2,
      "depth_est_cm": 3.654887042006826,
      "corridor_score": 0.34663478925351254,
      "segment_id": 0
    }
  ],
  "observed_snow_events_first200": [
    {
      "time": "2024-01-01 12:00:00+00:00",
      "CP": 1.207798604551072,
      "SCE": 0.3546867184669299,
      "S_struct": 1.0365203623159973,
      "admissible": true,
      "snowfall_cm": 0.3,
      "depth_est_cm": 10.295946863122259,
      "corridor_score": 3.6518356063907147,
      "segment_id": 0
    },
    {
      "time": "2024-01-11 04:52:00+00:00",
      "CP": 1.4932588599149146,
      "SCE": 0.07590527168003558,
      "S_struct": 2.5782691413925396,
      "admissible": false,
      "snowfall_cm": 0.3,
      "depth_est_cm": 11.876678240103374,
      "corridor_score": 0.9015024884714135,
      "segment_id": 0
    },
    {
      "time": "2024-01-11 05:16:00+00:00",
      "CP": 1.7908284517512627,
      "SCE": 0.056368841251010854,
      "S_struct": 2.8758387332288877,
      "admissible": false,
      "snowfall_cm": 0.2,
      "depth_est_cm": 13.342400342284463,
      "corridor_score": 0.7520956468016659,
      "segment_id": 0
    },
    {
      "time": "2024-01-11 05:25:00+00:00",
      "CP": 1.7908284517512627,
      "SCE": 0.056368841251010854,
      "S_struct": 2.8758387332288877,
      "admissible": false,
      "snowfall_cm": 0.5,
      "depth_est_cm": 13.342400342284463,
      "corridor_score": 0.7520956468016659,
      "segment_id": 0
    },
    {
      "time": "2024-01-11 05:52:00+00:00",
      "CP": 2.240522288374364,
      "SCE": 0.03595336597499035,
      "S_struct": 3.325532569851989,
      "admissible": false,
      "snowfall_cm": 0.5,
      "depth_est_cm": 15.284548720069719,
      "corridor_score": 0.549530973895237,
      "segment_id": 0
    },
    {
      "time": "2024-01-11 06:00:00+00:00",
      "CP": 2.240522288374364,
      "SCE": 0.05489116005180077,
      "S_struct": 2.9024029625245,
      "admissible": false,
      "snowfall_cm": 0.8,
      "depth_est_cm": 15.284548720069719,
      "corridor_score": 0.8389866101128935,
      "segment_id": 0
    },
    {
      "time": "2024-01-11 06:52:00+00:00",
      "CP": 0.5896717365932561,
      "SCE": 0.013646546595308012,
      "S_struct": 4.294268786040959,
      "admissible": false,
      "snowfall_cm": 0.3,
      "depth_est_cm": 6.025858019279588,
      "corridor_score": 0.08223215223680934,
      "segment_id": 0
    },
    {
      "time": "2024-01-11 07:14:00+00:00",
      "CP": 0.5896717365932561,
      "SCE": 0.020563178481802533,
      "S_struct": 3.884253254925402,
      "admissible": false,
      "snowfall_cm": 0.2,
      "depth_est_cm": 6.025858019279588,
      "corridor_score": 0.12391079395644726,
      "segment_id": 0
    },
    {
      "time": "2024-01-11 07:22:00+00:00",
      "CP": 0.5896717365932561,
      "SCE": 0.02654664290823433,
      "S_struct": 3.628851983423223,
      "admissible": false,
      "snowfall_cm": 0.2,
      "depth_est_cm": 6.025858019279588,
      "corridor_score": 0.15996630105353546,
      "segment_id": 0
    },
    {
      "time": "2024-01-11 07:31:00+00:00",
      "CP": 0.5896717365932561,
      "SCE": 0.02654664290823433,
      "S_struct": 3.628851983423223,
      "admissible": false,
      "snowfall_cm": 0.5,
      "depth_est_cm": 6.025858019279588,
      "corridor_score": 0.15996630105353546,
      "segment_id": 0
    },
    {
      "time": "2024-01-11 15:00:00+00:00",
      "CP": 0.7279194630468923,
      "SCE": 0.24960551342312243,
      "S_struct": 1.387873553695878,
      "admissible": true,
      "snowfall_cm": 1.0,
      "depth_est_cm": 7.109934809414761,
      "corridor_score": 1.7746789285089015,
      "segment_id": 0
    },
    {
      "time": "2024-01-13 06:52:00+00:00",
      "CP": 1.0445672560566475,
      "SCE": 0.027472899044508916,
      "S_struct": 3.5945552495140354,
      "admissible": false,
      "snowfall_cm": 0.5,
      "depth_est_cm": 9.297420032833529,
      "corridor_score": 0.2554270819364303,
      "segment_id": 0
    },
    {
      "time": "2024-01-13 07:33:00+00:00",
      "CP": 1.7495452123878732,
      "SCE": 0.024467854500464434,
      "S_struct": 3.7103950841429407,
      "admissible": false,
      "snowfall_cm": 0.2,
      "depth_est_cm": 13.148661768952364,
      "corridor_score": 0.3217195430385457,
      "segment_id": 0
    },
    {
      "time": "2024-01-13 07:52:00+00:00",
      "CP": 2.322543433231058,
      "SCE": 0.014594764955300437,
      "S_struct": 4.227092379272991,
      "admissible": false,
      "snowfall_cm": 0.5,
      "depth_est_cm": 15.609497591669998,
      "corridor_score": 0.22781694842075187,
      "segment_id": 0
    },
    {
      "time": "2024-01-13 09:00:00+00:00",
      "CP": 3.5555630524031034,
      "SCE": 0.004253079379862399,
      "S_struct": 5.4601119984450355,
      "admissible": false,
      "snowfall_cm": 1.0,
      "depth_est_cm": 19.71253875521055,
      "corridor_score": 0.08383899210452439,
      "segment_id": 0
    },
    {
      "time": "2024-01-13 10:52:00+00:00",
      "CP": 3.9590330021548024,
      "SCE": 0.007544619260345891,
      "S_struct": 4.886920650547742,
      "admissible": false,
      "snowfall_cm": 0.5,
      "depth_est_cm": 20.815739912328777,
      "corridor_score": 0.15704683226090638,
      "segment_id": 0
    },
    {
      "time": "2024-01-13 11:52:00+00:00",
      "CP": 3.9590330021548024,
      "SCE": 0.007544619260345891,
      "S_struct": 4.886920650547742,
      "admissible": false,
      "snowfall_cm": 0.5,
      "depth_est_cm": 20.815739912328777,
      "corridor_score": 0.15704683226090638,
      "segment_id": 0
    },
    {
      "time": "2024-01-13 12:00:00+00:00",
      "CP": 3.9590330021548024,
      "SCE": 0.007544619260345891,
      "S_struct": 4.886920650547742,
      "admissible": false,
      "snowfall_cm": 2.0,
      "depth_est_cm": 20.815739912328777,
      "corridor_score": 0.15704683226090638,
      "segment_id": 0
    },
    {
      "time": "2024-01-13 12:13:00+00:00",
      "CP": 4.306395962392444,
      "SCE": 0.005330641930654356,
      "S_struct": 5.234283610785384,
      "admissible": false,
      "snowfall_cm": 0.2,
      "depth_est_cm": 21.695867418354855,
      "corridor_score": 0.11565290058220007,
      "segment_id": 0
    },
    {
      "time": "2024-01-13 12:38:00+00:00",
      "CP": 4.581272300417494,
      "SCE": 0.0040495077485831026,
      "S_struct": 5.509159948810434,
      "admissible": false,
      "snowfall_cm": 0.2,
      "depth_est_cm": 22.352417895992723,
      "corridor_score": 0.09051628946939014,
      "segment_id": 0
    },
    {
      "time": "2024-01-13 14:44:00+00:00",
      "CP": 2.006715384012587,
      "SCE": 0.0001502136931803113,
      "S_struct": 8.803451656475978,
      "admissible": false,
      "snowfall_cm": 0.2,
      "depth_est_cm": 14.311027228986188,
      "corridor_score": 0.002149712253270012,
      "segment_id": 0
    },
    {
      "time": "2024-01-13 14:52:00+00:00",
      "CP": 1.635101424010256,
      "SCE": 0.00015255477428524538,
      "S_struct": 8.787986850763984,
      "admissible": false,
      "snowfall_cm": 0.3,
      "depth_est_cm": 12.595981740394636,
      "corridor_score": 0.0019215771513069761,
      "segment_id": 0
    },
    {
      "time": "2024-01-13 15:00:00+00:00",
      "CP": 1.189164672007459,
      "SCE": 0.00013422079204587152,
      "S_struct": 8.916024412149882,
      "admissible": false,
      "snowfall_cm": 0.5,
      "depth_est_cm": 10.185760555867432,
      "corridor_score": 0.0013671408493981232,
      "segment_id": 0
    },
    {
      "time": "2024-01-13 18:00:00+00:00",
      "CP": 1.3854579704545087,
      "SCE": 0.0005214122081481859,
      "S_struct": 7.55896964256908,
      "admissible": false,
      "snowfall_cm": 0.5,
      "depth_est_cm": 11.302084651799921,
      "corridor_score": 0.005893044914972718,
      "segment_id": 0
    },
    {
      "time": "2024-01-14 04:24:00+00:00",
      "CP": 6.27353005041886,
      "SCE": 0.0006303613912282193,
      "S_struct": 7.369217266175243,
      "admissible": false,
      "snowfall_cm": 0.2,
      "depth_est_cm": 25.79514259031407,
      "corridor_score": 0.01626026197016067,
      "segment_id": 0
    },
    {
      "time": "2024-01-14 04:52:00+00:00",
      "CP": 5.583441744872785,
      "SCE": 0.0003882534139206345,
      "S_struct": 7.853852302875271,
      "admissible": false,
      "snowfall_cm": 0.3,
      "depth_est_cm": 24.499249711547588,
      "corridor_score": 0.00951191733900247,
      "segment_id": 0
    },
    {
      "time": "2024-01-14 06:00:00+00:00",
      "CP": 5.959853547897917,
      "SCE": 0.00015325562792064572,
      "S_struct": 8.783403260033376,
      "admissible": false,
      "snowfall_cm": 0.3,
      "depth_est_cm": 25.222059618031288,
      "corridor_score": 0.003865422584213347,
      "segment_id": 0
    },
    {
      "time": "2024-01-14 06:52:00+00:00",
      "CP": 6.963618355964935,
      "SCE": 8.325290573254984e-05,
      "S_struct": 9.393627526018548,
      "admissible": false,
      "snowfall_cm": 0.3,
      "depth_est_cm": 26.973485030753807,
      "corridor_score": 0.002245621006543691,
      "segment_id": 0
    },
    {
      "time": "2024-01-14 09:00:00+00:00",
      "CP": 5.583441744872785,
      "SCE": 0.00013230876337396238,
      "S_struct": 8.930372250382758,
      "admissible": false,
      "snowfall_cm": 0.3,
      "depth_est_cm": 24.499249711547588,
      "corridor_score": 0.003241465432924766,
      "segment_id": 0
    },
    {
      "time": "2024-01-14 12:00:00+00:00",
      "CP": 5.053773293930626,
      "SCE": 2.6973987418880765e-05,
      "S_struct": 10.520637585286238,
      "admissible": false,
      "snowfall_cm": 0.3,
      "depth_est_cm": 23.408862913531344,
      "corridor_score": 0.000631430373719899,
      "segment_id": 0
    },
    {
      "time": "2024-01-19 04:52:00+00:00",
      "CP": 1.7787057389295873,
      "SCE": 0.054869416850217664,
      "S_struct": 2.902799155811402,
      "admissible": false,
      "snowfall_cm": 0.3,
      "depth_est_cm": 13.285808350867075,
      "corridor_score": 0.7289845565958285,
      "segment_id": 0
    },
    {
      "time": "2024-01-19 05:22:00+00:00",
      "CP": 1.7787057389295873,
      "SCE": 0.05555788219372734,
      "S_struct": 2.8903298792859937,
      "admissible": false,
      "snowfall_cm": 0.2,
      "depth_est_cm": 13.285808350867075,
      "corridor_score": 0.7381313752059119,
      "segment_id": 0
    },
    {
      "time": "2024-01-19 05:52:00+00:00",
      "CP": 1.9927552714425063,
      "SCE": 0.05379276008500855,
      "S_struct": 2.9226163917804975,
      "admissible": false,
      "snowfall_cm": 0.5,
      "depth_est_cm": 14.25052796117626,
      "corridor_score": 0.7665752317002607,
      "segment_id": 0
    },
    {
      "time": "2024-01-19 06:00:00+00:00",
      "CP": 1.9927552714425063,
      "SCE": 0.05492635210255288,
      "S_struct": 2.9017620437627034,
      "admissible": false,
      "snowfall_cm": 0.5,
      "depth_est_cm": 14.25052796117626,
      "corridor_score": 0.7827295164428423,
      "segment_id": 0
    },
    {
      "time": "2024-01-19 06:21:00+00:00",
      "CP": 1.9927552714425063,
      "SCE": 0.06385110560470802,
      "S_struct": 2.7512013809963687,
      "admissible": false,
      "snowfall_cm": 0.2,
      "depth_est_cm": 14.25052796117626,
      "corridor_score": 0.9099119657719099,
      "segment_id": 0
    },
    {
      "time": "2024-01-19 06:52:00+00:00",
      "CP": 1.9400695977241016,
      "SCE": 0.10811672162073943,
      "S_struct": 2.2245438797063777,
      "admissible": true,
      "snowfall_cm": 0.3,
      "depth_est_cm": 14.019632298953699,
      "corridor_score": 1.5157566824911042,
      "segment_id": 0
    },
    {
      "time": "2024-01-19 07:52:00+00:00",
      "CP": 1.7832096824896932,
      "SCE": 0.09890868786943757,
      "S_struct": 2.313558199222358,
      "admissible": true,
      "snowfall_cm": 0.3,
      "depth_est_cm": 13.30686270881513,
      "corridor_score": 1.3161643301876542,
      "segment_id": 0
    },
    {
      "time": "2024-01-19 08:11:00+00:00",
      "CP": 1.7832096824896932,
      "SCE": 0.09890868786943757,
      "S_struct": 2.313558199222358,
      "admissible": true,
      "snowfall_cm": 0.2,
      "depth_est_cm": 13.30686270881513,
      "corridor_score": 1.3161643301876542,
      "segment_id": 0
    },
    {
      "time": "2024-01-19 08:52:00+00:00",
      "CP": 0.8916048412448463,
      "SCE": 0.04055228943464261,
      "S_struct": 3.2051630404672053,
      "admissible": false,
      "snowfall_cm": 0.3,
      "depth_est_cm": 8.286532684597471,
      "corridor_score": 0.3360378718354227,
      "segment_id": 0
    },
    {
      "time": "2024-01-19 09:00:00+00:00",
      "CP": 0.4863299134062797,
      "SCE": 0.027040001608923354,
      "S_struct": 3.610437968305772,
      "admissible": false,
      "snowfall_cm": 1.0,
      "depth_est_cm": 5.152029168771149,
      "corridor_score": 0.1393108770127919,
      "segment_id": 0
    },
    {
      "time": "2024-01-19 11:52:00+00:00",
      "CP": 0.6648434779988434,
      "SCE": 0.008794899977911481,
      "S_struct": 4.733583273465416,
      "admissible": false,
      "snowfall_cm": 0.3,
      "depth_est_cm": 6.626504453472161,
      "corridor_score": 0.05827944387147264,
      "segment_id": 0
    },
    {
      "time": "2024-01-19 12:00:00+00:00",
      "CP": 0.6648434779988434,
      "SCE": 0.008794899977911472,
      "S_struct": 4.733583273465417,
      "admissible": false,
      "snowfall_cm": 1.0,
      "depth_est_cm": 6.626504453472161,
      "corridor_score": 0.05827944387147258,
      "segment_id": 0
    },
    {
      "time": "2024-02-16 12:00:00+00:00",
      "CP": 4.53796748255516,
      "SCE": 2.116271983187686e-06,
      "S_struct": 13.065854515750214,
      "admissible": false,
      "snowfall_cm": 0.5,
      "depth_est_cm": 22.25115818947977,
      "corridor_score": 4.708950266987328e-05,
      "segment_id": 0
    },
    {
      "time": "2024-02-23 21:52:00+00:00",
      "CP": 6.711087546486858,
      "SCE": 2.2334292084854583e-12,
      "S_struct": 26.827482949948575,
      "admissible": false,
      "snowfall_cm": 0.3,
      "depth_est_cm": 26.55457004513002,
      "corridor_score": 5.93077523575664e-11,
      "segment_id": 0
    },
    {
      "time": "2024-02-23 22:28:00+00:00",
      "CP": 10.037724655325146,
      "SCE": 8.019811746126652e-12,
      "S_struct": 25.54910616737716,
      "admissible": false,
      "snowfall_cm": 0.2,
      "depth_est_cm": 31.217145954101703,
      "corridor_score": 2.5035563380325494e-10,
      "segment_id": 0
    },
    {
      "time": "2024-02-23 22:35:00+00:00",
      "CP": 10.037724655325146,
      "SCE": 7.305434347506628e-11,
      "S_struct": 23.339817520566307,
      "admissible": false,
      "snowfall_cm": 0.2,
      "depth_est_cm": 31.217145954101703,
      "corridor_score": 2.2805481028422213e-09,
      "segment_id": 0
    },
    {
      "time": "2024-02-23 22:52:00+00:00",
      "CP": 10.037724655325146,
      "SCE": 7.305434347506628e-11,
      "S_struct": 23.339817520566307,
      "admissible": false,
      "snowfall_cm": 0.8,
      "depth_est_cm": 31.217145954101703,
      "corridor_score": 2.2805481028422213e-09,
      "segment_id": 0
    },
    {
      "time": "2024-02-23 23:36:00+00:00",
      "CP": 10.809857321119386,
      "SCE": 1.8528493679012223e-08,
      "S_struct": 17.80395609088639,
      "admissible": false,
      "snowfall_cm": 0.5,
      "depth_est_cm": 32.0961491362724,
      "corridor_score": 5.946932963920569e-07,
      "segment_id": 0
    },
    {
      "time": "2024-02-23 23:52:00+00:00",
      "CP": 10.809857321119386,
      "SCE": 1.8528493679012223e-08,
      "S_struct": 17.80395609088639,
      "admissible": false,
      "snowfall_cm": 0.5,
      "depth_est_cm": 32.0961491362724,
      "corridor_score": 5.946932963920569e-07,
      "segment_id": 0
    },
    {
      "time": "2024-02-24 00:00:00+00:00",
      "CP": 10.809857321119386,
      "SCE": 3.978254841653735e-08,
      "S_struct": 17.03983750281391,
      "admissible": false,
      "snowfall_cm": 2.0,
      "depth_est_cm": 32.0961491362724,
      "corridor_score": 1.2768666069981601e-06,
      "segment_id": 0
    },
    {
      "time": "2024-02-24 01:21:00+00:00",
      "CP": 9.064187580145669,
      "SCE": 1.9172096407252276e-09,
      "S_struct": 20.072395020111365,
      "admissible": false,
      "snowfall_cm": 0.2,
      "depth_est_cm": 30.016783400644325,
      "corridor_score": 5.7548466519276284e-08,
      "segment_id": 0
    },
    {
      "time": "2024-02-24 01:52:00+00:00",
      "CP": 5.848611809369449,
      "SCE": 7.694187949148748e-11,
      "S_struct": 23.287970790887584,
      "admissible": false,
      "snowfall_cm": 0.3,
      "depth_est_cm": 25.012597690212807,
      "corridor_score": 1.924516277249412e-09,
      "segment_id": 0
    },
    {
      "time": "2024-02-24 03:00:00+00:00",
      "CP": 5.932997153014117,
      "SCE": 7.836498932564177e-09,
      "S_struct": 18.664473667047773,
      "admissible": false,
      "snowfall_cm": 0.3,
      "depth_est_cm": 25.171798721128315,
      "corridor_score": 1.9725877380884235e-07,
      "segment_id": 0
    },
    {
      "time": "2024-02-24 06:00:00+00:00",
      "CP": 5.478503333374227,
      "SCE": 2.672249594704948e-08,
      "S_struct": 17.43776008144855,
      "admissible": false,
      "snowfall_cm": 0.3,
      "depth_est_cm": 24.290363715998936,
      "corridor_score": 6.490991459531393e-07,
      "segment_id": 0
    },
    {
      "time": "2024-02-28 09:18:00+00:00",
      "CP": 19.480601731472436,
      "SCE": 1.1720158866566908e-27,
      "S_struct": 62.01107226460846,
      "admissible": false,
      "snowfall_cm": 0.5,
      "depth_est_cm": 39.253216355070045,
      "corridor_score": 4.6005393170514337e-26,
      "segment_id": 0
    },
    {
      "time": "2024-02-28 09:25:00+00:00",
      "CP": 18.68628075713026,
      "SCE": 5.296198848662058e-28,
      "S_struct": 62.805393238950636,
      "admissible": false,
      "snowfall_cm": 0.7000000000000001,
      "depth_est_cm": 38.73898580333034,
      "corridor_score": 2.0516937200993394e-26,
      "segment_id": 0
    },
    {
      "time": "2024-02-28 09:38:00+00:00",
      "CP": 19.77418872243013,
      "SCE": 1.7843985284252e-28,
      "S_struct": 63.893301204250506,
      "admissible": false,
      "snowfall_cm": 1.2000000000000002,
      "depth_est_cm": 39.438246761079384,
      "corridor_score": 7.037354948413997e-27,
      "segment_id": 0
    },
    {
      "time": "2024-02-28 09:45:00+00:00",
      "CP": 19.561563037242706,
      "SCE": 1.4426125121682656e-28,
      "S_struct": 64.10592688943792,
      "admissible": false,
      "snowfall_cm": 1.2000000000000002,
      "depth_est_cm": 39.304504991824025,
      "corridor_score": 5.670117068578539e-27,
      "segment_id": 0
    },
    {
      "time": "2024-02-28 09:52:00+00:00",
      "CP": 18.392121768711892,
      "SCE": 4.479894687331792e-29,
      "S_struct": 65.27536815796874,
      "admissible": false,
      "snowfall_cm": 1.3,
      "depth_est_cm": 38.54326955952627,
      "corridor_score": 1.7266978853211894e-27,
      "segment_id": 0
    },
    {
      "time": "2024-02-28 10:04:00+00:00",
      "CP": 18.923685981680443,
      "SCE": 2.632766845998232e-29,
      "S_struct": 65.80693237093729,
      "admissible": false,
      "snowfall_cm": 0.2,
      "depth_est_cm": 38.89482056563727,
      "corridor_score": 1.0240099406626001e-27,
      "segment_id": 0
    },
    {
      "time": "2024-02-28 10:11:00+00:00",
      "CP": 18.923685981680443,
      "SCE": 2.632766845998232e-29,
      "S_struct": 65.80693237093729,
      "admissible": false,
      "snowfall_cm": 0.2,
      "depth_est_cm": 38.89482056563727,
      "corridor_score": 1.0240099406626001e-27,
      "segment_id": 0
    },
    {
      "time": "2024-02-28 10:52:00+00:00",
      "CP": 17.754244713149628,
      "SCE": 8.17580473404008e-30,
      "S_struct": 66.97637363946811,
      "admissible": false,
      "snowfall_cm": 0.3,
      "depth_est_cm": 38.10846144945559,
      "corridor_score": 3.115673395254429e-28,
      "segment_id": 0
    },
    {
      "time": "2024-02-28 12:00:00+00:00",
      "CP": 19.455250194648993,
      "SCE": 1.4920838036253946e-30,
      "S_struct": 68.67737912096747,
      "admissible": false,
      "snowfall_cm": 2.0,
      "depth_est_cm": 39.23711457605086,
      "corridor_score": 5.854506315991937e-29,
      "segment_id": 0
    },
    {
      "time": "2024-03-22 05:52:00+00:00",
      "CP": 2.509912056626111,
      "SCE": 1.1476210629997613e-05,
      "S_struct": 11.375234306057713,
      "admissible": false,
      "snowfall_cm": 0.8,
      "depth_est_cm": 16.322682766930985,
      "corridor_score": 0.0001873225454799322,
      "segment_id": 0
    },
    {
      "time": "2024-03-22 06:00:00+00:00",
      "CP": 2.509912056626111,
      "SCE": 8.349417051161746e-05,
      "S_struct": 9.390733742776717,
      "admissible": false,
      "snowfall_cm": 0.5,
      "depth_est_cm": 16.322682766930985,
      "corridor_score": 0.0013628488581491757,
      "segment_id": 0
    },
    {
      "time": "2024-03-22 06:13:00+00:00",
      "CP": 2.6965431315184927,
      "SCE": 6.92792709039566e-05,
      "S_struct": 9.5773648176691,
      "admissible": false,
      "snowfall_cm": 0.5,
      "depth_est_cm": 16.996175223970745,
      "corridor_score": 0.0011774826276725846,
      "segment_id": 0
    },
    {
      "time": "2024-03-22 06:30:00+00:00",
      "CP": 2.6965431315184927,
      "SCE": 0.00042600064408240086,
      "S_struct": 7.761069699765528,
      "admissible": false,
      "snowfall_cm": 1.5,
      "depth_est_cm": 16.996175223970745,
      "corridor_score": 0.0072403815923488815,
      "segment_id": 0
    },
    {
      "time": "2024-03-22 06:35:00+00:00",
      "CP": 2.5167598196407033,
      "SCE": 0.0008347804027807579,
      "S_struct": 7.088341858383259,
      "admissible": false,
      "snowfall_cm": 1.7000000000000002,
      "depth_est_cm": 16.348020778706434,
      "corridor_score": 0.013647007370316757,
      "segment_id": 0
    },
    {
      "time": "2024-03-22 06:52:00+00:00",
      "CP": 2.5167598196407033,
      "SCE": 0.0008347804027807579,
      "S_struct": 7.088341858383259,
      "admissible": false,
      "snowfall_cm": 1.5,
      "depth_est_cm": 16.348020778706434,
      "corridor_score": 0.013647007370316757,
      "segment_id": 0
    },
    {
      "time": "2024-03-22 06:54:00+00:00",
      "CP": 2.3699092399313115,
      "SCE": 0.0014430905307540943,
      "S_struct": 6.540968263283016,
      "admissible": false,
      "snowfall_cm": 0.2,
      "depth_est_cm": 15.793515558996233,
      "corridor_score": 0.022791472750504922,
      "segment_id": 0
    },
    {
      "time": "2024-03-22 07:07:00+00:00",
      "CP": 2.5924329716413475,
      "SCE": 0.0014634201086614292,
      "S_struct": 6.526979042552698,
      "admissible": false,
      "snowfall_cm": 1.0,
      "depth_est_cm": 16.624785852193074,
      "corridor_score": 0.02432904591828938,
      "segment_id": 0
    },
    {
      "time": "2024-03-22 07:11:00+00:00",
      "CP": 2.277701394613868,
      "SCE": 0.0026526519616710577,
      "S_struct": 5.9321953991374805,
      "admissible": false,
      "snowfall_cm": 1.0,
      "depth_est_cm": 15.432850971198514,
      "corridor_score": 0.04093798240292683,
      "segment_id": 0
    },
    {
      "time": "2024-03-22 07:18:00+00:00",
      "CP": 2.277701394613868,
      "SCE": 0.0026526519616710577,
      "S_struct": 5.9321953991374805,
      "admissible": false,
      "snowfall_cm": 1.2000000000000002,
      "depth_est_cm": 15.432850971198514,
      "corridor_score": 0.04093798240292683,
      "segment_id": 0
    },
    {
      "time": "2024-03-22 07:23:00+00:00",
      "CP": 2.277701394613868,
      "SCE": 0.0031271605152617234,
      "S_struct": 5.767629869792625,
      "admissible": false,
      "snowfall_cm": 1.2000000000000002,
      "depth_est_cm": 15.432850971198514,
      "corridor_score": 0.048261002195050536,
      "segment_id": 0
    },
    {
      "time": "2024-03-22 07:35:00+00:00",
      "CP": 2.277701394613868,
      "SCE": 0.0031271605152617234,
      "S_struct": 5.767629869792625,
      "admissible": false,
      "snowfall_cm": 1.5,
      "depth_est_cm": 15.432850971198514,
      "corridor_score": 0.048261002195050536,
      "segment_id": 0
    },
    {
      "time": "2024-03-22 07:52:00+00:00",
      "CP": 2.3215822053869664,
      "SCE": 0.016648527014643363,
      "S_struct": 4.095433534058159,
      "admissible": false,
      "snowfall_cm": 1.0,
      "depth_est_cm": 15.605736084817163,
      "corridor_score": 0.25981251879147327,
      "segment_id": 0
    },
    {
      "time": "2024-03-22 09:00:00+00:00",
      "CP": 2.13967500242658,
      "SCE": 0.034857225289532105,
      "S_struct": 3.3564948378834187,
      "admissible": false,
      "snowfall_cm": 4.0,
      "depth_est_cm": 14.873550797969505,
      "corridor_score": 0.5184507110201231,
      "segment_id": 0
    },
    {
      "time": "2024-03-22 09:26:00+00:00",
      "CP": 1.58231502095461,
      "SCE": 0.019963397256398074,
      "S_struct": 3.9138548193553886,
      "admissible": false,
      "snowfall_cm": 0.2,
      "depth_est_cm": 12.332921790133346,
      "corridor_score": 0.24620701702852005,
      "segment_id": 0
    },
    {
      "time": "2024-03-22 09:52:00+00:00",
      "CP": 0.45686591147935296,
      "SCE": 0.01396024204744247,
      "S_struct": 4.271541843156212,
      "admissible": false,
      "snowfall_cm": 1.3,
      "depth_est_cm": 4.891737401481,
      "corridor_score": 0.06828983815720202,
      "segment_id": 0
    },
    {
      "time": "2024-03-22 09:59:00+00:00",
      "CP": 0.3274878280722451,
      "SCE": 0.028466919736447625,
      "S_struct": 3.559012576856095,
      "admissible": false,
      "snowfall_cm": 0.2,
      "depth_est_cm": 3.682747965409046,
      "corridor_score": 0.10483649074086511,
      "segment_id": 0
    },
    {
      "time": "2024-03-22 10:09:00+00:00",
      "CP": 0.3274878280722451,
      "SCE": 0.04557046529036936,
      "S_struct": 3.0884954633048984,
      "admissible": false,
      "snowfall_cm": 0.5,
      "depth_est_cm": 3.682747965409046,
      "corridor_score": 0.16782453833085131,
      "segment_id": 0
    },
    {
      "time": "2024-03-22 10:20:00+00:00",
      "CP": 0.3274878280722451,
      "SCE": 0.04557046529036936,
      "S_struct": 3.0884954633048984,
      "admissible": false,
      "snowfall_cm": 1.0,
      "depth_est_cm": 3.682747965409046,
      "corridor_score": 0.16782453833085131,
      "segment_id": 0
    },
    {
      "time": "2024-03-22 10:33:00+00:00",
      "CP": 0.3274878280722451,
      "SCE": 0.04557046529036936,
      "S_struct": 3.0884954633048984,
      "admissible": false,
      "snowfall_cm": 1.2000000000000002,
      "depth_est_cm": 3.682747965409046,
      "corridor_score": 0.16782453833085131,
      "segment_id": 0
    },
    {
      "time": "2024-03-22 10:52:00+00:00",
      "CP": 0.3246458717037963,
      "SCE": 0.04544113987196614,
      "S_struct": 3.0913374196733474,
      "admissible": false,
      "snowfall_cm": 1.7999999999999998,
      "depth_est_cm": 3.654887042006826,
      "corridor_score": 0.16608223329206875,
      "segment_id": 0
    },
    {
      "time": "2024-03-22 11:08:00+00:00",
      "CP": 0.3246458717037963,
      "SCE": 0.054764870230404154,
      "S_struct": 2.9047063447809656,
      "admissible": false,
      "snowfall_cm": 0.7000000000000001,
      "depth_est_cm": 3.654887042006826,
      "corridor_score": 0.20015941456228953,
      "segment_id": 0
    },
    {
      "time": "2024-03-22 11:18:00+00:00",
      "CP": 0.3246458717037963,
      "SCE": 0.054764870230404154,
      "S_struct": 2.9047063447809656,
      "admissible": false,
      "snowfall_cm": 1.2000000000000002,
      "depth_est_cm": 3.654887042006826,
      "corridor_score": 0.20015941456228953,
      "segment_id": 0
    },
    {
      "time": "2024-03-22 11:23:00+00:00",
      "CP": 0.3246458717037963,
      "SCE": 0.06555124781310603,
      "S_struct": 2.724923032903176,
      "admissible": false,
      "snowfall_cm": 1.5,
      "depth_est_cm": 3.654887042006826,
      "corridor_score": 0.23958240621949953,
      "segment_id": 0
    },
    {
      "time": "2024-03-22 11:52:00+00:00",
      "CP": 0.3246458717037963,
      "SCE": 0.06555124781310603,
      "S_struct": 2.724923032903176,
      "admissible": false,
      "snowfall_cm": 1.7999999999999998,
      "depth_est_cm": 3.654887042006826,
      "corridor_score": 0.23958240621949953,
      "segment_id": 0
    },
    {
      "time": "2024-03-22 12:00:00+00:00",
      "CP": 0.3246458717037963,
      "SCE": 0.07592020281953968,
      "S_struct": 2.5780724531937844,
      "admissible": false,
      "snowfall_cm": 11.0,
      "depth_est_cm": 3.654887042006826,
      "corridor_score": 0.27747976551166564,
      "segment_id": 0
    },
    {
      "time": "2024-03-22 12:35:00+00:00",
      "CP": 0.3246458717037963,
      "SCE": 0.0948414507122995,
      "S_struct": 2.3555487214837485,
      "admissible": true,
      "snowfall_cm": 0.2,
      "depth_est_cm": 3.654887042006826,
      "corridor_score": 0.34663478925351254,
      "segment_id": 0
    },
    {
      "time": "2024-03-22 12:52:00+00:00",
      "CP": 0.3246458717037963,
      "SCE": 0.12992250203806824,
      "S_struct": 2.040817144456269,
      "admissible": true,
      "snowfall_cm": 0.8,
      "depth_est_cm": 3.654887042006826,
      "corridor_score": 0.47485206916404105,
      "segment_id": 0
    },
    {
      "time": "2024-03-22 15:38:00+00:00",
      "CP": 0.7145422327822657,
      "SCE": 0.05228970330491104,
      "S_struct": 2.9509558048293476,
      "admissible": false,
      "snowfall_cm": 1.0,
      "depth_est_cm": 7.008899629264311,
      "corridor_score": 0.3664932821081318,
      "segment_id": 0
    },
    {
      "time": "2024-03-23 12:00:00+00:00",
      "CP": 2.1787654143279416,
      "SCE": 0.059725171344330585,
      "S_struct": 2.8180017168864664,
      "admissible": false,
      "snowfall_cm": 7.1000000000000005,
      "depth_est_cm": 15.034407529979456,
      "corridor_score": 0.897932565788517,
      "segment_id": 0
    },
    {
      "time": "2024-03-27 12:00:00+00:00",
      "CP": 5.896207489287193,
      "SCE": 1.3234453592746377e-09,
      "S_struct": 20.443027380134694,
      "admissible": false,
      "snowfall_cm": 4.6000000000000005,
      "depth_est_cm": 25.102631076411953,
      "corridor_score": 3.32219606036607e-08,
      "segment_id": 0
    },
    {
      "time": "2024-11-21 13:52:00+00:00",
      "CP": 1.0118554187452278,
      "SCE": 3.9300416513423916e-07,
      "S_struct": 14.74944562682736,
      "admissible": false,
      "snowfall_cm": 1.7999999999999998,
      "depth_est_cm": 9.087746072403888,
      "corridor_score": 3.571522058137051e-06,
      "segment_id": 0
    },
    {
      "time": "2024-11-29 03:52:00+00:00",
      "CP": 2.4875310113582607,
      "SCE": 0.02586381399902022,
      "S_struct": 3.6549104300857835,
      "admissible": false,
      "snowfall_cm": 0.3,
      "depth_est_cm": 16.23952251029793,
      "corridor_score": 0.42001598963924763,
      "segment_id": 0
    },
    {
      "time": "2024-11-29 06:00:00+00:00",
      "CP": 2.2387779102224346,
      "SCE": 0.02522865122986336,
      "S_struct": 3.6797749767409766,
      "admissible": false,
      "snowfall_cm": 0.3,
      "depth_est_cm": 15.277548915822996,
      "corridor_score": 0.38543195324447543,
      "segment_id": 0
    },
    {
      "time": "2024-12-05 00:25:00+00:00",
      "CP": 7.81869003634596,
      "SCE": 0.00029318606476216093,
      "S_struct": 8.134703117177587,
      "admissible": false,
      "snowfall_cm": 0.2,
      "depth_est_cm": 28.29935338141576,
      "corridor_score": 0.008296976053211039,
      "segment_id": 1
    },
    {
      "time": "2024-12-05 00:52:00+00:00",
      "CP": 8.935645755823954,
      "SCE": 9.947148730727805e-05,
      "S_struct": 9.21563951459166,
      "admissible": false,
      "snowfall_cm": 0.2,
      "depth_est_cm": 29.849675335497505,
      "corridor_score": 0.0029691916012613106,
      "segment_id": 1
    },
    {
      "time": "2024-12-05 02:52:00+00:00",
      "CP": 12.598289620864747,
      "SCE": 1.1420828933974637e-05,
      "S_struct": 11.380071770208255,
      "admissible": false,
      "snowfall_cm": 0.3,
      "depth_est_cm": 33.9292722815988,
      "corridor_score": 0.00038750041458238723,
      "segment_id": 1
    },
    {
      "time": "2024-12-05 03:00:00+00:00",
      "CP": 12.598289620864747,
      "SCE": 1.1420828933974637e-05,
      "S_struct": 11.380071770208255,
      "admissible": false,
      "snowfall_cm": 0.3,
      "depth_est_cm": 33.9292722815988,
      "corridor_score": 0.00038750041458238723,
      "segment_id": 1
    },
    {
      "time": "2024-12-05 05:52:00+00:00",
      "CP": 15.0952479240992,
      "SCE": 2.6114711334353496e-06,
      "S_struct": 12.855596842764943,
      "admissible": false,
      "snowfall_cm": 0.3,
      "depth_est_cm": 36.12081288956783,
      "corridor_score": 9.432846017732589e-05,
      "segment_id": 1
    },
    {
      "time": "2024-12-05 06:00:00+00:00",
      "CP": 15.0952479240992,
      "SCE": 3.4166886292179636e-06,
      "S_struct": 12.586838713004832,
      "admissible": false,
      "snowfall_cm": 0.3,
      "depth_est_cm": 36.12081288956783,
      "corridor_score": 0.00012341357067789606,
      "segment_id": 1
    },
    {
      "time": "2024-12-05 11:52:00+00:00",
      "CP": 13.165780144327123,
      "SCE": 1.704631709972556e-05,
      "S_struct": 10.979576383448578,
      "admissible": false,
      "snowfall_cm": 0.3,
      "depth_est_cm": 34.46077969433679,
      "corridor_score": 0.0005874293781734486,
      "segment_id": 1
    },
    {
      "time": "2024-12-05 12:00:00+00:00",
      "CP": 10.668821841092667,
      "SCE": 1.403509479918648e-06,
      "S_struct": 13.476534686683033,
      "admissible": false,
      "snowfall_cm": 0.3,
      "depth_est_cm": 31.93996630496716,
      "corridor_score": 4.48280454973036e-05,
      "segment_id": 1
    },
    {
      "time": "2024-12-11 20:49:00+00:00",
      "CP": 2.5736712924340353,
      "SCE": 0.005339470591443859,
      "S_struct": 5.232628771103799,
      "admissible": false,
      "snowfall_cm": 0.2,
      "depth_est_cm": 16.556714727915164,
      "corridor_score": 0.08840409138062844,
      "segment_id": 1
    },
    {
      "time": "2024-12-11 20:52:00+00:00",
      "CP": 2.9018158349457455,
      "SCE": 0.00661218628663388,
      "S_struct": 5.018840925398177,
      "admissible": false,
      "snowfall_cm": 0.2,
      "depth_est_cm": 17.69874656526852,
      "corridor_score": 0.117027409329477,
      "segment_id": 1
    },
    {
      "time": "2024-12-11 21:00:00+00:00",
      "CP": 2.9018158349457455,
      "SCE": 0.00661218628663388,
      "S_struct": 5.018840925398177,
      "admissible": false,
      "snowfall_cm": 0.3,
      "depth_est_cm": 17.69874656526852,
      "corridor_score": 0.117027409329477,
      "segment_id": 1
    },
    {
      "time": "2024-12-11 22:52:00+00:00",
      "CP": 4.92429353808975,
      "SCE": 0.0011539531427113645,
      "S_struct": 6.764561715956856,
      "admissible": false,
      "snowfall_cm": 0.2,
      "depth_est_cm": 23.127798795849383,
      "corridor_score": 0.026688396104466508,
      "segment_id": 1
    },
    {
      "time": "2024-12-12 00:00:00+00:00",
      "CP": 5.363962603990621,
      "SCE": 0.000743433839032281,
      "S_struct": 7.204230781857727,
      "admissible": false,
      "snowfall_cm": 0.5,
      "depth_est_cm": 24.05846604561787,
      "corridor_score": 0.017885877773521474,
      "segment_id": 1
    },
    {
      "time": "2024-12-12 05:52:00+00:00",
      "CP": 9.3616446447737,
      "SCE": 8.064522889087583e-05,
      "S_struct": 9.42545091334662,
      "admissible": false,
      "snowfall_cm": 0.2,
      "depth_est_cm": 30.395442658457497,
      "corridor_score": 0.002451247430430796,
      "segment_id": 1
    },
    {
      "time": "2024-12-12 06:00:00+00:00",
      "CP": 7.351202977742375,
      "SCE": 4.382404626021751e-06,
      "S_struct": 12.337912982847211,
      "admissible": false,
      "snowfall_cm": 0.3,
      "depth_est_cm": 27.591272769794482,
      "corridor_score": 0.00012091612142417531,
      "segment_id": 1
    },
    {
      "time": "2024-12-12 11:52:00+00:00",
      "CP": 11.187895092042085,
      "SCE": 1.1085493069415692e-06,
      "S_struct": 13.712458328102047,
      "admissible": false,
      "snowfall_cm": 0.8,
      "depth_est_cm": 32.505762296892314,
      "corridor_score": 3.603424026582736e-05,
      "segment_id": 1
    },
    {
      "time": "2024-12-12 12:00:00+00:00",
      "CP": 11.187895092042085,
      "SCE": 1.1085493069415692e-06,
      "S_struct": 13.712458328102047,
      "admissible": false,
      "snowfall_cm": 0.8,
      "depth_est_cm": 32.505762296892314,
      "corridor_score": 3.603424026582736e-05,
      "segment_id": 1
    },
    {
      "time": "2024-12-19 16:52:00+00:00",
      "CP": 0.9437700382119881,
      "SCE": 0.010429850323284853,
      "S_struct": 4.563083360668318,
      "admissible": false,
      "snowfall_cm": 0.2,
      "depth_est_cm": 8.640182277223087,
      "corridor_score": 0.09011580791733527,
      "segment_id": 2
    },
    {
      "time": "2024-12-19 17:52:00+00:00",
      "CP": 1.3951955554008129,
      "SCE": 0.006640892725914005,
      "S_struct": 5.014508877857143,
      "admissible": false,
      "snowfall_cm": 0.5,
      "depth_est_cm": 11.355043427700984,
      "corridor_score": 0.0754076253014571,
      "segment_id": 2
    },
    {
      "time": "2024-12-19 17:59:00+00:00",
      "CP": 1.3080033414326269,
      "SCE": 0.006086384255890829,
      "S_struct": 5.101701091825329,
      "admissible": false,
      "snowfall_cm": 0.2,
      "depth_est_cm": 10.872976353276812,
      "corridor_score": 0.06617711209125726,
      "segment_id": 2
    },
    {
      "time": "2024-12-19 18:00:00+00:00",
      "CP": 1.3080033414326269,
      "SCE": 0.009182217906124156,
      "S_struct": 4.690486501556486,
      "admissible": false,
      "snowfall_cm": 0.8,
      "depth_est_cm": 10.872976353276812,
      "corridor_score": 0.09983803816392287,
      "segment_id": 2
    },
    {
      "time": "2024-12-19 18:20:00+00:00",
      "CP": 1.2298803397842175,
      "SCE": 0.008492180303516573,
      "S_struct": 4.768609503204895,
      "admissible": false,
      "snowfall_cm": 0.2,
      "depth_est_cm": 10.425323021655458,
      "corridor_score": 0.08853372282230038,
      "segment_id": 2
    },
    {
      "time": "2024-12-19 18:44:00+00:00",
      "CP": 1.9007241614846997,
      "SCE": 0.007111829059357755,
      "S_struct": 4.945995816582767,
      "admissible": false,
      "snowfall_cm": 0.5,
      "depth_est_cm": 13.84448541679651,
      "corridor_score": 0.09845961369902809,
      "segment_id": 2
    },
    {
      "time": "2024-12-19 18:52:00+00:00",
      "CP": 1.9007241614846997,
      "SCE": 0.007111829059357755,
      "S_struct": 4.945995816582767,
      "admissible": false,
      "snowfall_cm": 0.5,
      "depth_est_cm": 13.84448541679651,
      "corridor_score": 0.09845961369902809,
      "segment_id": 2
    },
    {
      "time": "2024-12-19 22:52:00+00:00",
      "CP": 3.4230281662373243,
      "SCE": 0.015570198774075438,
      "S_struct": 4.162396526738887,
      "admissible": false,
      "snowfall_cm": 1.0,
      "depth_est_cm": 19.328719370941975,
      "corridor_score": 0.30095200265388894,
      "segment_id": 2
    },
    {
      "time": "2024-12-20 01:52:00+00:00",
      "CP": 3.1723474701645284,
      "SCE": 0.006731808811631846,
      "S_struct": 5.000911402992715,
      "admissible": false,
      "snowfall_cm": 0.7000000000000001,
      "depth_est_cm": 18.57022465874587,
      "corridor_score": 0.12501120199172844,
      "segment_id": 2
    }
  ]
}