{
  "rows": 13652,
  "start": "2019-01-01 00:00:00+00:00",
  "end": "2019-12-31 23:53:00+00:00",
  "segments": 1,
  "params": {
    "tct_window_hours": 24,
    "stress_window_hours": 24,
    "cp_threshold": 0.08,
    "s_max": 2.5,
    "k_depth": 13.0,
    "gap_hours": 6.0
  },
  "top_CP": [
    {
      "time": "2019-05-05 00:53:00+00:00",
      "CP": 46.964432439903476,
      "SCE": 1.5240453111684882e-17,
      "S_struct": 38.72257839233845,
      "admissible": false,
      "snowfall_cm": 0.0,
      "depth_est_cm": 50.31597669024088,
      "corridor_score": 7.668382835162456e-16,
      "segment_id": 0
    },
    {
      "time": "2019-05-05 03:53:00+00:00",
      "CP": 46.964432439903476,
      "SCE": 4.022986402876412e-15,
      "S_struct": 33.146751881795524,
      "admissible": false,
      "snowfall_cm": 0.0,
      "depth_est_cm": 50.31597669024088,
      "corridor_score": 2.0242049007228554e-13,
      "segment_id": 0
    },
    {
      "time": "2019-05-05 01:53:00+00:00",
      "CP": 46.964432439903476,
      "SCE": 5.5246124632173326e-17,
      "S_struct": 37.434733478359156,
      "admissible": false,
      "snowfall_cm": 0.0,
      "depth_est_cm": 50.31597669024088,
      "corridor_score": 2.7797627192185756e-15,
      "segment_id": 0
    },
    {
      "time": "2019-05-05 02:53:00+00:00",
      "CP": 46.964432439903476,
      "SCE": 5.85723130569685e-16,
      "S_struct": 35.07368446939712,
      "admissible": false,
      "snowfall_cm": 0.0,
      "depth_est_cm": 50.31597669024088,
      "corridor_score": 2.9471231384679184e-14,
      "segment_id": 0
    },
    {
      "time": "2019-05-05 00:00:00+00:00",
      "CP": 46.964432439903476,
      "SCE": 1.5240453111684882e-17,
      "S_struct": 38.72257839233845,
      "admissible": false,
      "snowfall_cm": 0.0,
      "depth_est_cm": 50.31597669024088,
      "corridor_score": 7.668382835162456e-16,
      "segment_id": 0
    },
    {
      "time": "2019-05-04 22:53:00+00:00",
      "CP": 46.964432439903476,
      "SCE": 1.4637361480836475e-17,
      "S_struct": 38.762954408321264,
      "admissible": false,
      "snowfall_cm": 0.0,
      "depth_est_cm": 50.31597669024088,
      "corridor_score": 7.364931390763978e-16,
      "segment_id": 0
    },
    {
      "time": "2019-05-04 23:53:00+00:00",
      "CP": 46.964432439903476,
      "SCE": 1.4637361480836475e-17,
      "S_struct": 38.762954408321264,
      "admissible": false,
      "snowfall_cm": 0.0,
      "depth_est_cm": 50.31597669024088,
      "corridor_score": 7.364931390763978e-16,
      "segment_id": 0
    },
    {
      "time": "2019-05-05 05:59:00+00:00",
      "CP": 46.964432439903476,
      "SCE": 9.736752709263317e-12,
      "S_struct": 25.355113451269606,
      "admissible": false,
      "snowfall_cm": 0.0,
      "depth_est_cm": 50.31597669024088,
      "corridor_score": 4.899142223579328e-10,
      "segment_id": 0
    },
    {
      "time": "2019-05-05 05:53:00+00:00",
      "CP": 46.964432439903476,
      "SCE": 9.736752709263317e-12,
      "S_struct": 25.355113451269606,
      "admissible": false,
      "snowfall_cm": 0.0,
      "depth_est_cm": 50.31597669024088,
      "corridor_score": 4.899142223579328e-10,
      "segment_id": 0
    },
    {
      "time": "2019-05-05 04:53:00+00:00",
      "CP": 46.964432439903476,
      "SCE": 6.297444294453954e-13,
      "S_struct": 28.093462325377438,
      "admissible": false,
      "snowfall_cm": 0.0,
      "depth_est_cm": 50.31597669024088,
      "corridor_score": 3.1686206032783555e-11,
      "segment_id": 0
    },
    {
      "time": "2019-06-01 10:53:00+00:00",
      "CP": 45.800255422443406,
      "SCE": 8.882264357389115e-16,
      "S_struct": 34.657304968204926,
      "admissible": false,
      "snowfall_cm": 0.0,
      "depth_est_cm": 49.99655258849192,
      "corridor_score": 4.440825970490923e-14,
      "segment_id": 0
    },
    {
      "time": "2019-06-01 11:53:00+00:00",
      "CP": 45.800255422443406,
      "SCE": 8.882264357389115e-16,
      "S_struct": 34.657304968204926,
      "admissible": false,
      "snowfall_cm": 0.0,
      "depth_est_cm": 49.99655258849192,
      "corridor_score": 4.440825970490923e-14,
      "segment_id": 0
    }
  ],
  "top_depth_any": [
    {
      "time": "2019-05-05 00:53:00+00:00",
      "CP": 46.964432439903476,
      "SCE": 1.5240453111684882e-17,
      "S_struct": 38.72257839233845,
      "admissible": false,
      "snowfall_cm": 0.0,
      "depth_est_cm": 50.31597669024088,
      "corridor_score": 7.668382835162456e-16,
      "segment_id": 0
    },
    {
      "time": "2019-05-05 03:53:00+00:00",
      "CP": 46.964432439903476,
      "SCE": 4.022986402876412e-15,
      "S_struct": 33.146751881795524,
      "admissible": false,
      "snowfall_cm": 0.0,
      "depth_est_cm": 50.31597669024088,
      "corridor_score": 2.0242049007228554e-13,
      "segment_id": 0
    },
    {
      "time": "2019-05-05 01:53:00+00:00",
      "CP": 46.964432439903476,
      "SCE": 5.5246124632173326e-17,
      "S_struct": 37.434733478359156,
      "admissible": false,
      "snowfall_cm": 0.0,
      "depth_est_cm": 50.31597669024088,
      "corridor_score": 2.7797627192185756e-15,
      "segment_id": 0
    },
    {
      "time": "2019-05-05 02:53:00+00:00",
      "CP": 46.964432439903476,
      "SCE": 5.85723130569685e-16,
      "S_struct": 35.07368446939712,
      "admissible": false,
      "snowfall_cm": 0.0,
      "depth_est_cm": 50.31597669024088,
      "corridor_score": 2.9471231384679184e-14,
      "segment_id": 0
    },
    {
      "time": "2019-05-05 00:00:00+00:00",
      "CP": 46.964432439903476,
      "SCE": 1.5240453111684882e-17,
      "S_struct": 38.72257839233845,
      "admissible": false,
      "snowfall_cm": 0.0,
      "depth_est_cm": 50.31597669024088,
      "corridor_score": 7.668382835162456e-16,
      "segment_id": 0
    },
    {
      "time": "2019-05-04 22:53:00+00:00",
      "CP": 46.964432439903476,
      "SCE": 1.4637361480836475e-17,
      "S_struct": 38.762954408321264,
      "admissible": false,
      "snowfall_cm": 0.0,
      "depth_est_cm": 50.31597669024088,
      "corridor_score": 7.364931390763978e-16,
      "segment_id": 0
    },
    {
      "time": "2019-05-04 23:53:00+00:00",
      "CP": 46.964432439903476,
      "SCE": 1.4637361480836475e-17,
      "S_struct": 38.762954408321264,
      "admissible": false,
      "snowfall_cm": 0.0,
      "depth_est_cm": 50.31597669024088,
      "corridor_score": 7.364931390763978e-16,
      "segment_id": 0
    },
    {
      "time": "2019-05-05 05:59:00+00:00",
      "CP": 46.964432439903476,
      "SCE": 9.736752709263317e-12,
      "S_struct": 25.355113451269606,
      "admissible": false,
      "snowfall_cm": 0.0,
      "depth_est_cm": 50.31597669024088,
      "corridor_score": 4.899142223579328e-10,
      "segment_id": 0
    },
    {
      "time": "2019-05-05 05:53:00+00:00",
      "CP": 46.964432439903476,
      "SCE": 9.736752709263317e-12,
      "S_struct": 25.355113451269606,
      "admissible": false,
      "snowfall_cm": 0.0,
      "depth_est_cm": 50.31597669024088,
      "corridor_score": 4.899142223579328e-10,
      "segment_id": 0
    },
    {
      "time": "2019-05-05 04:53:00+00:00",
      "CP": 46.964432439903476,
      "SCE": 6.297444294453954e-13,
      "S_struct": 28.093462325377438,
      "admissible": false,
      "snowfall_cm": 0.0,
      "depth_est_cm": 50.31597669024088,
      "corridor_score": 3.1686206032783555e-11,
      "segment_id": 0
    },
    {
      "time": "2019-06-01 10:53:00+00:00",
      "CP": 45.800255422443406,
      "SCE": 8.882264357389115e-16,
      "S_struct": 34.657304968204926,
      "admissible": false,
      "snowfall_cm": 0.0,
      "depth_est_cm": 49.99655258849192,
      "corridor_score": 4.440825970490923e-14,
      "segment_id": 0
    },
    {
      "time": "2019-06-01 11:53:00+00:00",
      "CP": 45.800255422443406,
      "SCE": 8.882264357389115e-16,
      "S_struct": 34.657304968204926,
      "admissible": false,
      "snowfall_cm": 0.0,
      "depth_est_cm": 49.99655258849192,
      "corridor_score": 4.440825970490923e-14,
      "segment_id": 0
    }
  ],
  "top_depth_admissible": [
    {
      "time": "2019-07-24 03:53:00+00:00",
      "CP": 17.583360861661347,
      "SCE": 0.0999285701684988,
      "S_struct": 2.3032996465416478,
      "admissible": true,
      "snowfall_cm": 0.0,
      "depth_est_cm": 37.98946583920834,
      "corridor_score": 3.7962330027771194,
      "segment_id": 0
    },
    {
      "time": "2019-08-24 17:53:00+00:00",
      "CP": 10.375013850334424,
      "SCE": 0.09665311498704868,
      "S_struct": 2.3366268442863856,
      "admissible": true,
      "snowfall_cm": 0.0,
      "depth_est_cm": 31.608449371825174,
      "corridor_score": 3.055055091697325,
      "segment_id": 0
    },
    {
      "time": "2019-07-01 04:19:00+00:00",
      "CP": 7.701651362059799,
      "SCE": 0.24034734727861148,
      "S_struct": 1.4256701216133658,
      "admissible": true,
      "snowfall_cm": 0.0,
      "depth_est_cm": 28.125666651934566,
      "corridor_score": 6.759929370234979,
      "segment_id": 0
    },
    {
      "time": "2019-07-01 04:23:00+00:00",
      "CP": 7.701651362059799,
      "SCE": 0.24034734727861148,
      "S_struct": 1.4256701216133658,
      "admissible": true,
      "snowfall_cm": 0.0,
      "depth_est_cm": 28.125666651934566,
      "corridor_score": 6.759929370234979,
      "segment_id": 0
    },
    {
      "time": "2019-07-01 04:27:00+00:00",
      "CP": 7.701651362059799,
      "SCE": 0.24034734727861148,
      "S_struct": 1.4256701216133658,
      "admissible": true,
      "snowfall_cm": 0.0,
      "depth_est_cm": 28.125666651934566,
      "corridor_score": 6.759929370234979,
      "segment_id": 0
    },
    {
      "time": "2019-07-01 04:30:00+00:00",
      "CP": 7.701651362059799,
      "SCE": 0.24034734727861148,
      "S_struct": 1.4256701216133658,
      "admissible": true,
      "snowfall_cm": 0.0,
      "depth_est_cm": 28.125666651934566,
      "corridor_score": 6.759929370234979,
      "segment_id": 0
    },
    {
      "time": "2019-10-24 05:59:00+00:00",
      "CP": 7.143966445867925,
      "SCE": 0.11144384664556639,
      "S_struct": 2.1942344324684173,
      "admissible": true,
      "snowfall_cm": 0.0,
      "depth_est_cm": 27.26460541603569,
      "corridor_score": 3.03847250483656,
      "segment_id": 0
    },
    {
      "time": "2019-10-24 06:00:00+00:00",
      "CP": 7.143966445867925,
      "SCE": 0.4210715118106345,
      "S_struct": 0.864952597941655,
      "admissible": true,
      "snowfall_cm": 0.0,
      "depth_est_cm": 27.26460541603569,
      "corridor_score": 11.480348621450561,
      "segment_id": 0
    },
    {
      "time": "2019-10-24 06:35:00+00:00",
      "CP": 7.143966445867925,
      "SCE": 0.4210715118106345,
      "S_struct": 0.864952597941655,
      "admissible": true,
      "snowfall_cm": 0.0,
      "depth_est_cm": 27.26460541603569,
      "corridor_score": 11.480348621450561,
      "segment_id": 0
    },
    {
      "time": "2019-06-28 16:20:00+00:00",
      "CP": 7.052894006486135,
      "SCE": 0.1093574378491691,
      "S_struct": 2.213133515432986,
      "admissible": true,
      "snowfall_cm": 0.0,
      "depth_est_cm": 27.118409899564696,
      "corridor_score": 2.9655998251599383,
      "segment_id": 0
    },
    {
      "time": "2019-06-28 15:53:00+00:00",
      "CP": 7.052894006486135,
      "SCE": 0.1093574378491691,
      "S_struct": 2.213133515432986,
      "admissible": true,
      "snowfall_cm": 0.0,
      "depth_est_cm": 27.118409899564696,
      "corridor_score": 2.9655998251599383,
      "segment_id": 0
    },
    {
      "time": "2019-12-03 07:53:00+00:00",
      "CP": 6.598771982635927,
      "SCE": 0.29654730135355056,
      "S_struct": 1.2155485408785802,
      "admissible": true,
      "snowfall_cm": 0.0,
      "depth_est_cm": 26.36382648905872,
      "corridor_score": 7.818121598683615,
      "segment_id": 0
    }
  ],
  "top_depth_admissible_snow": [
    {
      "time": "2019-12-28 11:53:00+00:00",
      "CP": 2.2805306980316344,
      "SCE": 0.12262642118393377,
      "S_struct": 2.098612771488469,
      "admissible": true,
      "snowfall_cm": 0.3,
      "depth_est_cm": 15.444067697350693,
      "corridor_score": 1.8938507502485122,
      "segment_id": 0
    },
    {
      "time": "2019-12-28 12:00:00+00:00",
      "CP": 2.2805306980316344,
      "SCE": 0.12262642118393377,
      "S_struct": 2.098612771488469,
      "admissible": true,
      "snowfall_cm": 0.3,
      "depth_est_cm": 15.444067697350693,
      "corridor_score": 1.8938507502485122,
      "segment_id": 0
    },
    {
      "time": "2019-04-11 09:53:00+00:00",
      "CP": 2.0294053285991476,
      "SCE": 0.08666096024266744,
      "S_struct": 2.445751782156325,
      "admissible": true,
      "snowfall_cm": 0.8,
      "depth_est_cm": 14.408762407924693,
      "corridor_score": 1.248677186179203,
      "segment_id": 0
    },
    {
      "time": "2019-04-11 09:23:00+00:00",
      "CP": 2.0294053285991476,
      "SCE": 0.08666096024266744,
      "S_struct": 2.445751782156325,
      "admissible": true,
      "snowfall_cm": 0.5,
      "depth_est_cm": 14.408762407924693,
      "corridor_score": 1.248677186179203,
      "segment_id": 0
    },
    {
      "time": "2019-04-11 10:50:00+00:00",
      "CP": 2.0294053285991476,
      "SCE": 0.1179181725345107,
      "S_struct": 2.1377643481636515,
      "admissible": true,
      "snowfall_cm": 0.5,
      "depth_est_cm": 14.408762407924693,
      "corridor_score": 1.6990549316264358,
      "segment_id": 0
    },
    {
      "time": "2019-04-11 10:49:00+00:00",
      "CP": 2.0294053285991476,
      "SCE": 0.09131146103622803,
      "S_struct": 2.3934789676470736,
      "admissible": true,
      "snowfall_cm": 0.7000000000000001,
      "depth_est_cm": 14.408762407924693,
      "corridor_score": 1.3156851471914828,
      "segment_id": 0
    },
    {
      "time": "2019-04-11 10:41:00+00:00",
      "CP": 2.0294053285991476,
      "SCE": 0.09131146103622803,
      "S_struct": 2.3934789676470736,
      "admissible": true,
      "snowfall_cm": 0.7000000000000001,
      "depth_est_cm": 14.408762407924693,
      "corridor_score": 1.3156851471914828,
      "segment_id": 0
    },
    {
      "time": "2019-04-11 10:29:00+00:00",
      "CP": 2.0294053285991476,
      "SCE": 0.08666096024266744,
      "S_struct": 2.445751782156325,
      "admissible": true,
      "snowfall_cm": 0.7000000000000001,
      "depth_est_cm": 14.408762407924693,
      "corridor_score": 1.248677186179203,
      "segment_id": 0
    },
    {
      "time": "2019-04-11 10:20:00+00:00",
      "CP": 2.0294053285991476,
      "SCE": 0.08666096024266744,
      "S_struct": 2.445751782156325,
      "admissible": true,
      "snowfall_cm": 0.5,
      "depth_est_cm": 14.408762407924693,
      "corridor_score": 1.248677186179203,
      "segment_id": 0
    },
    {
      "time": "2019-12-09 13:27:00+00:00",
      "CP": 1.9648470573531551,
      "SCE": 0.10932331466497786,
      "S_struct": 2.2134455976265572,
      "admissible": true,
      "snowfall_cm": 0.5,
      "depth_est_cm": 14.128730829707507,
      "corridor_score": 1.5445996863128875,
      "segment_id": 0
    },
    {
      "time": "2019-02-24 08:53:00+00:00",
      "CP": 1.883632567473418,
      "SCE": 0.15372320680516727,
      "S_struct": 1.8726016521632027,
      "admissible": true,
      "snowfall_cm": 0.5,
      "depth_est_cm": 13.767660497726986,
      "corridor_score": 2.1164089219154176,
      "segment_id": 0
    },
    {
      "time": "2019-02-13 00:00:00+00:00",
      "CP": 1.7807622209809741,
      "SCE": 0.10555512884185538,
      "S_struct": 2.248521914282785,
      "admissible": true,
      "snowfall_cm": 0.8,
      "depth_est_cm": 13.295425914303062,
      "corridor_score": 1.4034003953916026,
      "segment_id": 0
    }
  ],
  "top_corridor_any": [
    {
      "time": "2019-10-24 06:35:00+00:00",
      "CP": 7.143966445867925,
      "SCE": 0.4210715118106345,
      "S_struct": 0.864952597941655,
      "admissible": true,
      "snowfall_cm": 0.0,
      "depth_est_cm": 27.26460541603569,
      "corridor_score": 11.480348621450561,
      "segment_id": 0
    },
    {
      "time": "2019-10-24 06:00:00+00:00",
      "CP": 7.143966445867925,
      "SCE": 0.4210715118106345,
      "S_struct": 0.864952597941655,
      "admissible": true,
      "snowfall_cm": 0.0,
      "depth_est_cm": 27.26460541603569,
      "corridor_score": 11.480348621450561,
      "segment_id": 0
    },
    {
      "time": "2019-12-03 06:00:00+00:00",
      "CP": 6.451659870811622,
      "SCE": 0.335242887057719,
      "S_struct": 1.0928999738754994,
      "admissible": true,
      "snowfall_cm": 0.0,
      "depth_est_cm": 26.109678517339763,
      "corridor_score": 8.753084006301886,
      "segment_id": 0
    },
    {
      "time": "2019-12-03 06:53:00+00:00",
      "CP": 6.451659870811622,
      "SCE": 0.335242887057719,
      "S_struct": 1.0928999738754994,
      "admissible": true,
      "snowfall_cm": 0.0,
      "depth_est_cm": 26.109678517339763,
      "corridor_score": 8.753084006301886,
      "segment_id": 0
    },
    {
      "time": "2019-12-03 08:53:00+00:00",
      "CP": 6.598771982635927,
      "SCE": 0.29654730135355056,
      "S_struct": 1.2155485408785802,
      "admissible": true,
      "snowfall_cm": 0.0,
      "depth_est_cm": 26.36382648905872,
      "corridor_score": 7.818121598683615,
      "segment_id": 0
    },
    {
      "time": "2019-12-03 07:53:00+00:00",
      "CP": 6.598771982635927,
      "SCE": 0.29654730135355056,
      "S_struct": 1.2155485408785802,
      "admissible": true,
      "snowfall_cm": 0.0,
      "depth_est_cm": 26.36382648905872,
      "corridor_score": 7.818121598683615,
      "segment_id": 0
    },
    {
      "time": "2019-07-02 06:41:00+00:00",
      "CP": 4.1358456583563,
      "SCE": 0.34703067720867126,
      "S_struct": 1.0583420960015255,
      "admissible": true,
      "snowfall_cm": 0.0,
      "depth_est_cm": 21.271178694909434,
      "corridor_score": 7.381751547521081,
      "segment_id": 0
    },
    {
      "time": "2019-07-02 06:08:00+00:00",
      "CP": 4.1358456583563,
      "SCE": 0.34703067720867126,
      "S_struct": 1.0583420960015255,
      "admissible": true,
      "snowfall_cm": 0.0,
      "depth_est_cm": 21.271178694909434,
      "corridor_score": 7.381751547521081,
      "segment_id": 0
    },
    {
      "time": "2019-07-01 04:23:00+00:00",
      "CP": 7.701651362059799,
      "SCE": 0.24034734727861148,
      "S_struct": 1.4256701216133658,
      "admissible": true,
      "snowfall_cm": 0.0,
      "depth_est_cm": 28.125666651934566,
      "corridor_score": 6.759929370234979,
      "segment_id": 0
    },
    {
      "time": "2019-07-01 04:27:00+00:00",
      "CP": 7.701651362059799,
      "SCE": 0.24034734727861148,
      "S_struct": 1.4256701216133658,
      "admissible": true,
      "snowfall_cm": 0.0,
      "depth_est_cm": 28.125666651934566,
      "corridor_score": 6.759929370234979,
      "segment_id": 0
    },
    {
      "time": "2019-07-01 04:30:00+00:00",
      "CP": 7.701651362059799,
      "SCE": 0.24034734727861148,
      "S_struct": 1.4256701216133658,
      "admissible": true,
      "snowfall_cm": 0.0,
      "depth_est_cm": 28.125666651934566,
      "corridor_score": 6.759929370234979,
      "segment_id": 0
    },
    {
      "time": "2019-07-01 04:19:00+00:00",
      "CP": 7.701651362059799,
      "SCE": 0.24034734727861148,
      "S_struct": 1.4256701216133658,
      "admissible": true,
      "snowfall_cm": 0.0,
      "depth_est_cm": 28.125666651934566,
      "corridor_score": 6.759929370234979,
      "segment_id": 0
    }
  ],
  "top_corridor_admissible": [
    {
      "time": "2019-10-24 06:35:00+00:00",
      "CP": 7.143966445867925,
      "SCE": 0.4210715118106345,
      "S_struct": 0.864952597941655,
      "admissible": true,
      "snowfall_cm": 0.0,
      "depth_est_cm": 27.26460541603569,
      "corridor_score": 11.480348621450561,
      "segment_id": 0
    },
    {
      "time": "2019-10-24 06:00:00+00:00",
      "CP": 7.143966445867925,
      "SCE": 0.4210715118106345,
      "S_struct": 0.864952597941655,
      "admissible": true,
      "snowfall_cm": 0.0,
      "depth_est_cm": 27.26460541603569,
      "corridor_score": 11.480348621450561,
      "segment_id": 0
    },
    {
      "time": "2019-12-03 06:53:00+00:00",
      "CP": 6.451659870811622,
      "SCE": 0.335242887057719,
      "S_struct": 1.0928999738754994,
      "admissible": true,
      "snowfall_cm": 0.0,
      "depth_est_cm": 26.109678517339763,
      "corridor_score": 8.753084006301886,
      "segment_id": 0
    },
    {
      "time": "2019-12-03 06:00:00+00:00",
      "CP": 6.451659870811622,
      "SCE": 0.335242887057719,
      "S_struct": 1.0928999738754994,
      "admissible": true,
      "snowfall_cm": 0.0,
      "depth_est_cm": 26.109678517339763,
      "corridor_score": 8.753084006301886,
      "segment_id": 0
    },
    {
      "time": "2019-12-03 07:53:00+00:00",
      "CP": 6.598771982635927,
      "SCE": 0.29654730135355056,
      "S_struct": 1.2155485408785802,
      "admissible": true,
      "snowfall_cm": 0.0,
      "depth_est_cm": 26.36382648905872,
      "corridor_score": 7.818121598683615,
      "segment_id": 0
    },
    {
      "time": "2019-12-03 08:53:00+00:00",
      "CP": 6.598771982635927,
      "SCE": 0.29654730135355056,
      "S_struct": 1.2155485408785802,
      "admissible": true,
      "snowfall_cm": 0.0,
      "depth_est_cm": 26.36382648905872,
      "corridor_score": 7.818121598683615,
      "segment_id": 0
    },
    {
      "time": "2019-07-02 06:41:00+00:00",
      "CP": 4.1358456583563,
      "SCE": 0.34703067720867126,
      "S_struct": 1.0583420960015255,
      "admissible": true,
      "snowfall_cm": 0.0,
      "depth_est_cm": 21.271178694909434,
      "corridor_score": 7.381751547521081,
      "segment_id": 0
    },
    {
      "time": "2019-07-02 06:08:00+00:00",
      "CP": 4.1358456583563,
      "SCE": 0.34703067720867126,
      "S_struct": 1.0583420960015255,
      "admissible": true,
      "snowfall_cm": 0.0,
      "depth_est_cm": 21.271178694909434,
      "corridor_score": 7.381751547521081,
      "segment_id": 0
    },
    {
      "time": "2019-07-01 04:19:00+00:00",
      "CP": 7.701651362059799,
      "SCE": 0.24034734727861148,
      "S_struct": 1.4256701216133658,
      "admissible": true,
      "snowfall_cm": 0.0,
      "depth_est_cm": 28.125666651934566,
      "corridor_score": 6.759929370234979,
      "segment_id": 0
    },
    {
      "time": "2019-07-01 04:30:00+00:00",
      "CP": 7.701651362059799,
      "SCE": 0.24034734727861148,
      "S_struct": 1.4256701216133658,
      "admissible": true,
      "snowfall_cm": 0.0,
      "depth_est_cm": 28.125666651934566,
      "corridor_score": 6.759929370234979,
      "segment_id": 0
    },
    {
      "time": "2019-07-01 04:27:00+00:00",
      "CP": 7.701651362059799,
      "SCE": 0.24034734727861148,
      "S_struct": 1.4256701216133658,
      "admissible": true,
      "snowfall_cm": 0.0,
      "depth_est_cm": 28.125666651934566,
      "corridor_score": 6.759929370234979,
      "segment_id": 0
    },
    {
      "time": "2019-07-01 04:23:00+00:00",
      "CP": 7.701651362059799,
      "SCE": 0.24034734727861148,
      "S_struct": 1.4256701216133658,
      "admissible": true,
      "snowfall_cm": 0.0,
      "depth_est_cm": 28.125666651934566,
      "corridor_score": 6.759929370234979,
      "segment_id": 0
    }
  ],
  "top_corridor_admissible_snow": [
    {
      "time": "2019-11-30 09:35:00+00:00",
      "CP": 0.760495272194631,
      "SCE": 0.528107022043539,
      "S_struct": 0.6384563225511014,
      "admissible": true,
      "snowfall_cm": 0.5,
      "depth_est_cm": 7.352737263550081,
      "corridor_score": 3.883032180121993,
      "segment_id": 0
    },
    {
      "time": "2019-12-01 06:00:00+00:00",
      "CP": 0.5465163958357641,
      "SCE": 0.6617122379345253,
      "S_struct": 0.41292450344794024,
      "admissible": true,
      "snowfall_cm": 0.8,
      "depth_est_cm": 5.668063894806501,
      "corridor_score": 3.7506272445882916,
      "segment_id": 0
    },
    {
      "time": "2019-12-01 05:53:00+00:00",
      "CP": 0.5465163958357641,
      "SCE": 0.6617122379345253,
      "S_struct": 0.41292450344794024,
      "admissible": true,
      "snowfall_cm": 0.3,
      "depth_est_cm": 5.668063894806501,
      "corridor_score": 3.7506272445882916,
      "segment_id": 0
    },
    {
      "time": "2019-12-01 05:43:00+00:00",
      "CP": 0.5465163958357641,
      "SCE": 0.6617122379345253,
      "S_struct": 0.41292450344794024,
      "admissible": true,
      "snowfall_cm": 0.2,
      "depth_est_cm": 5.668063894806501,
      "corridor_score": 3.7506272445882916,
      "segment_id": 0
    },
    {
      "time": "2019-12-01 16:45:00+00:00",
      "CP": 0.6263148566469271,
      "SCE": 0.5893569404235561,
      "S_struct": 0.5287232679751397,
      "admissible": true,
      "snowfall_cm": 0.2,
      "depth_est_cm": 6.322116205005889,
      "corridor_score": 3.7259830635844544,
      "segment_id": 0
    },
    {
      "time": "2019-11-27 18:00:00+00:00",
      "CP": 1.7174006669056905,
      "SCE": 0.27493960609461554,
      "S_struct": 1.2912038196356939,
      "admissible": true,
      "snowfall_cm": 2.0,
      "depth_est_cm": 12.99578522097134,
      "corridor_score": 3.5730560695440867,
      "segment_id": 0
    },
    {
      "time": "2019-02-12 18:00:00+00:00",
      "CP": 0.5279961541853094,
      "SCE": 0.6473751484162118,
      "S_struct": 0.4348293249796227,
      "admissible": true,
      "snowfall_cm": 3.0,
      "depth_est_cm": 5.5114432600074945,
      "corridor_score": 3.567971398434882,
      "segment_id": 0
    },
    {
      "time": "2019-02-12 18:20:00+00:00",
      "CP": 1.0946065440671706,
      "SCE": 0.3673501807562161,
      "S_struct": 1.0014397148614838,
      "admissible": true,
      "snowfall_cm": 0.2,
      "depth_est_cm": 9.611754471907794,
      "corridor_score": 3.530879742639697,
      "segment_id": 0
    },
    {
      "time": "2019-02-12 18:53:00+00:00",
      "CP": 1.0946065440671706,
      "SCE": 0.3673501807562161,
      "S_struct": 1.0014397148614838,
      "admissible": true,
      "snowfall_cm": 0.3,
      "depth_est_cm": 9.611754471907794,
      "corridor_score": 3.530879742639697,
      "segment_id": 0
    },
    {
      "time": "2019-02-12 16:05:00+00:00",
      "CP": 0.5727955636149477,
      "SCE": 0.5639466841423667,
      "S_struct": 0.5727955636149477,
      "admissible": true,
      "snowfall_cm": 0.2,
      "depth_est_cm": 5.887110446286654,
      "corridor_score": 3.3200164153632468,
      "segment_id": 0
    },
    {
      "time": "2019-02-12 15:53:00+00:00",
      "CP": 0.5727955636149477,
      "SCE": 0.5639466841423667,
      "S_struct": 0.5727955636149477,
      "admissible": true,
      "snowfall_cm": 0.3,
      "depth_est_cm": 5.887110446286654,
      "corridor_score": 3.3200164153632468,
      "segment_id": 0
    },
    {
      "time": "2019-02-12 16:20:00+00:00",
      "CP": 0.5727955636149477,
      "SCE": 0.5639466841423667,
      "S_struct": 0.5727955636149477,
      "admissible": true,
      "snowfall_cm": 0.2,
      "depth_est_cm": 5.887110446286654,
      "corridor_score": 3.3200164153632468,
      "segment_id": 0
    }
  ],
  "observed_snow_events_first200": [
    {
      "time": "2019-01-01 12:00:00+00:00",
      "CP": 10.923125191734036,
      "SCE": 0.0012547403513165107,
      "S_struct": 6.68082661918463,
      "admissible": false,
      "snowfall_cm": 0.3,
      "depth_est_cm": 32.22023750125049,
      "corridor_score": 0.040428032121820445,
      "segment_id": 0
    },
    {
      "time": "2019-01-19 01:53:00+00:00",
      "CP": 2.1060059399363955,
      "SCE": 0.0001169949989088073,
      "S_struct": 9.053379368449253,
      "admissible": false,
      "snowfall_cm": 0.3,
      "depth_est_cm": 14.733389282712729,
      "corridor_score": 0.0017237328630540089,
      "segment_id": 0
    },
    {
      "time": "2019-01-19 06:00:00+00:00",
      "CP": 2.7254194516823933,
      "SCE": 0.013092395572530086,
      "S_struct": 4.335723707971516,
      "admissible": false,
      "snowfall_cm": 0.3,
      "depth_est_cm": 17.09733284961792,
      "corridor_score": 0.22384504490241086,
      "segment_id": 0
    },
    {
      "time": "2019-01-19 12:00:00+00:00",
      "CP": 6.321821316455204,
      "SCE": 0.00027639696524653796,
      "S_struct": 8.193672445702171,
      "admissible": false,
      "snowfall_cm": 0.3,
      "depth_est_cm": 25.881168439718902,
      "corridor_score": 0.0071534764137727806,
      "segment_id": 0
    },
    {
      "time": "2019-01-22 08:13:00+00:00",
      "CP": 9.958157785724172,
      "SCE": 8.369532857615234e-09,
      "S_struct": 18.59866776551805,
      "admissible": false,
      "snowfall_cm": 0.2,
      "depth_est_cm": 31.123094367921617,
      "corridor_score": 2.604857609429796e-07,
      "segment_id": 0
    },
    {
      "time": "2019-01-22 08:53:00+00:00",
      "CP": 9.12831130358049,
      "SCE": 3.6500891402579956e-09,
      "S_struct": 19.42851424766173,
      "admissible": false,
      "snowfall_cm": 0.3,
      "depth_est_cm": 30.099349824113112,
      "corridor_score": 1.0986530992182168e-07,
      "segment_id": 0
    },
    {
      "time": "2019-01-22 09:53:00+00:00",
      "CP": 6.489908789166214,
      "SCE": 2.617982384905392e-09,
      "S_struct": 19.760861897936117,
      "admissible": false,
      "snowfall_cm": 0.3,
      "depth_est_cm": 26.17623605705636,
      "corridor_score": 6.852892490049892e-08,
      "segment_id": 0
    },
    {
      "time": "2019-01-22 12:00:00+00:00",
      "CP": 2.0767708125331885,
      "SCE": 1.1181937735231482e-09,
      "S_struct": 20.611551155654897,
      "admissible": false,
      "snowfall_cm": 0.5,
      "depth_est_cm": 14.610447923515821,
      "corridor_score": 1.6337311896459602e-08,
      "segment_id": 0
    },
    {
      "time": "2019-01-22 16:07:00+00:00",
      "CP": 0.10459918050438095,
      "SCE": 2.7679103776902484e-05,
      "S_struct": 10.494832805741062,
      "admissible": false,
      "snowfall_cm": 0.2,
      "depth_est_cm": 1.2932729756845793,
      "corridor_score": 3.5796636905836957e-05,
      "segment_id": 0
    },
    {
      "time": "2019-01-22 16:53:00+00:00",
      "CP": 0.23011819710963802,
      "SCE": 2.7179117795041867e-05,
      "S_struct": 10.51306160763994,
      "admissible": false,
      "snowfall_cm": 0.3,
      "depth_est_cm": 2.6924333797213436,
      "corridor_score": 7.317796398274909e-05,
      "segment_id": 0
    },
    {
      "time": "2019-01-22 18:00:00+00:00",
      "CP": 0.5493765640362058,
      "SCE": 0.00020735292284952076,
      "S_struct": 8.481088275159415,
      "admissible": false,
      "snowfall_cm": 0.3,
      "depth_est_cm": 5.692084232503063,
      "corridor_score": 0.0011802703027151812,
      "segment_id": 0
    },
    {
      "time": "2019-01-23 12:00:00+00:00",
      "CP": 3.498678834918572,
      "SCE": 0.033160387142385166,
      "S_struct": 3.4063992738017363,
      "admissible": false,
      "snowfall_cm": 0.3,
      "depth_est_cm": 19.54918889858113,
      "corridor_score": 0.6482586721965685,
      "segment_id": 0
    },
    {
      "time": "2019-01-26 14:46:00+00:00",
      "CP": 2.1281037819214705,
      "SCE": 1.894557294956594e-05,
      "S_struct": 10.873940271165797,
      "admissible": false,
      "snowfall_cm": 0.2,
      "depth_est_cm": 14.825551006452113,
      "corridor_score": 0.00028087855811024924,
      "segment_id": 0
    },
    {
      "time": "2019-01-26 14:53:00+00:00",
      "CP": 1.690056302949322,
      "SCE": 1.2225486228058615e-05,
      "S_struct": 11.311987750137945,
      "admissible": false,
      "snowfall_cm": 0.3,
      "depth_est_cm": 12.864307610168828,
      "corridor_score": 0.00015727241552162863,
      "segment_id": 0
    },
    {
      "time": "2019-01-26 15:18:00+00:00",
      "CP": 1.8590619332442537,
      "SCE": 1.0324473837822486e-05,
      "S_struct": 11.480993380432876,
      "admissible": false,
      "snowfall_cm": 0.2,
      "depth_est_cm": 13.656416483584852,
      "corridor_score": 0.00014099531470317955,
      "segment_id": 0
    },
    {
      "time": "2019-01-26 15:53:00+00:00",
      "CP": 1.5425300628166074,
      "SCE": 5.029634671076054e-06,
      "S_struct": 12.200163206495073,
      "admissible": false,
      "snowfall_cm": 0.3,
      "depth_est_cm": 12.131075748835332,
      "corridor_score": 6.1014879183792096e-05,
      "segment_id": 0
    },
    {
      "time": "2019-01-26 16:51:00+00:00",
      "CP": 2.8469182499983225,
      "SCE": 1.3647334901837979e-06,
      "S_struct": 13.504551393676788,
      "admissible": false,
      "snowfall_cm": 0.2,
      "depth_est_cm": 17.514540851847027,
      "corridor_score": 2.3902680465707902e-05,
      "segment_id": 0
    },
    {
      "time": "2019-01-26 16:53:00+00:00",
      "CP": 2.8469182499983225,
      "SCE": 1.3647334901837979e-06,
      "S_struct": 13.504551393676788,
      "admissible": false,
      "snowfall_cm": 0.3,
      "depth_est_cm": 17.514540851847027,
      "corridor_score": 2.3902680465707902e-05,
      "segment_id": 0
    },
    {
      "time": "2019-01-26 17:18:00+00:00",
      "CP": 3.558647812497903,
      "SCE": 6.698038315415351e-07,
      "S_struct": 14.21628095617637,
      "admissible": false,
      "snowfall_cm": 0.2,
      "depth_est_cm": 19.721338613664138,
      "corridor_score": 1.3209428166560265e-05,
      "segment_id": 0
    },
    {
      "time": "2019-01-26 17:32:00+00:00",
      "CP": 2.815279865715956,
      "SCE": 3.184982351887064e-07,
      "S_struct": 14.959648902958316,
      "admissible": false,
      "snowfall_cm": 0.2,
      "depth_est_cm": 17.40718227744871,
      "corridor_score": 5.5441568349755415e-06,
      "segment_id": 0
    },
    {
      "time": "2019-01-26 17:46:00+00:00",
      "CP": 3.1531134496018702,
      "SCE": 2.271892453461249e-07,
      "S_struct": 15.297482486844231,
      "admissible": false,
      "snowfall_cm": 0.2,
      "depth_est_cm": 18.510157663157788,
      "corridor_score": 4.205308750730608e-06,
      "segment_id": 0
    },
    {
      "time": "2019-01-26 17:53:00+00:00",
      "CP": 3.1531134496018702,
      "SCE": 3.02653855770444e-06,
      "S_struct": 12.708090981664618,
      "admissible": false,
      "snowfall_cm": 0.3,
      "depth_est_cm": 18.510157663157788,
      "corridor_score": 5.602170587673536e-05,
      "segment_id": 0
    },
    {
      "time": "2019-01-26 18:00:00+00:00",
      "CP": 3.1531134496018702,
      "SCE": 7.862171409710888e-06,
      "S_struct": 11.753447728898674,
      "admissible": false,
      "snowfall_cm": 1.0,
      "depth_est_cm": 18.510157663157788,
      "corridor_score": 0.00014553003236852008,
      "segment_id": 0
    },
    {
      "time": "2019-01-26 18:15:00+00:00",
      "CP": 3.1531134496018702,
      "SCE": 6.491767854448655e-05,
      "S_struct": 9.64239057466817,
      "admissible": false,
      "snowfall_cm": 0.2,
      "depth_est_cm": 18.510157663157788,
      "corridor_score": 0.0012016364649846416,
      "segment_id": 0
    },
    {
      "time": "2019-01-26 18:28:00+00:00",
      "CP": 3.4346414361734663,
      "SCE": 4.898881450896032e-05,
      "S_struct": 9.923918561239766,
      "admissible": false,
      "snowfall_cm": 0.2,
      "depth_est_cm": 19.36280792977351,
      "corridor_score": 0.0009485610060443005,
      "segment_id": 0
    },
    {
      "time": "2019-01-26 18:31:00+00:00",
      "CP": 3.4012428978568052,
      "SCE": 4.737968064458239e-05,
      "S_struct": 9.957317099556427,
      "admissible": false,
      "snowfall_cm": 0.2,
      "depth_est_cm": 19.264530711670368,
      "corridor_score": 0.0009127473128866916,
      "segment_id": 0
    },
    {
      "time": "2019-01-26 18:53:00+00:00",
      "CP": 3.568517138735008,
      "SCE": 4.008167380593107e-05,
      "S_struct": 10.12459134043463,
      "admissible": false,
      "snowfall_cm": 0.3,
      "depth_est_cm": 19.74945277436417,
      "corridor_score": 0.0007915911239477051,
      "segment_id": 0
    },
    {
      "time": "2019-01-27 00:00:00+00:00",
      "CP": 3.928961240009054,
      "SCE": 0.0013351483062429338,
      "S_struct": 6.618712902481375,
      "admissible": false,
      "snowfall_cm": 0.3,
      "depth_est_cm": 20.736667432391684,
      "corridor_score": 0.027686526399480764,
      "segment_id": 0
    },
    {
      "time": "2019-01-27 12:00:00+00:00",
      "CP": 10.359869571537333,
      "SCE": 1.0499376083374633e-05,
      "S_struct": 11.46419472319726,
      "admissible": false,
      "snowfall_cm": 1.3,
      "depth_est_cm": 31.59113011402839,
      "corridor_score": 0.00033168715596600584,
      "segment_id": 0
    },
    {
      "time": "2019-01-28 01:33:00+00:00",
      "CP": 8.153777977769208,
      "SCE": 2.7354041750943956e-06,
      "S_struct": 12.809231354180612,
      "admissible": false,
      "snowfall_cm": 0.2,
      "depth_est_cm": 28.784166941601917,
      "corridor_score": 7.873633042867196e-05,
      "segment_id": 0
    },
    {
      "time": "2019-01-28 01:53:00+00:00",
      "CP": 8.631930782253752,
      "SCE": 1.6957521679415628e-06,
      "S_struct": 13.287384158665157,
      "admissible": false,
      "snowfall_cm": 0.8,
      "depth_est_cm": 29.44608813006687,
      "corridor_score": 4.993326778395921e-05,
      "segment_id": 0
    },
    {
      "time": "2019-01-28 02:39:00+00:00",
      "CP": 8.631930782253756,
      "SCE": 1.695752167941557e-06,
      "S_struct": 13.28738415866516,
      "admissible": false,
      "snowfall_cm": 1.0,
      "depth_est_cm": 29.446088130066876,
      "corridor_score": 4.993326778395905e-05,
      "segment_id": 0
    },
    {
      "time": "2019-01-28 02:53:00+00:00",
      "CP": 6.226310728183033,
      "SCE": 2.505325235591705e-07,
      "S_struct": 15.199677090281723,
      "admissible": false,
      "snowfall_cm": 1.3,
      "depth_est_cm": 25.710472231731764,
      "corridor_score": 6.441309490113737e-06,
      "segment_id": 0
    },
    {
      "time": "2019-01-28 03:33:00+00:00",
      "CP": 4.669733046137277,
      "SCE": 1.5638653546345153e-07,
      "S_struct": 15.670935102928329,
      "admissible": false,
      "snowfall_cm": 1.0,
      "depth_est_cm": 22.556846452676552,
      "corridor_score": 3.5275870677151322e-06,
      "segment_id": 0
    },
    {
      "time": "2019-01-28 03:53:00+00:00",
      "CP": 3.1131553640915164,
      "SCE": 9.761905610823854e-08,
      "S_struct": 16.14219311557494,
      "admissible": false,
      "snowfall_cm": 1.5,
      "depth_est_cm": 18.384476011782333,
      "corridor_score": 1.794675195314745e-06,
      "segment_id": 0
    },
    {
      "time": "2019-01-28 04:53:00+00:00",
      "CP": 2.382263223866631,
      "SCE": 2.8499415186205686e-07,
      "S_struct": 15.07079717667055,
      "admissible": false,
      "snowfall_cm": 1.3,
      "depth_est_cm": 15.841086017608797,
      "corridor_score": 4.514616874162307e-06,
      "segment_id": 0
    },
    {
      "time": "2019-01-28 05:34:00+00:00",
      "CP": 2.3822632238666337,
      "SCE": 2.353641188908737e-06,
      "S_struct": 12.959546986866263,
      "admissible": false,
      "snowfall_cm": 0.7000000000000001,
      "depth_est_cm": 15.841086017608808,
      "corridor_score": 3.728423252809036e-05,
      "segment_id": 0
    },
    {
      "time": "2019-01-28 05:53:00+00:00",
      "CP": 1.9931220339511204,
      "SCE": 2.2893702280883723e-06,
      "S_struct": 12.987233787788588,
      "admissible": false,
      "snowfall_cm": 1.0,
      "depth_est_cm": 14.252121015084551,
      "corridor_score": 3.26283815390472e-05,
      "segment_id": 0
    },
    {
      "time": "2019-01-28 06:00:00+00:00",
      "CP": 1.8666809058078646,
      "SCE": 9.632384860918642e-06,
      "S_struct": 11.550379713705325,
      "admissible": false,
      "snowfall_cm": 6.0,
      "depth_est_cm": 13.69101346237683,
      "corridor_score": 0.0001318771108056319,
      "segment_id": 0
    },
    {
      "time": "2019-01-28 06:26:00+00:00",
      "CP": 1.2361224305095502,
      "SCE": 5.1272649505133055e-06,
      "S_struct": 12.18093818900364,
      "admissible": false,
      "snowfall_cm": 0.2,
      "depth_est_cm": 10.461663004608695,
      "corridor_score": 5.363971804761188e-05,
      "segment_id": 0
    },
    {
      "time": "2019-01-28 06:33:00+00:00",
      "CP": 1.2361224305095502,
      "SCE": 7.600640274503724e-06,
      "S_struct": 11.787278067575311,
      "admissible": false,
      "snowfall_cm": 0.5,
      "depth_est_cm": 10.461663004608695,
      "corridor_score": 7.951533717111449e-05,
      "segment_id": 0
    },
    {
      "time": "2019-01-28 06:41:00+00:00",
      "CP": 0.9930072985300454,
      "SCE": 5.960279395448519e-06,
      "S_struct": 12.030393199554815,
      "admissible": false,
      "snowfall_cm": 0.5,
      "depth_est_cm": 8.965381142981421,
      "corridor_score": 5.343617649885485e-05,
      "segment_id": 0
    },
    {
      "time": "2019-01-28 06:53:00+00:00",
      "CP": 0.6555924816464709,
      "SCE": 1.1594750596943772e-05,
      "S_struct": 11.364958097022932,
      "admissible": false,
      "snowfall_cm": 0.3,
      "depth_est_cm": 6.554066216316749,
      "corridor_score": 7.599276317404764e-05,
      "segment_id": 0
    },
    {
      "time": "2019-01-28 07:46:00+00:00",
      "CP": 0.38791487996486235,
      "SCE": 3.5684305807942695e-05,
      "S_struct": 10.240799579059797,
      "admissible": false,
      "snowfall_cm": 0.5,
      "depth_est_cm": 4.261432948895024,
      "corridor_score": 0.00015206627652841306,
      "segment_id": 0
    },
    {
      "time": "2019-01-28 07:53:00+00:00",
      "CP": 0.38791487996486235,
      "SCE": 6.314907025526264e-05,
      "S_struct": 9.670012432074847,
      "admissible": false,
      "snowfall_cm": 0.5,
      "depth_est_cm": 4.261432948895024,
      "corridor_score": 0.00026910552867786294,
      "segment_id": 0
    },
    {
      "time": "2019-01-28 08:05:00+00:00",
      "CP": 0.24221102064943298,
      "SCE": 5.458691852407261e-05,
      "S_struct": 9.815716291390276,
      "admissible": false,
      "snowfall_cm": 0.2,
      "depth_est_cm": 2.819607348789254,
      "corridor_score": 0.0001539136766182354,
      "segment_id": 0
    },
    {
      "time": "2019-01-28 08:10:00+00:00",
      "CP": 0.24221102064943298,
      "SCE": 0.00014084190101320044,
      "S_struct": 8.867872566088876,
      "admissible": false,
      "snowfall_cm": 0.2,
      "depth_est_cm": 2.819607348789254,
      "corridor_score": 0.0003971188591142686,
      "segment_id": 0
    },
    {
      "time": "2019-01-28 08:35:00+00:00",
      "CP": 0.24221102064943298,
      "SCE": 0.00014084190101320044,
      "S_struct": 8.867872566088876,
      "admissible": false,
      "snowfall_cm": 0.5,
      "depth_est_cm": 2.819607348789254,
      "corridor_score": 0.0003971188591142686,
      "segment_id": 0
    },
    {
      "time": "2019-01-28 08:53:00+00:00",
      "CP": 0.24221102064943298,
      "SCE": 0.00014084190101320044,
      "S_struct": 8.867872566088876,
      "admissible": false,
      "snowfall_cm": 0.5,
      "depth_est_cm": 2.819607348789254,
      "corridor_score": 0.0003971188591142686,
      "segment_id": 0
    },
    {
      "time": "2019-01-28 09:18:00+00:00",
      "CP": 0.24221102064943298,
      "SCE": 0.0002271909370621052,
      "S_struct": 8.389719761604331,
      "admissible": false,
      "snowfall_cm": 0.2,
      "depth_est_cm": 2.819607348789254,
      "corridor_score": 0.0006405892357186288,
      "segment_id": 0
    },
    {
      "time": "2019-01-28 09:33:00+00:00",
      "CP": 0.4166937334771416,
      "SCE": 0.00019081570816461887,
      "S_struct": 8.564202474432037,
      "admissible": false,
      "snowfall_cm": 0.2,
      "depth_est_cm": 4.528235400904325,
      "corridor_score": 0.0008640584447596557,
      "segment_id": 0
    },
    {
      "time": "2019-01-28 09:53:00+00:00",
      "CP": 0.4166937334771416,
      "SCE": 0.002115249682285982,
      "S_struct": 6.158582420361315,
      "admissible": false,
      "snowfall_cm": 0.5,
      "depth_est_cm": 4.528235400904325,
      "corridor_score": 0.00957834849307901,
      "segment_id": 0
    },
    {
      "time": "2019-01-28 10:07:00+00:00",
      "CP": 0.4166937334771416,
      "SCE": 0.01003170462992531,
      "S_struct": 4.602004738315559,
      "admissible": false,
      "snowfall_cm": 0.2,
      "depth_est_cm": 4.528235400904325,
      "corridor_score": 0.04542592003664361,
      "segment_id": 0
    },
    {
      "time": "2019-01-28 10:18:00+00:00",
      "CP": 0.4166937334771416,
      "SCE": 0.01003170462992531,
      "S_struct": 4.602004738315559,
      "admissible": false,
      "snowfall_cm": 0.2,
      "depth_est_cm": 4.528235400904325,
      "corridor_score": 0.04542592003664361,
      "segment_id": 0
    },
    {
      "time": "2019-01-28 10:26:00+00:00",
      "CP": 0.4166937334771416,
      "SCE": 0.047575990023696696,
      "S_struct": 3.0454270562697974,
      "admissible": false,
      "snowfall_cm": 0.5,
      "depth_est_cm": 4.528235400904325,
      "corridor_score": 0.21543528225837438,
      "segment_id": 0
    },
    {
      "time": "2019-01-28 10:41:00+00:00",
      "CP": 0.4166937334771416,
      "SCE": 0.09756369080993252,
      "S_struct": 2.3272498751698785,
      "admissible": true,
      "snowfall_cm": 0.7000000000000001,
      "depth_est_cm": 4.528235400904325,
      "corridor_score": 0.4417913585684204,
      "segment_id": 0
    },
    {
      "time": "2019-01-28 10:48:00+00:00",
      "CP": 0.8544814180621346,
      "SCE": 0.06377955461116618,
      "S_struct": 2.752322600629905,
      "admissible": false,
      "snowfall_cm": 0.7000000000000001,
      "depth_est_cm": 8.028866273731472,
      "corridor_score": 0.5120775149712067,
      "segment_id": 0
    },
    {
      "time": "2019-01-28 10:53:00+00:00",
      "CP": 0.8544814180621346,
      "SCE": 0.06377955461116618,
      "S_struct": 2.752322600629905,
      "admissible": false,
      "snowfall_cm": 0.5,
      "depth_est_cm": 8.028866273731472,
      "corridor_score": 0.5120775149712067,
      "segment_id": 0
    },
    {
      "time": "2019-01-28 11:53:00+00:00",
      "CP": 0.5340508862888343,
      "SCE": 0.07752375958288213,
      "S_struct": 2.557170814344434,
      "admissible": false,
      "snowfall_cm": 0.3,
      "depth_est_cm": 5.562854370869276,
      "corridor_score": 0.4312533848418548,
      "segment_id": 0
    },
    {
      "time": "2019-01-28 12:00:00+00:00",
      "CP": 0.5340508862888343,
      "SCE": 0.1456407451877227,
      "S_struct": 1.9266123390461192,
      "admissible": true,
      "snowfall_cm": 3.0,
      "depth_est_cm": 5.562854370869276,
      "corridor_score": 0.8101782559441817,
      "segment_id": 0
    },
    {
      "time": "2019-01-28 12:23:00+00:00",
      "CP": 0.5340508862888343,
      "SCE": 0.18572332604539582,
      "S_struct": 1.6834972070666145,
      "admissible": true,
      "snowfall_cm": 0.2,
      "depth_est_cm": 5.562854370869276,
      "corridor_score": 1.0331518160640099,
      "segment_id": 0
    },
    {
      "time": "2019-01-28 12:31:00+00:00",
      "CP": 0.5340508862888343,
      "SCE": 0.2602578548029044,
      "S_struct": 1.3460823901830399,
      "admissible": true,
      "snowfall_cm": 0.2,
      "depth_est_cm": 5.562854370869276,
      "corridor_score": 1.4477765451433984,
      "segment_id": 0
    },
    {
      "time": "2019-01-28 12:53:00+00:00",
      "CP": 0.5340508862888343,
      "SCE": 0.34013768464647776,
      "S_struct": 1.0784047885014314,
      "admissible": true,
      "snowfall_cm": 0.5,
      "depth_est_cm": 5.562854370869276,
      "corridor_score": 1.8921364057330143,
      "segment_id": 0
    },
    {
      "time": "2019-01-28 13:11:00+00:00",
      "CP": 0.5340508862888343,
      "SCE": 0.34013768464647776,
      "S_struct": 1.0784047885014314,
      "admissible": true,
      "snowfall_cm": 0.2,
      "depth_est_cm": 5.562854370869276,
      "corridor_score": 1.8921364057330143,
      "segment_id": 0
    },
    {
      "time": "2019-01-28 13:26:00+00:00",
      "CP": 0.5340508862888343,
      "SCE": 0.3934894865833191,
      "S_struct": 0.932700929186002,
      "admissible": true,
      "snowfall_cm": 0.2,
      "depth_est_cm": 5.562854370869276,
      "corridor_score": 2.1889247103311242,
      "segment_id": 0
    },
    {
      "time": "2019-01-28 13:31:00+00:00",
      "CP": 0.5340508862888343,
      "SCE": 0.3934894865833191,
      "S_struct": 0.932700929186002,
      "admissible": true,
      "snowfall_cm": 0.2,
      "depth_est_cm": 5.562854370869276,
      "corridor_score": 2.1889247103311242,
      "segment_id": 0
    },
    {
      "time": "2019-01-28 13:53:00+00:00",
      "CP": 0.5340508862888343,
      "SCE": 0.3934894865833191,
      "S_struct": 0.932700929186002,
      "admissible": true,
      "snowfall_cm": 0.3,
      "depth_est_cm": 5.562854370869276,
      "corridor_score": 2.1889247103311242,
      "segment_id": 0
    },
    {
      "time": "2019-01-28 18:00:00+00:00",
      "CP": 2.597821929702382,
      "SCE": 0.059487488861744015,
      "S_struct": 2.821989259771841,
      "admissible": false,
      "snowfall_cm": 0.8,
      "depth_est_cm": 16.64427235687812,
      "corridor_score": 0.9901259664416209,
      "segment_id": 0
    },
    {
      "time": "2019-01-29 12:00:00+00:00",
      "CP": 7.598184498663,
      "SCE": 0.00012317897290175684,
      "S_struct": 9.001872195930131,
      "admissible": false,
      "snowfall_cm": 0.8,
      "depth_est_cm": 27.970163990172015,
      "corridor_score": 0.0034453360722030936,
      "segment_id": 0
    },
    {
      "time": "2019-02-04 07:53:00+00:00",
      "CP": 2.907304027151743e-13,
      "SCE": 0.9999999999983015,
      "S_struct": 1.6985524098345196e-12,
      "admissible": false,
      "snowfall_cm": 0.5,
      "depth_est_cm": 3.7785330420087085e-12,
      "corridor_score": 3.7785330420022906e-12,
      "segment_id": 0
    },
    {
      "time": "2019-02-04 12:00:00+00:00",
      "CP": 1.672380752400689e-12,
      "SCE": 0.9999999999966729,
      "S_struct": 3.3271163601966687e-12,
      "admissible": false,
      "snowfall_cm": 2.0,
      "depth_est_cm": 2.1741719535821184e-11,
      "corridor_score": 2.1741719535748847e-11,
      "segment_id": 0
    },
    {
      "time": "2019-02-05 16:20:00+00:00",
      "CP": 0.7199590236645715,
      "SCE": 5.072079829885707e-06,
      "S_struct": 12.191759601622433,
      "admissible": false,
      "snowfall_cm": 0.2,
      "depth_est_cm": 7.049906072179726,
      "corridor_score": 3.575768639129156e-05,
      "segment_id": 0
    },
    {
      "time": "2019-02-05 16:50:00+00:00",
      "CP": 0.6641963676360142,
      "SCE": 4.796988380688805e-06,
      "S_struct": 12.24752225765099,
      "admissible": false,
      "snowfall_cm": 0.2,
      "depth_est_cm": 6.6214504828302845,
      "corridor_score": 3.1763021029443155e-05,
      "segment_id": 0
    },
    {
      "time": "2019-02-05 16:53:00+00:00",
      "CP": 0.6641963676360142,
      "SCE": 8.002489992473327e-06,
      "S_struct": 11.735757815653212,
      "admissible": false,
      "snowfall_cm": 0.3,
      "depth_est_cm": 6.6214504828302845,
      "corridor_score": 5.2988091224507035e-05,
      "segment_id": 0
    },
    {
      "time": "2019-02-05 17:08:00+00:00",
      "CP": 0.555844169383131,
      "SCE": 2.0355443307699913e-05,
      "S_struct": 10.802162197435388,
      "admissible": false,
      "snowfall_cm": 0.2,
      "depth_est_cm": 5.746237542885808,
      "corridor_score": 0.00011696721253678892,
      "segment_id": 0
    },
    {
      "time": "2019-02-05 17:37:00+00:00",
      "CP": 0.7520244644595301,
      "SCE": 1.9126921620305655e-05,
      "S_struct": 10.864413706420411,
      "admissible": false,
      "snowfall_cm": 0.7000000000000001,
      "depth_est_cm": 7.290035429941109,
      "corridor_score": 0.00013943593627773482,
      "segment_id": 0
    },
    {
      "time": "2019-02-05 17:53:00+00:00",
      "CP": 0.8900657807094041,
      "SCE": 4.3655447387674645e-05,
      "S_struct": 10.039182486496665,
      "admissible": false,
      "snowfall_cm": 1.0,
      "depth_est_cm": 8.275951229962455,
      "corridor_score": 0.00036129035350258723,
      "segment_id": 0
    },
    {
      "time": "2019-02-05 18:00:00+00:00",
      "CP": 0.8900657807094041,
      "SCE": 0.0004153499574225924,
      "S_struct": 7.786389122188908,
      "admissible": false,
      "snowfall_cm": 1.0,
      "depth_est_cm": 8.275951229962455,
      "corridor_score": 0.003437415990996357,
      "segment_id": 0
    },
    {
      "time": "2019-02-05 18:08:00+00:00",
      "CP": 0.8900657807094041,
      "SCE": 0.0008291365366069575,
      "S_struct": 7.095125716020322,
      "admissible": false,
      "snowfall_cm": 0.2,
      "depth_est_cm": 8.275951229962455,
      "corridor_score": 0.00686189353993916,
      "segment_id": 0
    },
    {
      "time": "2019-02-05 18:30:00+00:00",
      "CP": 0.8900657807094041,
      "SCE": 0.0017968381691521695,
      "S_struct": 6.321726731356117,
      "admissible": false,
      "snowfall_cm": 0.2,
      "depth_est_cm": 8.275951229962455,
      "corridor_score": 0.014870545056038383,
      "segment_id": 0
    },
    {
      "time": "2019-02-05 18:53:00+00:00",
      "CP": 0.8900657807094041,
      "SCE": 0.012659668190225529,
      "S_struct": 4.369334071912458,
      "admissible": false,
      "snowfall_cm": 0.8,
      "depth_est_cm": 8.275951229962455,
      "corridor_score": 0.10477079652981354,
      "segment_id": 0
    },
    {
      "time": "2019-02-05 18:58:00+00:00",
      "CP": 0.6922733849962039,
      "SCE": 0.04142982370886837,
      "S_struct": 3.1837542780583274,
      "admissible": false,
      "snowfall_cm": 0.2,
      "depth_est_cm": 6.838946701457599,
      "corridor_score": 0.28333635619573516,
      "segment_id": 0
    },
    {
      "time": "2019-02-05 19:13:00+00:00",
      "CP": 0.6922733849962039,
      "SCE": 0.05379802337267434,
      "S_struct": 2.9225185527742026,
      "admissible": false,
      "snowfall_cm": 0.5,
      "depth_est_cm": 6.838946701457599,
      "corridor_score": 0.36792181448949,
      "segment_id": 0
    },
    {
      "time": "2019-02-05 19:24:00+00:00",
      "CP": 0.6764724962278797,
      "SCE": 0.052954647381453356,
      "S_struct": 2.938319441542527,
      "admissible": false,
      "snowfall_cm": 0.7000000000000001,
      "depth_est_cm": 6.716994457141561,
      "corridor_score": 0.35569607294110805,
      "segment_id": 0
    },
    {
      "time": "2019-02-05 19:34:00+00:00",
      "CP": 0.6764724962278797,
      "SCE": 0.12358923607642626,
      "S_struct": 2.090791824511124,
      "admissible": true,
      "snowfall_cm": 0.7000000000000001,
      "depth_est_cm": 6.716994457141561,
      "corridor_score": 0.830148213687715,
      "segment_id": 0
    },
    {
      "time": "2019-02-05 19:53:00+00:00",
      "CP": 0.5154076161736222,
      "SCE": 0.10520371090215196,
      "S_struct": 2.2518567045653817,
      "admissible": true,
      "snowfall_cm": 1.0,
      "depth_est_cm": 5.403897932587148,
      "corridor_score": 0.568510115844635,
      "segment_id": 0
    },
    {
      "time": "2019-02-05 20:01:00+00:00",
      "CP": 0.5476205921844735,
      "SCE": 0.1018687885491897,
      "S_struct": 2.284069680576233,
      "admissible": true,
      "snowfall_cm": 0.2,
      "depth_est_cm": 5.677342445302597,
      "corridor_score": 0.5783439970818698,
      "segment_id": 0
    },
    {
      "time": "2019-02-05 20:23:00+00:00",
      "CP": 0.5476205921844735,
      "SCE": 0.2658581531253201,
      "S_struct": 1.3247923713609149,
      "admissible": true,
      "snowfall_cm": 0.5,
      "depth_est_cm": 5.677342445302597,
      "corridor_score": 1.5093677771681369,
      "segment_id": 0
    },
    {
      "time": "2019-02-05 20:27:00+00:00",
      "CP": 0.35434273611936523,
      "SCE": 0.266585724334375,
      "S_struct": 1.3220594198041047,
      "admissible": true,
      "snowfall_cm": 0.7000000000000001,
      "depth_est_cm": 3.94311152371145,
      "corridor_score": 1.051177241679838,
      "segment_id": 0
    },
    {
      "time": "2019-02-05 20:39:00+00:00",
      "CP": 0.3567895457254882,
      "SCE": 0.3258100084211739,
      "S_struct": 1.1214408637612454,
      "admissible": true,
      "snowfall_cm": 0.7000000000000001,
      "depth_est_cm": 3.9665766520851413,
      "corridor_score": 1.2923503724190917,
      "segment_id": 0
    },
    {
      "time": "2019-02-05 20:53:00+00:00",
      "CP": 0.19684705896675525,
      "SCE": 0.27765294332065243,
      "S_struct": 1.2813833505199783,
      "admissible": true,
      "snowfall_cm": 0.8,
      "depth_est_cm": 2.335978425634925,
      "corridor_score": 0.6485912854110807,
      "segment_id": 0
    },
    {
      "time": "2019-02-05 21:15:00+00:00",
      "CP": 0.3087262627841308,
      "SCE": 0.29555704824921997,
      "S_struct": 1.2188934040880797,
      "admissible": true,
      "snowfall_cm": 0.2,
      "depth_est_cm": 3.497706494352338,
      "corridor_score": 1.033771807112904,
      "segment_id": 0
    },
    {
      "time": "2019-02-05 21:53:00+00:00",
      "CP": 0.2542451575869314,
      "SCE": 0.34405975914851855,
      "S_struct": 1.0669399182410464,
      "admissible": true,
      "snowfall_cm": 0.8,
      "depth_est_cm": 2.9449410064236514,
      "corridor_score": 1.0132356933767173,
      "segment_id": 0
    },
    {
      "time": "2019-02-05 22:39:00+00:00",
      "CP": 0.3418622443620032,
      "SCE": 0.3592380057017525,
      "S_struct": 1.0237701416318519,
      "admissible": true,
      "snowfall_cm": 0.7000000000000001,
      "depth_est_cm": 3.8227589890615428,
      "corridor_score": 1.3732803155089162,
      "segment_id": 0
    },
    {
      "time": "2019-02-05 22:44:00+00:00",
      "CP": 0.3418622443620032,
      "SCE": 0.3618535566063029,
      "S_struct": 1.016515688766244,
      "admissible": true,
      "snowfall_cm": 0.7000000000000001,
      "depth_est_cm": 3.8227589890615428,
      "corridor_score": 1.3832789362406344,
      "segment_id": 0
    },
    {
      "time": "2019-02-05 22:53:00+00:00",
      "CP": 0.3418622443620032,
      "SCE": 0.3618535566063029,
      "S_struct": 1.016515688766244,
      "admissible": true,
      "snowfall_cm": 0.8,
      "depth_est_cm": 3.8227589890615428,
      "corridor_score": 1.3832789362406344,
      "segment_id": 0
    },
    {
      "time": "2019-02-05 23:50:00+00:00",
      "CP": 0.6351453069515096,
      "SCE": 0.2698743627695855,
      "S_struct": 1.3097987513557505,
      "admissible": true,
      "snowfall_cm": 0.7000000000000001,
      "depth_est_cm": 6.392511750995298,
      "corridor_score": 1.725175035296943,
      "segment_id": 0
    },
    {
      "time": "2019-02-05 23:53:00+00:00",
      "CP": 0.6351453069515096,
      "SCE": 0.2698743627695855,
      "S_struct": 1.3097987513557505,
      "admissible": true,
      "snowfall_cm": 1.0,
      "depth_est_cm": 6.392511750995298,
      "corridor_score": 1.725175035296943,
      "segment_id": 0
    },
    {
      "time": "2019-02-06 00:00:00+00:00",
      "CP": 0.6351453069515096,
      "SCE": 0.2698743627695855,
      "S_struct": 1.3097987513557505,
      "admissible": true,
      "snowfall_cm": 5.0,
      "depth_est_cm": 6.392511750995298,
      "corridor_score": 1.725175035296943,
      "segment_id": 0
    },
    {
      "time": "2019-02-06 00:16:00+00:00",
      "CP": 0.6351453069515096,
      "SCE": 0.2698743627695855,
      "S_struct": 1.3097987513557505,
      "admissible": true,
      "snowfall_cm": 0.2,
      "depth_est_cm": 6.392511750995298,
      "corridor_score": 1.725175035296943,
      "segment_id": 0
    },
    {
      "time": "2019-02-06 00:26:00+00:00",
      "CP": 0.6351453069515096,
      "SCE": 0.32889841146438703,
      "S_struct": 1.1120063556425503,
      "admissible": true,
      "snowfall_cm": 0.2,
      "depth_est_cm": 6.392511750995298,
      "corridor_score": 2.102486960169781,
      "segment_id": 0
    },
    {
      "time": "2019-02-06 00:53:00+00:00",
      "CP": 0.6351453069515096,
      "SCE": 0.32889841146438703,
      "S_struct": 1.1120063556425503,
      "admissible": true,
      "snowfall_cm": 0.5,
      "depth_est_cm": 6.392511750995298,
      "corridor_score": 2.102486960169781,
      "segment_id": 0
    },
    {
      "time": "2019-02-06 01:12:00+00:00",
      "CP": 0.5844598918696977,
      "SCE": 0.3176227624622867,
      "S_struct": 1.1468908819560382,
      "admissible": true,
      "snowfall_cm": 0.2,
      "depth_est_cm": 5.98316663138068,
      "corridor_score": 1.9003899137313058,
      "segment_id": 0
    },
    {
      "time": "2019-02-06 01:42:00+00:00",
      "CP": 0.803632351320835,
      "SCE": 0.2551092634683662,
      "S_struct": 1.3660633414071752,
      "admissible": true,
      "snowfall_cm": 0.7000000000000001,
      "depth_est_cm": 7.667433858315143,
      "corridor_score": 1.9560334042871896,
      "segment_id": 0
    },
    {
      "time": "2019-02-06 01:49:00+00:00",
      "CP": 0.8831803588939651,
      "SCE": 0.2767760817247687,
      "S_struct": 1.284546468926048,
      "admissible": true,
      "snowfall_cm": 0.7000000000000001,
      "depth_est_cm": 8.228506361728185,
      "corridor_score": 2.277453749246459,
      "segment_id": 0
    },
    {
      "time": "2019-02-06 01:53:00+00:00",
      "CP": 0.993577903755711,
      "SCE": 0.24784691198861264,
      "S_struct": 1.3949440137877938,
      "admissible": true,
      "snowfall_cm": 0.8,
      "depth_est_cm": 8.969102557479248,
      "corridor_score": 2.2229643721803996,
      "segment_id": 0
    },
    {
      "time": "2019-02-06 02:05:00+00:00",
      "CP": 0.8239622394828033,
      "SCE": 0.2160281183876293,
      "S_struct": 1.5323467020498502,
      "admissible": true,
      "snowfall_cm": 0.2,
      "depth_est_cm": 7.813145462198865,
      "corridor_score": 1.6878591128876652,
      "segment_id": 0
    },
    {
      "time": "2019-02-06 02:28:00+00:00",
      "CP": 0.8239622394828033,
      "SCE": 0.2160281183876293,
      "S_struct": 1.5323467020498502,
      "admissible": true,
      "snowfall_cm": 0.2,
      "depth_est_cm": 7.813145462198865,
      "corridor_score": 1.6878591128876652,
      "segment_id": 0
    },
    {
      "time": "2019-02-06 02:53:00+00:00",
      "CP": 0.6713766395785806,
      "SCE": 0.22500009694999018,
      "S_struct": 1.4916544458889645,
      "admissible": true,
      "snowfall_cm": 0.3,
      "depth_est_cm": 6.677419085065337,
      "corridor_score": 1.5024199415154156,
      "segment_id": 0
    },
    {
      "time": "2019-02-06 06:00:00+00:00",
      "CP": 1.2207566805075745,
      "SCE": 0.07627977598018437,
      "S_struct": 2.5733474350635603,
      "admissible": false,
      "snowfall_cm": 2.0,
      "depth_est_cm": 10.37202380349855,
      "corridor_score": 0.7911756521920092,
      "segment_id": 0
    },
    {
      "time": "2019-02-07 01:29:00+00:00",
      "CP": 3.495107972240844,
      "SCE": 0.003400219968000599,
      "S_struct": 5.683915152981983,
      "admissible": false,
      "snowfall_cm": 0.2,
      "depth_est_cm": 19.5388659460262,
      "corridor_score": 0.0664364421417652,
      "segment_id": 0
    },
    {
      "time": "2019-02-07 01:53:00+00:00",
      "CP": 2.3054006589072737,
      "SCE": 0.001222149815356614,
      "S_struct": 6.7071438272558135,
      "admissible": false,
      "snowfall_cm": 0.8,
      "depth_est_cm": 15.542250022874153,
      "corridor_score": 0.018994957995681978,
      "segment_id": 0
    },
    {
      "time": "2019-02-07 02:00:00+00:00",
      "CP": 2.3054006589072737,
      "SCE": 0.001224501868547464,
      "S_struct": 6.7052211556055035,
      "admissible": false,
      "snowfall_cm": 0.2,
      "depth_est_cm": 15.542250022874153,
      "corridor_score": 0.019031514194441265,
      "segment_id": 0
    },
    {
      "time": "2019-02-07 02:17:00+00:00",
      "CP": 2.3361495960910865,
      "SCE": 0.0011893140248269614,
      "S_struct": 6.7343785877949625,
      "admissible": false,
      "snowfall_cm": 0.2,
      "depth_est_cm": 15.662625243772633,
      "corridor_score": 0.018627779868027595,
      "segment_id": 0
    },
    {
      "time": "2019-02-07 06:00:00+00:00",
      "CP": 1.0328742972999359,
      "SCE": 0.001456637173073176,
      "S_struct": 6.5316248060659134,
      "admissible": false,
      "snowfall_cm": 0.8,
      "depth_est_cm": 9.222859120777935,
      "corridor_score": 0.01343435943734213,
      "segment_id": 0
    },
    {
      "time": "2019-02-07 11:44:00+00:00",
      "CP": 0.32622693632911276,
      "SCE": 0.029738951722193034,
      "S_struct": 3.5152975866482548,
      "admissible": false,
      "snowfall_cm": 0.2,
      "depth_est_cm": 3.6703942685354187,
      "corridor_score": 0.10915367795338883,
      "segment_id": 0
    },
    {
      "time": "2019-02-07 11:53:00+00:00",
      "CP": 0.32622693632911276,
      "SCE": 0.029738951722193034,
      "S_struct": 3.5152975866482548,
      "admissible": false,
      "snowfall_cm": 0.3,
      "depth_est_cm": 3.6703942685354187,
      "corridor_score": 0.10915367795338883,
      "segment_id": 0
    },
    {
      "time": "2019-02-07 12:00:00+00:00",
      "CP": 0.32622693632911276,
      "SCE": 0.029738951722193034,
      "S_struct": 3.5152975866482548,
      "admissible": false,
      "snowfall_cm": 0.3,
      "depth_est_cm": 3.6703942685354187,
      "corridor_score": 0.10915367795338883,
      "segment_id": 0
    },
    {
      "time": "2019-02-07 12:31:00+00:00",
      "CP": 0.24210924565744266,
      "SCE": 0.027339703919420838,
      "S_struct": 3.599415277319925,
      "admissible": false,
      "snowfall_cm": 0.2,
      "depth_est_cm": 2.81854220842506,
      "corridor_score": 0.07705810946273169,
      "segment_id": 0
    },
    {
      "time": "2019-02-07 12:50:00+00:00",
      "CP": 0.24210924565744266,
      "SCE": 0.08984152770316194,
      "S_struct": 2.409707963986355,
      "admissible": true,
      "snowfall_cm": 0.5,
      "depth_est_cm": 2.81854220842506,
      "corridor_score": 0.25322213790075127,
      "segment_id": 0
    },
    {
      "time": "2019-02-07 12:53:00+00:00",
      "CP": 0.24210924565744266,
      "SCE": 0.08984152770316194,
      "S_struct": 2.409707963986355,
      "admissible": true,
      "snowfall_cm": 0.8,
      "depth_est_cm": 2.81854220842506,
      "corridor_score": 0.25322213790075127,
      "segment_id": 0
    },
    {
      "time": "2019-02-07 13:02:00+00:00",
      "CP": 0.24210924565744266,
      "SCE": 0.09264697034341415,
      "S_struct": 2.378959026802542,
      "admissible": true,
      "snowfall_cm": 0.2,
      "depth_est_cm": 2.81854220842506,
      "corridor_score": 0.2611293963956176,
      "segment_id": 0
    },
    {
      "time": "2019-02-07 13:30:00+00:00",
      "CP": 0.1699819584814346,
      "SCE": 0.08619989546824895,
      "S_struct": 2.4510863139785504,
      "admissible": true,
      "snowfall_cm": 0.7000000000000001,
      "depth_est_cm": 2.0408482716626657,
      "corridor_score": 0.17592090768387833,
      "segment_id": 0
    },
    {
      "time": "2019-02-07 13:53:00+00:00",
      "CP": 0.1699819584814346,
      "SCE": 0.09703417103679912,
      "S_struct": 2.3326920837844494,
      "admissible": true,
      "snowfall_cm": 1.5,
      "depth_est_cm": 2.0408482716626657,
      "corridor_score": 0.19803202025267097,
      "segment_id": 0
    },
    {
      "time": "2019-02-07 14:06:00+00:00",
      "CP": 0.09431210139132891,
      "SCE": 0.13123839325629588,
      "S_struct": 2.030739813753757,
      "admissible": true,
      "snowfall_cm": 0.5,
      "depth_est_cm": 1.1716373233428452,
      "corridor_score": 0.1537637997946222,
      "segment_id": 0
    },
    {
      "time": "2019-02-07 14:15:00+00:00",
      "CP": 0.3045716207136518,
      "SCE": 0.10894259083543187,
      "S_struct": 2.2169342250858666,
      "admissible": true,
      "snowfall_cm": 0.5,
      "depth_est_cm": 3.4563714496481825,
      "corridor_score": 0.37654606061429047,
      "segment_id": 0
    },
    {
      "time": "2019-02-07 14:24:00+00:00",
      "CP": 0.3045716207136518,
      "SCE": 0.17089212552824612,
      "S_struct": 1.7667227664098806,
      "admissible": true,
      "snowfall_cm": 0.7000000000000001,
      "depth_est_cm": 3.4563714496481825,
      "corridor_score": 0.5906666636455232,
      "segment_id": 0
    },
    {
      "time": "2019-02-07 14:30:00+00:00",
      "CP": 0.3045716207136518,
      "SCE": 0.17089212552824612,
      "S_struct": 1.7667227664098806,
      "admissible": true,
      "snowfall_cm": 0.7000000000000001,
      "depth_est_cm": 3.4563714496481825,
      "corridor_score": 0.5906666636455232,
      "segment_id": 0
    },
    {
      "time": "2019-02-07 14:38:00+00:00",
      "CP": 0.41878597848127114,
      "SCE": 0.16098854697258852,
      "S_struct": 1.8264220533442377,
      "admissible": true,
      "snowfall_cm": 0.7000000000000001,
      "depth_est_cm": 4.547420295703841,
      "corridor_score": 0.7320825858790202,
      "segment_id": 0
    },
    {
      "time": "2019-02-07 14:48:00+00:00",
      "CP": 0.4378217047758743,
      "SCE": 0.15795299667086363,
      "S_struct": 1.845457779638841,
      "admissible": true,
      "snowfall_cm": 1.0,
      "depth_est_cm": 4.720680422611163,
      "corridor_score": 0.7456456190769121,
      "segment_id": 0
    },
    {
      "time": "2019-02-07 14:53:00+00:00",
      "CP": 0.4378217047758743,
      "SCE": 0.27746185927571576,
      "S_struct": 1.2820717992934219,
      "admissible": true,
      "snowfall_cm": 0.8,
      "depth_est_cm": 4.720680422611163,
      "corridor_score": 1.309808767104165,
      "segment_id": 0
    },
    {
      "time": "2019-02-07 15:19:00+00:00",
      "CP": 0.7928536043653537,
      "SCE": 0.19454268129675364,
      "S_struct": 1.637103698882901,
      "admissible": true,
      "snowfall_cm": 0.2,
      "depth_est_cm": 7.5895110571770505,
      "corridor_score": 1.4764838307945827,
      "segment_id": 0
    },
    {
      "time": "2019-02-07 15:26:00+00:00",
      "CP": 0.7928536043653537,
      "SCE": 0.19454268129675364,
      "S_struct": 1.637103698882901,
      "admissible": true,
      "snowfall_cm": 0.2,
      "depth_est_cm": 7.5895110571770505,
      "corridor_score": 1.4764838307945827,
      "segment_id": 0
    },
    {
      "time": "2019-02-07 15:31:00+00:00",
      "CP": 0.9307411877332413,
      "SCE": 0.16948492702011858,
      "S_struct": 1.774991282250789,
      "admissible": true,
      "snowfall_cm": 0.2,
      "depth_est_cm": 8.552751535758754,
      "corridor_score": 1.4495624698592795,
      "segment_id": 0
    },
    {
      "time": "2019-02-07 15:53:00+00:00",
      "CP": 0.9307411877332413,
      "SCE": 0.3435770371520216,
      "S_struct": 1.0683439212798311,
      "admissible": true,
      "snowfall_cm": 0.5,
      "depth_est_cm": 8.552751535758754,
      "corridor_score": 2.938529032153395,
      "segment_id": 0
    },
    {
      "time": "2019-02-07 16:53:00+00:00",
      "CP": 1.0159942722859152,
      "SCE": 0.3154998710136878,
      "S_struct": 1.1535970058323701,
      "admissible": true,
      "snowfall_cm": 0.5,
      "depth_est_cm": 9.114462618001882,
      "corridor_score": 2.8756117803386734,
      "segment_id": 0
    },
    {
      "time": "2019-02-07 17:34:00+00:00",
      "CP": 1.0159942722859152,
      "SCE": 0.3154998710136878,
      "S_struct": 1.1535970058323701,
      "admissible": true,
      "snowfall_cm": 0.2,
      "depth_est_cm": 9.114462618001882,
      "corridor_score": 2.8756117803386734,
      "segment_id": 0
    },
    {
      "time": "2019-02-07 17:44:00+00:00",
      "CP": 1.2417707772383406,
      "SCE": 0.27382780471051965,
      "S_struct": 1.2952558201131255,
      "admissible": true,
      "snowfall_cm": 0.7000000000000001,
      "depth_est_cm": 10.494459028547407,
      "corridor_score": 2.8736746774116293,
      "segment_id": 0
    },
    {
      "time": "2019-02-07 17:53:00+00:00",
      "CP": 1.241770777237815,
      "SCE": 0.2738278047103757,
      "S_struct": 1.295255820113651,
      "admissible": true,
      "snowfall_cm": 1.5,
      "depth_est_cm": 10.494459028544359,
      "corridor_score": 2.873674677409284,
      "segment_id": 0
    },
    {
      "time": "2019-02-07 18:00:00+00:00",
      "CP": 1.2417707772374516,
      "SCE": 0.2738278047102762,
      "S_struct": 1.2952558201140145,
      "admissible": true,
      "snowfall_cm": 5.0,
      "depth_est_cm": 10.49445902854225,
      "corridor_score": 2.873674677407662,
      "segment_id": 0
    },
    {
      "time": "2019-02-07 18:01:00+00:00",
      "CP": 1.0536236897772315,
      "SCE": 0.22686437487326458,
      "S_struct": 1.4834029075742345,
      "admissible": true,
      "snowfall_cm": 0.2,
      "depth_est_cm": 9.354876521110667,
      "corridor_score": 2.1222882139783517,
      "segment_id": 0
    },
    {
      "time": "2019-02-07 18:17:00+00:00",
      "CP": 1.0536236897742357,
      "SCE": 0.24383204755207027,
      "S_struct": 1.4112756204012222,
      "admissible": true,
      "snowfall_cm": 0.7000000000000001,
      "depth_est_cm": 9.3548765210917,
      "corridor_score": 2.281018696734577,
      "segment_id": 0
    },
    {
      "time": "2019-02-07 18:22:00+00:00",
      "CP": 1.0536236897742357,
      "SCE": 0.24383204755207027,
      "S_struct": 1.4112756204012222,
      "admissible": true,
      "snowfall_cm": 0.7000000000000001,
      "depth_est_cm": 9.3548765210917,
      "corridor_score": 2.281018696734577,
      "segment_id": 0
    },
    {
      "time": "2019-02-07 18:30:00+00:00",
      "CP": 0.6397000973629287,
      "SCE": 0.17385574841153031,
      "S_struct": 1.7495293557224239,
      "admissible": true,
      "snowfall_cm": 1.2000000000000002,
      "depth_est_cm": 6.428673649478409,
      "corridor_score": 1.1176618686235527,
      "segment_id": 0
    },
    {
      "time": "2019-02-07 18:40:00+00:00",
      "CP": 0.6397000973629287,
      "SCE": 0.2145376918651082,
      "S_struct": 1.5392698364001007,
      "admissible": true,
      "snowfall_cm": 1.2000000000000002,
      "depth_est_cm": 6.428673649478409,
      "corridor_score": 1.3791928065131396,
      "segment_id": 0
    },
    {
      "time": "2019-02-07 18:53:00+00:00",
      "CP": 0.6397000973629287,
      "SCE": 0.2145376918651082,
      "S_struct": 1.5392698364001007,
      "admissible": true,
      "snowfall_cm": 1.3,
      "depth_est_cm": 6.428673649478409,
      "corridor_score": 1.3791928065131396,
      "segment_id": 0
    },
    {
      "time": "2019-02-07 19:20:00+00:00",
      "CP": 0.6397000973629287,
      "SCE": 0.15310849541523636,
      "S_struct": 1.8766084885357253,
      "admissible": true,
      "snowfall_cm": 0.5,
      "depth_est_cm": 6.428673649478409,
      "corridor_score": 0.9842845499872157,
      "segment_id": 0
    },
    {
      "time": "2019-02-07 19:35:00+00:00",
      "CP": 0.8278471848211403,
      "SCE": 0.12928708919981977,
      "S_struct": 2.0457198496993336,
      "admissible": true,
      "snowfall_cm": 0.7000000000000001,
      "depth_est_cm": 7.840805343963315,
      "corridor_score": 1.0137148999034087,
      "segment_id": 0
    },
    {
      "time": "2019-02-07 19:53:00+00:00",
      "CP": 1.0536236897723603,
      "SCE": 0.10315770402628066,
      "S_struct": 2.2714963546505538,
      "admissible": true,
      "snowfall_cm": 1.0,
      "depth_est_cm": 9.354876521079827,
      "corridor_score": 0.9650275833639549,
      "segment_id": 0
    },
    {
      "time": "2019-02-07 20:03:00+00:00",
      "CP": 1.0536236897723603,
      "SCE": 0.14712621501338097,
      "S_struct": 1.9164644550610745,
      "admissible": true,
      "snowfall_cm": 0.2,
      "depth_est_cm": 9.354876521079827,
      "corridor_score": 1.37634757446402,
      "segment_id": 0
    },
    {
      "time": "2019-02-07 20:09:00+00:00",
      "CP": 1.0536236897723603,
      "SCE": 0.14712621501338097,
      "S_struct": 1.9164644550610745,
      "admissible": true,
      "snowfall_cm": 0.2,
      "depth_est_cm": 9.354876521079827,
      "corridor_score": 1.37634757446402,
      "segment_id": 0
    },
    {
      "time": "2019-02-07 20:16:00+00:00",
      "CP": 1.0536236897723603,
      "SCE": 0.14712621501338097,
      "S_struct": 1.9164644550610745,
      "admissible": true,
      "snowfall_cm": 0.2,
      "depth_est_cm": 9.354876521079827,
      "corridor_score": 1.37634757446402,
      "segment_id": 0
    },
    {
      "time": "2019-02-07 20:37:00+00:00",
      "CP": 1.4340929216418241,
      "SCE": 0.10056674053841076,
      "S_struct": 2.2969336869305383,
      "admissible": true,
      "snowfall_cm": 0.2,
      "depth_est_cm": 11.56446421459424,
      "corridor_score": 1.1630004721348353,
      "segment_id": 0
    },
    {
      "time": "2019-02-07 20:49:00+00:00",
      "CP": 1.66815899389817,
      "SCE": 0.09134495947704754,
      "S_struct": 2.393112175818996,
      "admissible": true,
      "snowfall_cm": 0.2,
      "depth_est_cm": 12.758053349510899,
      "corridor_score": 1.1653838662170837,
      "segment_id": 0
    },
    {
      "time": "2019-02-07 20:53:00+00:00",
      "CP": 1.421024328135478,
      "SCE": 0.07134365680160704,
      "S_struct": 2.640246841581688,
      "admissible": false,
      "snowfall_cm": 0.3,
      "depth_est_cm": 11.494479447120568,
      "corridor_score": 0.8200581967884956,
      "segment_id": 0
    },
    {
      "time": "2019-02-07 21:29:00+00:00",
      "CP": 1.421024328135478,
      "SCE": 0.077692717099167,
      "S_struct": 2.554993757029014,
      "admissible": false,
      "snowfall_cm": 0.2,
      "depth_est_cm": 11.494479447120568,
      "corridor_score": 0.8930373398873278,
      "segment_id": 0
    },
    {
      "time": "2019-02-07 21:42:00+00:00",
      "CP": 1.7299426603388428,
      "SCE": 0.05704515742738502,
      "S_struct": 2.8639120892323793,
      "admissible": false,
      "snowfall_cm": 0.2,
      "depth_est_cm": 13.05564787068627,
      "corridor_score": 0.7447614880998024,
      "segment_id": 0
    },
    {
      "time": "2019-02-07 21:53:00+00:00",
      "CP": 1.7299426603388428,
      "SCE": 0.07149444073379195,
      "S_struct": 2.6381355842799543,
      "admissible": false,
      "snowfall_cm": 0.5,
      "depth_est_cm": 13.05564787068627,
      "corridor_score": 0.9334062429320367,
      "segment_id": 0
    },
    {
      "time": "2019-02-07 22:12:00+00:00",
      "CP": 1.7299426603388428,
      "SCE": 0.07149444073382955,
      "S_struct": 2.6381355842794285,
      "admissible": false,
      "snowfall_cm": 0.2,
      "depth_est_cm": 13.05564787068627,
      "corridor_score": 0.9334062429325275,
      "segment_id": 0
    },
    {
      "time": "2019-02-07 22:45:00+00:00",
      "CP": 1.7299426603388428,
      "SCE": 0.07149444073385551,
      "S_struct": 2.6381355842790652,
      "admissible": false,
      "snowfall_cm": 0.5,
      "depth_est_cm": 13.05564787068627,
      "corridor_score": 0.9334062429328664,
      "segment_id": 0
    },
    {
      "time": "2019-02-07 22:53:00+00:00",
      "CP": 1.7299426603388428,
      "SCE": 0.08629457915583787,
      "S_struct": 2.449988496818845,
      "admissible": true,
      "snowfall_cm": 0.3,
      "depth_est_cm": 13.05564787068627,
      "corridor_score": 1.1266316386076825,
      "segment_id": 0
    },
    {
      "time": "2019-02-07 23:53:00+00:00",
      "CP": 1.7299426603388428,
      "SCE": 0.0862945791560964,
      "S_struct": 2.449988496815849,
      "admissible": true,
      "snowfall_cm": 0.3,
      "depth_est_cm": 13.05564787068627,
      "corridor_score": 1.1266316386110578,
      "segment_id": 0
    },
    {
      "time": "2019-02-08 00:00:00+00:00",
      "CP": 1.275541934792727,
      "SCE": 0.054782240152578175,
      "S_struct": 2.904389222361965,
      "admissible": false,
      "snowfall_cm": 4.0,
      "depth_est_cm": 10.688837082694986,
      "corridor_score": 0.5855584400159799,
      "segment_id": 0
    },
    {
      "time": "2019-02-08 12:00:00+00:00",
      "CP": 6.530846699940508,
      "SCE": 1.8379177581489015e-06,
      "S_struct": 13.206877280326275,
      "admissible": false,
      "snowfall_cm": 9.1,
      "depth_est_cm": 26.247097227542053,
      "corridor_score": 4.824000609436034e-05,
      "segment_id": 0
    },
    {
      "time": "2019-02-10 12:12:00+00:00",
      "CP": 3.2445280292147007,
      "SCE": 2.9150909558047824e-07,
      "S_struct": 15.048194628965202,
      "admissible": false,
      "snowfall_cm": 0.2,
      "depth_est_cm": 18.793198200781283,
      "corridor_score": 5.478388210574423e-06,
      "segment_id": 0
    },
    {
      "time": "2019-02-10 12:27:00+00:00",
      "CP": 2.5501009808246167,
      "SCE": 3.5310406359112964e-06,
      "S_struct": 12.553917932754793,
      "admissible": false,
      "snowfall_cm": 0.2,
      "depth_est_cm": 16.470688629011157,
      "corridor_score": 5.8158670850480514e-05,
      "segment_id": 0
    },
    {
      "time": "2019-02-10 12:39:00+00:00",
      "CP": 3.2455830665040595,
      "SCE": 5.2428303715847265e-06,
      "S_struct": 12.158649058209345,
      "admissible": false,
      "snowfall_cm": 0.2,
      "depth_est_cm": 18.79642913255064,
      "corridor_score": 9.854648953347645e-05,
      "segment_id": 0
    },
    {
      "time": "2019-02-10 12:53:00+00:00",
      "CP": 3.457116810907559,
      "SCE": 5.679102496304347e-05,
      "S_struct": 9.776132255936279,
      "admissible": false,
      "snowfall_cm": 0.3,
      "depth_est_cm": 19.42852732647335,
      "corridor_score": 0.0011033659803929203,
      "segment_id": 0
    },
    {
      "time": "2019-02-10 13:35:00+00:00",
      "CP": 3.1645878275469403,
      "SCE": 4.238732244827394e-05,
      "S_struct": 10.068661239296897,
      "admissible": false,
      "snowfall_cm": 0.2,
      "depth_est_cm": 18.54602502673339,
      "corridor_score": 0.0007861163429419064,
      "segment_id": 0
    },
    {
      "time": "2019-02-10 13:53:00+00:00",
      "CP": 3.4810466103016355,
      "SCE": 3.088870354246693e-05,
      "S_struct": 10.385120022051591,
      "admissible": false,
      "snowfall_cm": 0.5,
      "depth_est_cm": 19.49813628767254,
      "corridor_score": 0.0006022721514205338,
      "segment_id": 0
    },
    {
      "time": "2019-02-10 14:31:00+00:00",
      "CP": 2.6469567389749242,
      "SCE": 1.3414023164769633e-05,
      "S_struct": 11.219209893378302,
      "admissible": false,
      "snowfall_cm": 0.7000000000000001,
      "depth_est_cm": 16.820609645721593,
      "corridor_score": 0.00022563204743325697,
      "segment_id": 0
    },
    {
      "time": "2019-02-10 14:53:00+00:00",
      "CP": 2.6469567389749242,
      "SCE": 1.3414023164769633e-05,
      "S_struct": 11.219209893378302,
      "admissible": false,
      "snowfall_cm": 1.3,
      "depth_est_cm": 16.820609645721593,
      "corridor_score": 0.00022563204743325697,
      "segment_id": 0
    },
    {
      "time": "2019-02-10 15:09:00+00:00",
      "CP": 2.152836529270034,
      "SCE": 8.183995304282054e-06,
      "S_struct": 11.713330103083191,
      "admissible": false,
      "snowfall_cm": 0.2,
      "depth_est_cm": 14.9279329306415,
      "corridor_score": 0.00012217013300700748,
      "segment_id": 0
    },
    {
      "time": "2019-02-10 15:32:00+00:00",
      "CP": 2.152836529270034,
      "SCE": 8.183995304282054e-06,
      "S_struct": 11.713330103083191,
      "admissible": false,
      "snowfall_cm": 0.5,
      "depth_est_cm": 14.9279329306415,
      "corridor_score": 0.00012217013300700748,
      "segment_id": 0
    },
    {
      "time": "2019-02-10 15:53:00+00:00",
      "CP": 2.2180739998539742,
      "SCE": 3.838365925734261e-05,
      "S_struct": 10.167878729111877,
      "admissible": false,
      "snowfall_cm": 1.0,
      "depth_est_cm": 15.194179570828577,
      "corridor_score": 0.0005832082113415602,
      "segment_id": 0
    },
    {
      "time": "2019-02-10 16:08:00+00:00",
      "CP": 1.8793983137478314,
      "SCE": 2.735655422478078e-05,
      "S_struct": 10.50655441521802,
      "admissible": false,
      "snowfall_cm": 0.2,
      "depth_est_cm": 13.748557595288304,
      "corridor_score": 0.00037611316136802617,
      "segment_id": 0
    },
    {
      "time": "2019-02-10 16:20:00+00:00",
      "CP": 1.7100516504807481,
      "SCE": 2.3094846086116417e-05,
      "S_struct": 10.675901078485103,
      "admissible": false,
      "snowfall_cm": 0.5,
      "depth_est_cm": 12.960580021063652,
      "corridor_score": 0.00029932260077326054,
      "segment_id": 0
    },
    {
      "time": "2019-02-10 16:53:00+00:00",
      "CP": 2.020970132386338,
      "SCE": 1.6923293686788783e-05,
      "S_struct": 10.986819560390689,
      "admissible": false,
      "snowfall_cm": 0.5,
      "depth_est_cm": 14.372514203984206,
      "corridor_score": 0.00024323027889156803,
      "segment_id": 0
    },
    {
      "time": "2019-02-10 17:19:00+00:00",
      "CP": 1.7100516504807481,
      "SCE": 1.2400942969759543e-05,
      "S_struct": 11.29773804229628,
      "admissible": false,
      "snowfall_cm": 0.2,
      "depth_est_cm": 12.960580021063652,
      "corridor_score": 0.0001607234136962153,
      "segment_id": 0
    },
    {
      "time": "2019-02-10 17:30:00+00:00",
      "CP": 0.9892590987304741,
      "SCE": 1.669060749008736e-05,
      "S_struct": 11.000664422505523,
      "admissible": false,
      "snowfall_cm": 0.7000000000000001,
      "depth_est_cm": 8.94090934379846,
      "corridor_score": 0.00014922920846179464,
      "segment_id": 0
    },
    {
      "time": "2019-02-10 17:53:00+00:00",
      "CP": 0.5178913565671371,
      "SCE": 0.0004751298698220441,
      "S_struct": 7.651922381147705,
      "admissible": false,
      "snowfall_cm": 1.0,
      "depth_est_cm": 5.4251873818779,
      "corridor_score": 0.002577668574511843,
      "segment_id": 0
    },
    {
      "time": "2019-02-10 18:00:00+00:00",
      "CP": 0.5178913565671371,
      "SCE": 0.0004751298698220441,
      "S_struct": 7.651922381147705,
      "admissible": false,
      "snowfall_cm": 5.0,
      "depth_est_cm": 5.4251873818779,
      "corridor_score": 0.002577668574511843,
      "segment_id": 0
    },
    {
      "time": "2019-02-10 18:18:00+00:00",
      "CP": 0.6618541339151224,
      "SCE": 0.002311495455332211,
      "S_struct": 6.069860580649884,
      "admissible": false,
      "snowfall_cm": 0.2,
      "depth_est_cm": 6.603141053439048,
      "corridor_score": 0.015263130535941907,
      "segment_id": 0
    },
    {
      "time": "2019-02-10 18:53:00+00:00",
      "CP": 1.0823546992833597,
      "SCE": 0.0030398895464519727,
      "S_struct": 5.795934097628037,
      "admissible": false,
      "snowfall_cm": 0.5,
      "depth_est_cm": 9.53549116483308,
      "corridor_score": 0.028986839912261222,
      "segment_id": 0
    },
    {
      "time": "2019-02-10 19:34:00+00:00",
      "CP": 1.0823546992833597,
      "SCE": 0.007529563043956541,
      "S_struct": 4.888918267545095,
      "admissible": false,
      "snowfall_cm": 0.2,
      "depth_est_cm": 9.53549116483308,
      "corridor_score": 0.07179808188070126,
      "segment_id": 0
    },
    {
      "time": "2019-02-10 19:53:00+00:00",
      "CP": 1.0823546992833597,
      "SCE": 0.007529563043956541,
      "S_struct": 4.888918267545095,
      "admissible": false,
      "snowfall_cm": 0.5,
      "depth_est_cm": 9.53549116483308,
      "corridor_score": 0.07179808188070126,
      "segment_id": 0
    },
    {
      "time": "2019-02-10 20:53:00+00:00",
      "CP": 1.1626534216621318,
      "SCE": 0.013511893059080146,
      "S_struct": 4.304185014022453,
      "admissible": false,
      "snowfall_cm": 0.5,
      "depth_est_cm": 10.02736674862876,
      "corridor_score": 0.135488707171648,
      "segment_id": 0
    },
    {
      "time": "2019-02-10 21:53:00+00:00",
      "CP": 1.1626534216621318,
      "SCE": 0.02214674370592047,
      "S_struct": 3.8100648043175633,
      "admissible": false,
      "snowfall_cm": 0.3,
      "depth_est_cm": 10.02736674862876,
      "corridor_score": 0.2220735214271502,
      "segment_id": 0
    },
    {
      "time": "2019-02-11 00:00:00+00:00",
      "CP": 0.7107118539234941,
      "SCE": 0.04656483724260203,
      "S_struct": 3.0669095882878548,
      "admissible": false,
      "snowfall_cm": 2.0,
      "depth_est_cm": 6.979824445549225,
      "corridor_score": 0.3250143892889346,
      "segment_id": 0
    },
    {
      "time": "2019-02-12 05:26:00+00:00",
      "CP": 2.067836846981912,
      "SCE": 0.03493894928414319,
      "S_struct": 3.3541530467334586,
      "admissible": false,
      "snowfall_cm": 0.2,
      "depth_est_cm": 14.57264514083464,
      "corridor_score": 0.5091529095114372,
      "segment_id": 0
    },
    {
      "time": "2019-02-12 05:36:00+00:00",
      "CP": 2.067836846981912,
      "SCE": 0.03808883760355772,
      "S_struct": 3.267834016059992,
      "admissible": false,
      "snowfall_cm": 0.5,
      "depth_est_cm": 14.57264514083464,
      "corridor_score": 0.555055114223525,
      "segment_id": 0
    },
    {
      "time": "2019-02-12 05:43:00+00:00",
      "CP": 2.067836846981912,
      "SCE": 0.041714674396032714,
      "S_struct": 3.176902308099465,
      "admissible": false,
      "snowfall_cm": 0.5,
      "depth_est_cm": 14.57264514083464,
      "corridor_score": 0.6078931471388452,
      "segment_id": 0
    },
    {
      "time": "2019-02-12 05:53:00+00:00",
      "CP": 1.2554723713818747,
      "SCE": 0.023054116321664594,
      "S_struct": 3.7699109431985995,
      "admissible": false,
      "snowfall_cm": 0.8,
      "depth_est_cm": 10.573672568530986,
      "corridor_score": 0.24376667734210739,
      "segment_id": 0
    },
    {
      "time": "2019-02-12 06:00:00+00:00",
      "CP": 0.8123644756000368,
      "SCE": 0.022863248341883684,
      "S_struct": 3.778224533515061,
      "admissible": false,
      "snowfall_cm": 0.8,
      "depth_est_cm": 7.730220327288977,
      "corridor_score": 0.17673794708028526,
      "segment_id": 0
    },
    {
      "time": "2019-02-12 06:22:00+00:00",
      "CP": 0.3686955919774762,
      "SCE": 0.0837740154773758,
      "S_struct": 2.479632397413783,
      "admissible": true,
      "snowfall_cm": 0.2,
      "depth_est_cm": 4.080156127309255,
      "corridor_score": 0.34181106255931526,
      "segment_id": 0
    },
    {
      "time": "2019-02-12 06:40:00+00:00",
      "CP": 0.3686955919774762,
      "SCE": 0.0837740154773758,
      "S_struct": 2.479632397413783,
      "admissible": true,
      "snowfall_cm": 0.5,
      "depth_est_cm": 4.080156127309255,
      "corridor_score": 0.34181106255931526,
      "segment_id": 0
    },
    {
      "time": "2019-02-12 06:53:00+00:00",
      "CP": 0.3686955919774762,
      "SCE": 0.11224696077889387,
      "S_struct": 2.1870538281927447,
      "admissible": true,
      "snowfall_cm": 0.5,
      "depth_est_cm": 4.080156127309255,
      "corridor_score": 0.4579851247938455,
      "segment_id": 0
    },
    {
      "time": "2019-02-12 07:53:00+00:00",
      "CP": 0.0,
      "SCE": 0.07763402975323973,
      "S_struct": 2.555749420170221,
      "admissible": false,
      "snowfall_cm": 0.5,
      "depth_est_cm": 0.0,
      "corridor_score": 0.0,
      "segment_id": 0
    },
    {
      "time": "2019-02-12 08:39:00+00:00",
      "CP": 0.0,
      "SCE": 0.11028855317664374,
      "S_struct": 2.2046551371049765,
      "admissible": false,
      "snowfall_cm": 0.5,
      "depth_est_cm": 0.0,
      "corridor_score": 0.0,
      "segment_id": 0
    },
    {
      "time": "2019-02-12 08:53:00+00:00",
      "CP": 0.0,
      "SCE": 0.11028855317664374,
      "S_struct": 2.2046551371049765,
      "admissible": false,
      "snowfall_cm": 0.8,
      "depth_est_cm": 0.0,
      "corridor_score": 0.0,
      "segment_id": 0
    }
  ]
}