{
  "rows": 12560,
  "start": "2019-01-01 00:24:00+00:00",
  "end": "2019-12-31 23:52:00+00:00",
  "segments": 1,
  "params": {
    "tct_window_hours": 24,
    "stress_window_hours": 24,
    "cp_threshold": 0.08,
    "s_max": 2.5,
    "k_depth": 13.0,
    "gap_hours": 6.0
  },
  "top_CP": [
    {
      "time": "2019-04-21 01:52:00+00:00",
      "CP": 47.566648571355955,
      "SCE": 9.825415691316046e-20,
      "S_struct": 43.766729393471905,
      "admissible": false,
      "snowfall_cm": 0.0,
      "depth_est_cm": 50.478181675297186,
      "corridor_score": 4.95969118301567e-18,
      "segment_id": 0
    },
    {
      "time": "2019-04-20 22:52:00+00:00",
      "CP": 47.566648571355955,
      "SCE": 9.825415691316046e-20,
      "S_struct": 43.766729393471905,
      "admissible": false,
      "snowfall_cm": 0.0,
      "depth_est_cm": 50.478181675297186,
      "corridor_score": 4.95969118301567e-18,
      "segment_id": 0
    },
    {
      "time": "2019-04-20 20:52:00+00:00",
      "CP": 47.566648571355955,
      "SCE": 9.825415691316046e-20,
      "S_struct": 43.766729393471905,
      "admissible": false,
      "snowfall_cm": 0.0,
      "depth_est_cm": 50.478181675297186,
      "corridor_score": 4.95969118301567e-18,
      "segment_id": 0
    },
    {
      "time": "2019-04-21 05:59:00+00:00",
      "CP": 47.566648571355955,
      "SCE": 5.93751706936829e-12,
      "S_struct": 25.849730071730946,
      "admissible": false,
      "snowfall_cm": 0.0,
      "depth_est_cm": 50.478181675297186,
      "corridor_score": 2.997150653277507e-10,
      "segment_id": 0
    },
    {
      "time": "2019-04-21 05:52:00+00:00",
      "CP": 47.566648571355955,
      "SCE": 1.5180864537685297e-12,
      "S_struct": 27.21357048616015,
      "admissible": false,
      "snowfall_cm": 0.0,
      "depth_est_cm": 50.478181675297186,
      "corridor_score": 7.663024381213548e-11,
      "segment_id": 0
    },
    {
      "time": "2019-04-21 04:52:00+00:00",
      "CP": 47.566648571355955,
      "SCE": 7.871701050695113e-13,
      "S_struct": 27.870332026177408,
      "admissible": false,
      "snowfall_cm": 0.0,
      "depth_est_cm": 50.478181675297186,
      "corridor_score": 3.9734915573061566e-11,
      "segment_id": 0
    },
    {
      "time": "2019-04-21 03:52:00+00:00",
      "CP": 47.566648571355955,
      "SCE": 3.691326298956271e-15,
      "S_struct": 33.2327905708265,
      "admissible": false,
      "snowfall_cm": 0.0,
      "depth_est_cm": 50.478181675297186,
      "corridor_score": 1.8633143954151701e-13,
      "segment_id": 0
    },
    {
      "time": "2019-04-21 02:52:00+00:00",
      "CP": 47.566648571355955,
      "SCE": 9.825415691316046e-20,
      "S_struct": 43.766729393471905,
      "admissible": false,
      "snowfall_cm": 0.0,
      "depth_est_cm": 50.478181675297186,
      "corridor_score": 4.95969118301567e-18,
      "segment_id": 0
    },
    {
      "time": "2019-04-20 21:52:00+00:00",
      "CP": 47.566648571355955,
      "SCE": 9.825415691316046e-20,
      "S_struct": 43.766729393471905,
      "admissible": false,
      "snowfall_cm": 0.0,
      "depth_est_cm": 50.478181675297186,
      "corridor_score": 4.95969118301567e-18,
      "segment_id": 0
    },
    {
      "time": "2019-04-21 00:52:00+00:00",
      "CP": 47.566648571355955,
      "SCE": 9.825415691316046e-20,
      "S_struct": 43.766729393471905,
      "admissible": false,
      "snowfall_cm": 0.0,
      "depth_est_cm": 50.478181675297186,
      "corridor_score": 4.95969118301567e-18,
      "segment_id": 0
    },
    {
      "time": "2019-04-21 00:00:00+00:00",
      "CP": 47.566648571355955,
      "SCE": 9.825415691316046e-20,
      "S_struct": 43.766729393471905,
      "admissible": false,
      "snowfall_cm": 0.0,
      "depth_est_cm": 50.478181675297186,
      "corridor_score": 4.95969118301567e-18,
      "segment_id": 0
    },
    {
      "time": "2019-04-20 23:52:00+00:00",
      "CP": 47.566648571355955,
      "SCE": 9.825415691316046e-20,
      "S_struct": 43.766729393471905,
      "admissible": false,
      "snowfall_cm": 0.0,
      "depth_est_cm": 50.478181675297186,
      "corridor_score": 4.95969118301567e-18,
      "segment_id": 0
    }
  ],
  "top_depth_any": [
    {
      "time": "2019-04-21 01:52:00+00:00",
      "CP": 47.566648571355955,
      "SCE": 9.825415691316046e-20,
      "S_struct": 43.766729393471905,
      "admissible": false,
      "snowfall_cm": 0.0,
      "depth_est_cm": 50.478181675297186,
      "corridor_score": 4.95969118301567e-18,
      "segment_id": 0
    },
    {
      "time": "2019-04-20 22:52:00+00:00",
      "CP": 47.566648571355955,
      "SCE": 9.825415691316046e-20,
      "S_struct": 43.766729393471905,
      "admissible": false,
      "snowfall_cm": 0.0,
      "depth_est_cm": 50.478181675297186,
      "corridor_score": 4.95969118301567e-18,
      "segment_id": 0
    },
    {
      "time": "2019-04-20 20:52:00+00:00",
      "CP": 47.566648571355955,
      "SCE": 9.825415691316046e-20,
      "S_struct": 43.766729393471905,
      "admissible": false,
      "snowfall_cm": 0.0,
      "depth_est_cm": 50.478181675297186,
      "corridor_score": 4.95969118301567e-18,
      "segment_id": 0
    },
    {
      "time": "2019-04-21 05:59:00+00:00",
      "CP": 47.566648571355955,
      "SCE": 5.93751706936829e-12,
      "S_struct": 25.849730071730946,
      "admissible": false,
      "snowfall_cm": 0.0,
      "depth_est_cm": 50.478181675297186,
      "corridor_score": 2.997150653277507e-10,
      "segment_id": 0
    },
    {
      "time": "2019-04-21 05:52:00+00:00",
      "CP": 47.566648571355955,
      "SCE": 1.5180864537685297e-12,
      "S_struct": 27.21357048616015,
      "admissible": false,
      "snowfall_cm": 0.0,
      "depth_est_cm": 50.478181675297186,
      "corridor_score": 7.663024381213548e-11,
      "segment_id": 0
    },
    {
      "time": "2019-04-21 04:52:00+00:00",
      "CP": 47.566648571355955,
      "SCE": 7.871701050695113e-13,
      "S_struct": 27.870332026177408,
      "admissible": false,
      "snowfall_cm": 0.0,
      "depth_est_cm": 50.478181675297186,
      "corridor_score": 3.9734915573061566e-11,
      "segment_id": 0
    },
    {
      "time": "2019-04-21 03:52:00+00:00",
      "CP": 47.566648571355955,
      "SCE": 3.691326298956271e-15,
      "S_struct": 33.2327905708265,
      "admissible": false,
      "snowfall_cm": 0.0,
      "depth_est_cm": 50.478181675297186,
      "corridor_score": 1.8633143954151701e-13,
      "segment_id": 0
    },
    {
      "time": "2019-04-21 02:52:00+00:00",
      "CP": 47.566648571355955,
      "SCE": 9.825415691316046e-20,
      "S_struct": 43.766729393471905,
      "admissible": false,
      "snowfall_cm": 0.0,
      "depth_est_cm": 50.478181675297186,
      "corridor_score": 4.95969118301567e-18,
      "segment_id": 0
    },
    {
      "time": "2019-04-20 21:52:00+00:00",
      "CP": 47.566648571355955,
      "SCE": 9.825415691316046e-20,
      "S_struct": 43.766729393471905,
      "admissible": false,
      "snowfall_cm": 0.0,
      "depth_est_cm": 50.478181675297186,
      "corridor_score": 4.95969118301567e-18,
      "segment_id": 0
    },
    {
      "time": "2019-04-21 00:52:00+00:00",
      "CP": 47.566648571355955,
      "SCE": 9.825415691316046e-20,
      "S_struct": 43.766729393471905,
      "admissible": false,
      "snowfall_cm": 0.0,
      "depth_est_cm": 50.478181675297186,
      "corridor_score": 4.95969118301567e-18,
      "segment_id": 0
    },
    {
      "time": "2019-04-21 00:00:00+00:00",
      "CP": 47.566648571355955,
      "SCE": 9.825415691316046e-20,
      "S_struct": 43.766729393471905,
      "admissible": false,
      "snowfall_cm": 0.0,
      "depth_est_cm": 50.478181675297186,
      "corridor_score": 4.95969118301567e-18,
      "segment_id": 0
    },
    {
      "time": "2019-04-20 23:52:00+00:00",
      "CP": 47.566648571355955,
      "SCE": 9.825415691316046e-20,
      "S_struct": 43.766729393471905,
      "admissible": false,
      "snowfall_cm": 0.0,
      "depth_est_cm": 50.478181675297186,
      "corridor_score": 4.95969118301567e-18,
      "segment_id": 0
    }
  ],
  "top_depth_admissible": [
    {
      "time": "2019-12-25 14:52:00+00:00",
      "CP": 12.368679829320437,
      "SCE": 0.1258219479383925,
      "S_struct": 2.0728874830145205,
      "admissible": true,
      "snowfall_cm": 0.0,
      "depth_est_cm": 33.70789038468952,
      "corridor_score": 4.241192429095445,
      "segment_id": 0
    },
    {
      "time": "2019-12-25 15:52:00+00:00",
      "CP": 11.587649923367126,
      "SCE": 0.22363299672768625,
      "S_struct": 1.4977489782501348,
      "admissible": true,
      "snowfall_cm": 0.0,
      "depth_est_cm": 32.92531019010545,
      "corridor_score": 7.363185786001907,
      "segment_id": 0
    },
    {
      "time": "2019-08-01 13:52:00+00:00",
      "CP": 4.407929607233265,
      "SCE": 0.17427946658592516,
      "S_struct": 1.74709513841049,
      "admissible": true,
      "snowfall_cm": 0.0,
      "depth_est_cm": 21.942262189145758,
      "corridor_score": 3.8240857500128373,
      "segment_id": 0
    },
    {
      "time": "2019-08-01 14:52:00+00:00",
      "CP": 3.9510345305241223,
      "SCE": 0.1375778828699513,
      "S_struct": 1.9835651013588906,
      "admissible": true,
      "snowfall_cm": 0.0,
      "depth_est_cm": 20.794755160522758,
      "corridor_score": 2.8608983897837152,
      "segment_id": 0
    },
    {
      "time": "2019-01-01 13:52:00+00:00",
      "CP": 3.150598584901377,
      "SCE": 0.09721672810849133,
      "S_struct": 2.3308124824416314,
      "admissible": true,
      "snowfall_cm": 0.0,
      "depth_est_cm": 18.502283295171484,
      "corridor_score": 1.7987314444929672,
      "segment_id": 0
    },
    {
      "time": "2019-01-01 12:52:00+00:00",
      "CP": 3.150598584901377,
      "SCE": 0.09721672810849133,
      "S_struct": 2.3308124824416314,
      "admissible": true,
      "snowfall_cm": 0.0,
      "depth_est_cm": 18.502283295171484,
      "corridor_score": 1.7987314444929672,
      "segment_id": 0
    },
    {
      "time": "2019-01-01 12:50:00+00:00",
      "CP": 2.9479978526346335,
      "SCE": 0.11904999474684475,
      "S_struct": 2.128211750174888,
      "admissible": true,
      "snowfall_cm": 0.0,
      "depth_est_cm": 17.85171150956553,
      "corridor_score": 2.1252461614359643,
      "segment_id": 0
    },
    {
      "time": "2019-01-16 13:52:00+00:00",
      "CP": 2.807254499552887,
      "SCE": 0.09799864854171654,
      "S_struct": 2.322801590797301,
      "admissible": true,
      "snowfall_cm": 0.0,
      "depth_est_cm": 17.379808232631095,
      "corridor_score": 1.7031977187120464,
      "segment_id": 0
    },
    {
      "time": "2019-01-16 12:17:00+00:00",
      "CP": 2.7012505850522235,
      "SCE": 0.09517169598903515,
      "S_struct": 2.3520726924300535,
      "admissible": true,
      "snowfall_cm": 0.0,
      "depth_est_cm": 17.01271986053214,
      "corridor_score": 1.6191294025131853,
      "segment_id": 0
    },
    {
      "time": "2019-01-16 12:52:00+00:00",
      "CP": 2.7012505850522235,
      "SCE": 0.09517169598903515,
      "S_struct": 2.3520726924300535,
      "admissible": true,
      "snowfall_cm": 0.0,
      "depth_est_cm": 17.01271986053214,
      "corridor_score": 1.6191294025131853,
      "segment_id": 0
    },
    {
      "time": "2019-05-22 13:28:00+00:00",
      "CP": 2.6948159915561263,
      "SCE": 0.09700563348450938,
      "S_struct": 2.3329862250052766,
      "admissible": true,
      "snowfall_cm": 0.0,
      "depth_est_cm": 16.990099800074937,
      "corridor_score": 1.6481353940713055,
      "segment_id": 0
    },
    {
      "time": "2019-08-26 14:32:00+00:00",
      "CP": 2.6059974001013138,
      "SCE": 0.08581739166287754,
      "S_struct": 2.455533592995559,
      "admissible": true,
      "snowfall_cm": 0.0,
      "depth_est_cm": 16.673779249249723,
      "corridor_score": 1.4309002443332237,
      "segment_id": 0
    }
  ],
  "top_depth_admissible_snow": [
    {
      "time": "2019-02-24 03:52:00+00:00",
      "CP": 1.9180631980197829,
      "SCE": 0.1612077957177349,
      "S_struct": 1.8250610895470878,
      "admissible": true,
      "snowfall_cm": 0.3,
      "depth_est_cm": 13.921961402150927,
      "corridor_score": 2.2443287097081366,
      "segment_id": 0
    },
    {
      "time": "2019-02-18 02:52:00+00:00",
      "CP": 1.7460786032853874,
      "SCE": 0.1751536986629116,
      "S_struct": 1.742091412445352,
      "admissible": true,
      "snowfall_cm": 0.3,
      "depth_est_cm": 13.132261110602697,
      "corridor_score": 2.3001641053291775,
      "segment_id": 0
    },
    {
      "time": "2019-02-24 03:40:00+00:00",
      "CP": 1.6405762147714664,
      "SCE": 0.2109047496385895,
      "S_struct": 1.5563486709421335,
      "admissible": true,
      "snowfall_cm": 0.2,
      "depth_est_cm": 12.622963034672827,
      "corridor_score": 2.6622428585248423,
      "segment_id": 0
    },
    {
      "time": "2019-02-24 03:34:00+00:00",
      "CP": 1.6405762147714664,
      "SCE": 0.2109047496385895,
      "S_struct": 1.5563486709421335,
      "admissible": true,
      "snowfall_cm": 0.2,
      "depth_est_cm": 12.622963034672827,
      "corridor_score": 2.6622428585248423,
      "segment_id": 0
    },
    {
      "time": "2019-02-20 08:35:00+00:00",
      "CP": 1.617350935223408,
      "SCE": 0.17956984180646535,
      "S_struct": 1.7171910558861985,
      "admissible": true,
      "snowfall_cm": 0.5,
      "depth_est_cm": 12.50811526701172,
      "corridor_score": 2.2460802797943287,
      "segment_id": 0
    },
    {
      "time": "2019-02-20 08:19:00+00:00",
      "CP": 1.617350935223408,
      "SCE": 0.14815834476020046,
      "S_struct": 1.9094736801215637,
      "admissible": true,
      "snowfall_cm": 0.5,
      "depth_est_cm": 12.50811526701172,
      "corridor_score": 1.853181654030249,
      "segment_id": 0
    },
    {
      "time": "2019-02-20 08:03:00+00:00",
      "CP": 1.617350935223408,
      "SCE": 0.1471906994063576,
      "S_struct": 1.916026258064238,
      "admissible": true,
      "snowfall_cm": 0.2,
      "depth_est_cm": 12.50811526701172,
      "corridor_score": 1.8410782344067942,
      "segment_id": 0
    },
    {
      "time": "2019-02-18 06:00:00+00:00",
      "CP": 1.5818610263807853,
      "SCE": 0.18793044537008707,
      "S_struct": 1.6716833560442117,
      "admissible": true,
      "snowfall_cm": 0.3,
      "depth_est_cm": 12.330636070428664,
      "corridor_score": 2.3173019284121192,
      "segment_id": 0
    },
    {
      "time": "2019-02-24 02:52:00+00:00",
      "CP": 1.5790926842817472,
      "SCE": 0.3508363990677282,
      "S_struct": 1.0474352636965605,
      "admissible": true,
      "snowfall_cm": 0.3,
      "depth_est_cm": 12.316689636200913,
      "corridor_score": 4.3211430403995355,
      "segment_id": 0
    },
    {
      "time": "2019-02-24 02:43:00+00:00",
      "CP": 1.4537092037427362,
      "SCE": 0.3977022047001829,
      "S_struct": 0.9220517831575494,
      "admissible": true,
      "snowfall_cm": 0.2,
      "depth_est_cm": 11.668810925002814,
      "corridor_score": 4.6407118311032,
      "segment_id": 0
    },
    {
      "time": "2019-02-24 02:31:00+00:00",
      "CP": 1.284673249819162,
      "SCE": 0.4709441218645272,
      "S_struct": 0.7530158292339753,
      "admissible": true,
      "snowfall_cm": 0.2,
      "depth_est_cm": 10.740899210990484,
      "corridor_score": 5.058363346955307,
      "segment_id": 0
    },
    {
      "time": "2019-02-24 02:38:00+00:00",
      "CP": 1.284673249819162,
      "SCE": 0.4709441218645272,
      "S_struct": 0.7530158292339753,
      "admissible": true,
      "snowfall_cm": 0.2,
      "depth_est_cm": 10.740899210990484,
      "corridor_score": 5.058363346955307,
      "segment_id": 0
    }
  ],
  "top_corridor_any": [
    {
      "time": "2019-01-21 14:52:00+00:00",
      "CP": 0.8541777336019613,
      "SCE": 0.9890106425530624,
      "S_struct": 0.011050186494105496,
      "admissible": true,
      "snowfall_cm": 0.0,
      "depth_est_cm": 8.026737257378324,
      "corridor_score": 7.9385285725243415,
      "segment_id": 0
    },
    {
      "time": "2019-01-21 13:52:00+00:00",
      "CP": 0.8541777336019613,
      "SCE": 0.9890106425530624,
      "S_struct": 0.011050186494105496,
      "admissible": true,
      "snowfall_cm": 0.0,
      "depth_est_cm": 8.026737257378324,
      "corridor_score": 7.9385285725243415,
      "segment_id": 0
    },
    {
      "time": "2019-01-21 13:21:00+00:00",
      "CP": 0.8541777336019613,
      "SCE": 0.9795741584209484,
      "S_struct": 0.020637333977526207,
      "admissible": true,
      "snowfall_cm": 0.0,
      "depth_est_cm": 8.026737257378324,
      "corridor_score": 7.8627843937624435,
      "segment_id": 0
    },
    {
      "time": "2019-01-21 12:00:00+00:00",
      "CP": 0.8541777336019613,
      "SCE": 0.9795741584209484,
      "S_struct": 0.020637333977526207,
      "admissible": true,
      "snowfall_cm": 0.8,
      "depth_est_cm": 8.026737257378324,
      "corridor_score": 7.8627843937624435,
      "segment_id": 0
    },
    {
      "time": "2019-01-21 12:52:00+00:00",
      "CP": 0.8541777336019613,
      "SCE": 0.9795741584209484,
      "S_struct": 0.020637333977526207,
      "admissible": true,
      "snowfall_cm": 0.0,
      "depth_est_cm": 8.026737257378324,
      "corridor_score": 7.8627843937624435,
      "segment_id": 0
    },
    {
      "time": "2019-12-25 15:52:00+00:00",
      "CP": 11.587649923367126,
      "SCE": 0.22363299672768625,
      "S_struct": 1.4977489782501348,
      "admissible": true,
      "snowfall_cm": 0.0,
      "depth_est_cm": 32.92531019010545,
      "corridor_score": 7.363185786001907,
      "segment_id": 0
    },
    {
      "time": "2019-12-17 09:03:00+00:00",
      "CP": 1.0946065440662285,
      "SCE": 0.713457752192988,
      "S_struct": 0.3376320558814355,
      "admissible": true,
      "snowfall_cm": 0.0,
      "depth_est_cm": 9.611754471901945,
      "corridor_score": 6.857580740154062,
      "segment_id": 0
    },
    {
      "time": "2019-12-17 08:52:00+00:00",
      "CP": 1.0946065440662285,
      "SCE": 0.6787877561321263,
      "S_struct": 0.3874467833037092,
      "admissible": true,
      "snowfall_cm": 0.0,
      "depth_est_cm": 9.611754471901945,
      "corridor_score": 6.524341250475251,
      "segment_id": 0
    },
    {
      "time": "2019-12-17 07:52:00+00:00",
      "CP": 1.0946065440662285,
      "SCE": 0.6787877561321263,
      "S_struct": 0.3874467833037092,
      "admissible": true,
      "snowfall_cm": 0.0,
      "depth_est_cm": 9.611754471901945,
      "corridor_score": 6.524341250475251,
      "segment_id": 0
    },
    {
      "time": "2019-01-21 11:52:00+00:00",
      "CP": 0.8541777336019613,
      "SCE": 0.7803860593383627,
      "S_struct": 0.24796653387509937,
      "admissible": true,
      "snowfall_cm": 0.0,
      "depth_est_cm": 8.026737257378324,
      "corridor_score": 6.263953857629887,
      "segment_id": 0
    },
    {
      "time": "2019-01-21 10:52:00+00:00",
      "CP": 0.8431275471078558,
      "SCE": 0.652882994457643,
      "S_struct": 0.42635734729563823,
      "admissible": true,
      "snowfall_cm": 0.0,
      "depth_est_cm": 7.949030472982735,
      "corridor_score": 5.189786818236022,
      "segment_id": 0
    },
    {
      "time": "2019-01-21 11:20:00+00:00",
      "CP": 0.8541777336019613,
      "SCE": 0.6457082298605209,
      "S_struct": 0.43740753378974373,
      "admissible": true,
      "snowfall_cm": 0.0,
      "depth_est_cm": 8.026737257378324,
      "corridor_score": 5.18293030601725,
      "segment_id": 0
    }
  ],
  "top_corridor_admissible": [
    {
      "time": "2019-01-21 13:52:00+00:00",
      "CP": 0.8541777336019613,
      "SCE": 0.9890106425530624,
      "S_struct": 0.011050186494105496,
      "admissible": true,
      "snowfall_cm": 0.0,
      "depth_est_cm": 8.026737257378324,
      "corridor_score": 7.9385285725243415,
      "segment_id": 0
    },
    {
      "time": "2019-01-21 14:52:00+00:00",
      "CP": 0.8541777336019613,
      "SCE": 0.9890106425530624,
      "S_struct": 0.011050186494105496,
      "admissible": true,
      "snowfall_cm": 0.0,
      "depth_est_cm": 8.026737257378324,
      "corridor_score": 7.9385285725243415,
      "segment_id": 0
    },
    {
      "time": "2019-01-21 12:00:00+00:00",
      "CP": 0.8541777336019613,
      "SCE": 0.9795741584209484,
      "S_struct": 0.020637333977526207,
      "admissible": true,
      "snowfall_cm": 0.8,
      "depth_est_cm": 8.026737257378324,
      "corridor_score": 7.8627843937624435,
      "segment_id": 0
    },
    {
      "time": "2019-01-21 12:52:00+00:00",
      "CP": 0.8541777336019613,
      "SCE": 0.9795741584209484,
      "S_struct": 0.020637333977526207,
      "admissible": true,
      "snowfall_cm": 0.0,
      "depth_est_cm": 8.026737257378324,
      "corridor_score": 7.8627843937624435,
      "segment_id": 0
    },
    {
      "time": "2019-01-21 13:21:00+00:00",
      "CP": 0.8541777336019613,
      "SCE": 0.9795741584209484,
      "S_struct": 0.020637333977526207,
      "admissible": true,
      "snowfall_cm": 0.0,
      "depth_est_cm": 8.026737257378324,
      "corridor_score": 7.8627843937624435,
      "segment_id": 0
    },
    {
      "time": "2019-12-25 15:52:00+00:00",
      "CP": 11.587649923367126,
      "SCE": 0.22363299672768625,
      "S_struct": 1.4977489782501348,
      "admissible": true,
      "snowfall_cm": 0.0,
      "depth_est_cm": 32.92531019010545,
      "corridor_score": 7.363185786001907,
      "segment_id": 0
    },
    {
      "time": "2019-12-17 09:03:00+00:00",
      "CP": 1.0946065440662285,
      "SCE": 0.713457752192988,
      "S_struct": 0.3376320558814355,
      "admissible": true,
      "snowfall_cm": 0.0,
      "depth_est_cm": 9.611754471901945,
      "corridor_score": 6.857580740154062,
      "segment_id": 0
    },
    {
      "time": "2019-12-17 08:52:00+00:00",
      "CP": 1.0946065440662285,
      "SCE": 0.6787877561321263,
      "S_struct": 0.3874467833037092,
      "admissible": true,
      "snowfall_cm": 0.0,
      "depth_est_cm": 9.611754471901945,
      "corridor_score": 6.524341250475251,
      "segment_id": 0
    },
    {
      "time": "2019-12-17 07:52:00+00:00",
      "CP": 1.0946065440662285,
      "SCE": 0.6787877561321263,
      "S_struct": 0.3874467833037092,
      "admissible": true,
      "snowfall_cm": 0.0,
      "depth_est_cm": 9.611754471901945,
      "corridor_score": 6.524341250475251,
      "segment_id": 0
    },
    {
      "time": "2019-01-21 11:52:00+00:00",
      "CP": 0.8541777336019613,
      "SCE": 0.7803860593383627,
      "S_struct": 0.24796653387509937,
      "admissible": true,
      "snowfall_cm": 0.0,
      "depth_est_cm": 8.026737257378324,
      "corridor_score": 6.263953857629887,
      "segment_id": 0
    },
    {
      "time": "2019-01-21 10:52:00+00:00",
      "CP": 0.8431275471078558,
      "SCE": 0.652882994457643,
      "S_struct": 0.42635734729563823,
      "admissible": true,
      "snowfall_cm": 0.0,
      "depth_est_cm": 7.949030472982735,
      "corridor_score": 5.189786818236022,
      "segment_id": 0
    },
    {
      "time": "2019-01-21 11:20:00+00:00",
      "CP": 0.8541777336019613,
      "SCE": 0.6457082298605209,
      "S_struct": 0.43740753378974373,
      "admissible": true,
      "snowfall_cm": 0.0,
      "depth_est_cm": 8.026737257378324,
      "corridor_score": 5.18293030601725,
      "segment_id": 0
    }
  ],
  "top_corridor_admissible_snow": [
    {
      "time": "2019-01-21 12:00:00+00:00",
      "CP": 0.8541777336019613,
      "SCE": 0.9795741584209484,
      "S_struct": 0.020637333977526207,
      "admissible": true,
      "snowfall_cm": 0.8,
      "depth_est_cm": 8.026737257378324,
      "corridor_score": 7.8627843937624435,
      "segment_id": 0
    },
    {
      "time": "2019-02-24 01:52:00+00:00",
      "CP": 1.2336543124744257,
      "SCE": 0.4955946660533723,
      "S_struct": 0.701996891889239,
      "admissible": true,
      "snowfall_cm": 0.8,
      "depth_est_cm": 10.447306342268472,
      "corridor_score": 5.177629297853822,
      "segment_id": 0
    },
    {
      "time": "2019-02-24 02:38:00+00:00",
      "CP": 1.284673249819162,
      "SCE": 0.4709441218645272,
      "S_struct": 0.7530158292339753,
      "admissible": true,
      "snowfall_cm": 0.2,
      "depth_est_cm": 10.740899210990484,
      "corridor_score": 5.058363346955307,
      "segment_id": 0
    },
    {
      "time": "2019-02-24 02:31:00+00:00",
      "CP": 1.284673249819162,
      "SCE": 0.4709441218645272,
      "S_struct": 0.7530158292339753,
      "admissible": true,
      "snowfall_cm": 0.2,
      "depth_est_cm": 10.740899210990484,
      "corridor_score": 5.058363346955307,
      "segment_id": 0
    },
    {
      "time": "2019-02-24 01:01:00+00:00",
      "CP": 1.0713313766225279,
      "SCE": 0.5231048797759456,
      "S_struct": 0.6479733000772119,
      "admissible": true,
      "snowfall_cm": 0.2,
      "depth_est_cm": 9.466490509318147,
      "corridor_score": 4.951967379776999,
      "segment_id": 0
    },
    {
      "time": "2019-02-24 02:43:00+00:00",
      "CP": 1.4537092037427362,
      "SCE": 0.3977022047001829,
      "S_struct": 0.9220517831575494,
      "admissible": true,
      "snowfall_cm": 0.2,
      "depth_est_cm": 11.668810925002814,
      "corridor_score": 4.6407118311032,
      "segment_id": 0
    },
    {
      "time": "2019-02-24 02:52:00+00:00",
      "CP": 1.5790926842817472,
      "SCE": 0.3508363990677282,
      "S_struct": 1.0474352636965605,
      "admissible": true,
      "snowfall_cm": 0.3,
      "depth_est_cm": 12.316689636200913,
      "corridor_score": 4.3211430403995355,
      "segment_id": 0
    },
    {
      "time": "2019-02-24 00:52:00+00:00",
      "CP": 1.0713313766225279,
      "SCE": 0.3976334829426615,
      "S_struct": 0.9222245951129544,
      "admissible": true,
      "snowfall_cm": 1.7999999999999998,
      "depth_est_cm": 9.466490509318147,
      "corridor_score": 3.7641935924638243,
      "segment_id": 0
    },
    {
      "time": "2019-02-23 22:29:00+00:00",
      "CP": 0.7193689162523093,
      "SCE": 0.4708333896593428,
      "S_struct": 0.7532509849991953,
      "admissible": true,
      "snowfall_cm": 0.2,
      "depth_est_cm": 7.045445086447223,
      "corridor_score": 3.317230791710707,
      "segment_id": 0
    },
    {
      "time": "2019-02-23 22:52:00+00:00",
      "CP": 0.9155604388665752,
      "SCE": 0.38695668874093125,
      "S_struct": 0.9494425076134612,
      "admissible": true,
      "snowfall_cm": 0.8,
      "depth_est_cm": 8.450133083448861,
      "corridor_score": 3.2698355173915665,
      "segment_id": 0
    },
    {
      "time": "2019-02-24 00:00:00+00:00",
      "CP": 1.0713313766225279,
      "SCE": 0.3373024166889963,
      "S_struct": 1.0867753721343998,
      "admissible": true,
      "snowfall_cm": 6.0,
      "depth_est_cm": 9.466490509318147,
      "corridor_score": 3.1930701263564583,
      "segment_id": 0
    },
    {
      "time": "2019-02-24 00:22:00+00:00",
      "CP": 1.0713313766225279,
      "SCE": 0.3373024166889963,
      "S_struct": 1.0867753721343998,
      "admissible": true,
      "snowfall_cm": 0.2,
      "depth_est_cm": 9.466490509318147,
      "corridor_score": 3.1930701263564583,
      "segment_id": 0
    }
  ],
  "observed_snow_events_first200": [
    {
      "time": "2019-01-12 05:52:00+00:00",
      "CP": 6.060543968543517,
      "SCE": 0.0002141636484132747,
      "S_struct": 8.448770122974263,
      "admissible": false,
      "snowfall_cm": 0.8,
      "depth_est_cm": 25.40878727277502,
      "corridor_score": 0.005441638584094278,
      "segment_id": 0
    },
    {
      "time": "2019-01-12 06:00:00+00:00",
      "CP": 4.545407976407638,
      "SCE": 4.7068521434074606e-05,
      "S_struct": 9.963906115110142,
      "admissible": false,
      "snowfall_cm": 2.0,
      "depth_est_cm": 22.268612517355056,
      "corridor_score": 0.0010481506655802286,
      "segment_id": 0
    },
    {
      "time": "2019-01-12 06:17:00+00:00",
      "CP": 4.545407976407638,
      "SCE": 4.7068521434074606e-05,
      "S_struct": 9.963906115110142,
      "admissible": false,
      "snowfall_cm": 0.2,
      "depth_est_cm": 22.268612517355056,
      "corridor_score": 0.0010481506655802286,
      "segment_id": 0
    },
    {
      "time": "2019-01-12 06:52:00+00:00",
      "CP": 4.545407976407638,
      "SCE": 4.7068521434074606e-05,
      "S_struct": 9.963906115110142,
      "admissible": false,
      "snowfall_cm": 0.5,
      "depth_est_cm": 22.268612517355056,
      "corridor_score": 0.0010481506655802286,
      "segment_id": 0
    },
    {
      "time": "2019-01-12 07:47:00+00:00",
      "CP": 4.638583665461574,
      "SCE": 0.0003828705152463851,
      "S_struct": 7.8678137062423,
      "admissible": false,
      "snowfall_cm": 0.2,
      "depth_est_cm": 22.48522784076608,
      "corridor_score": 0.008608930768826472,
      "segment_id": 0
    },
    {
      "time": "2019-01-12 07:52:00+00:00",
      "CP": 4.638583665461574,
      "SCE": 0.003115899023843084,
      "S_struct": 5.771237557197336,
      "admissible": false,
      "snowfall_cm": 0.3,
      "depth_est_cm": 22.48522784076608,
      "corridor_score": 0.07006169947993236,
      "segment_id": 0
    },
    {
      "time": "2019-01-12 08:52:00+00:00",
      "CP": 4.638583665461574,
      "SCE": 0.004717921832550094,
      "S_struct": 5.356386866054613,
      "admissible": false,
      "snowfall_cm": 0.8,
      "depth_est_cm": 22.48522784076608,
      "corridor_score": 0.1060835473398135,
      "segment_id": 0
    },
    {
      "time": "2019-01-12 09:23:00+00:00",
      "CP": 4.265103670105696,
      "SCE": 0.0044490548456422654,
      "S_struct": 5.415063599600532,
      "admissible": false,
      "snowfall_cm": 0.5,
      "depth_est_cm": 21.594310865666724,
      "corridor_score": 0.09607427339519996,
      "segment_id": 0
    },
    {
      "time": "2019-01-12 09:32:00+00:00",
      "CP": 4.265103670105696,
      "SCE": 0.0044490548456422654,
      "S_struct": 5.415063599600532,
      "admissible": false,
      "snowfall_cm": 0.5,
      "depth_est_cm": 21.594310865666724,
      "corridor_score": 0.09607427339519996,
      "segment_id": 0
    },
    {
      "time": "2019-01-12 09:52:00+00:00",
      "CP": 3.074935442602848,
      "SCE": 0.0013532694127592268,
      "S_struct": 6.605231827103379,
      "admissible": false,
      "snowfall_cm": 1.0,
      "depth_est_cm": 18.263113755396716,
      "corridor_score": 0.02471491322692067,
      "segment_id": 0
    },
    {
      "time": "2019-01-12 10:15:00+00:00",
      "CP": 3.074935442602848,
      "SCE": 0.0013532694127592268,
      "S_struct": 6.605231827103379,
      "admissible": false,
      "snowfall_cm": 0.2,
      "depth_est_cm": 18.263113755396716,
      "corridor_score": 0.02471491322692067,
      "segment_id": 0
    },
    {
      "time": "2019-01-12 10:25:00+00:00",
      "CP": 3.074935442602848,
      "SCE": 0.0013532694127592268,
      "S_struct": 6.605231827103379,
      "admissible": false,
      "snowfall_cm": 0.2,
      "depth_est_cm": 18.263113755396716,
      "corridor_score": 0.02471491322692067,
      "segment_id": 0
    },
    {
      "time": "2019-01-12 10:52:00+00:00",
      "CP": 2.736436034489565,
      "SCE": 0.0009646634873469386,
      "S_struct": 6.943731235216664,
      "admissible": false,
      "snowfall_cm": 0.3,
      "depth_est_cm": 17.13571892686513,
      "corridor_score": 0.016530202378186656,
      "segment_id": 0
    },
    {
      "time": "2019-01-12 11:52:00+00:00",
      "CP": 0.8071450513687773,
      "SCE": 0.00014011847848687187,
      "S_struct": 8.87302221833745,
      "admissible": false,
      "snowfall_cm": 0.3,
      "depth_est_cm": 7.692727644077323,
      "corridor_score": 0.0010778932929020129,
      "segment_id": 0
    },
    {
      "time": "2019-01-12 12:00:00+00:00",
      "CP": 0.5471014160970586,
      "SCE": 0.00018115338554058273,
      "S_struct": 8.616166451641975,
      "admissible": false,
      "snowfall_cm": 3.0,
      "depth_est_cm": 5.672980638858174,
      "corridor_score": 0.0010276796488353362,
      "segment_id": 0
    },
    {
      "time": "2019-01-12 12:52:00+00:00",
      "CP": 0.5471014160970586,
      "SCE": 0.00046055940866316134,
      "S_struct": 7.683068701549339,
      "admissible": false,
      "snowfall_cm": 0.8,
      "depth_est_cm": 5.672980638858174,
      "corridor_score": 0.002612744608390084,
      "segment_id": 0
    },
    {
      "time": "2019-01-12 13:13:00+00:00",
      "CP": 0.3291015540428908,
      "SCE": 0.0007096175941718746,
      "S_struct": 7.2507843327837875,
      "admissible": false,
      "snowfall_cm": 0.5,
      "depth_est_cm": 3.6985414789568165,
      "corridor_score": 0.002624550106242223,
      "segment_id": 0
    },
    {
      "time": "2019-01-12 13:52:00+00:00",
      "CP": 0.3291015540428908,
      "SCE": 0.0014524747260761014,
      "S_struct": 6.534486469681435,
      "admissible": false,
      "snowfall_cm": 1.3,
      "depth_est_cm": 3.6985414789568165,
      "corridor_score": 0.005372038021528901,
      "segment_id": 0
    },
    {
      "time": "2019-01-12 14:52:00+00:00",
      "CP": 0.27425129503574236,
      "SCE": 0.00202595061011826,
      "S_struct": 6.201716251479319,
      "admissible": false,
      "snowfall_cm": 0.8,
      "depth_est_cm": 3.1506642251452677,
      "corridor_score": 0.00638309010921083,
      "segment_id": 0
    },
    {
      "time": "2019-01-12 15:38:00+00:00",
      "CP": 0.27425129503574236,
      "SCE": 0.0020456389615703917,
      "S_struct": 6.192045087644241,
      "admissible": false,
      "snowfall_cm": 0.7000000000000001,
      "depth_est_cm": 3.1506642251452677,
      "corridor_score": 0.006445121493783148,
      "segment_id": 0
    },
    {
      "time": "2019-01-12 15:52:00+00:00",
      "CP": 0.27425129503574236,
      "SCE": 0.004073116248806531,
      "S_struct": 5.50334690940066,
      "admissible": false,
      "snowfall_cm": 0.5,
      "depth_est_cm": 3.1506642251452677,
      "corridor_score": 0.012833021649972628,
      "segment_id": 0
    },
    {
      "time": "2019-01-12 16:36:00+00:00",
      "CP": 0.27425129503574236,
      "SCE": 0.009307738802882824,
      "S_struct": 4.676909095508362,
      "admissible": false,
      "snowfall_cm": 0.7000000000000001,
      "depth_est_cm": 3.1506642251452677,
      "corridor_score": 0.029325559663239353,
      "segment_id": 0
    },
    {
      "time": "2019-01-12 16:52:00+00:00",
      "CP": 0.27425129503574236,
      "SCE": 0.009307738802882824,
      "S_struct": 4.676909095508362,
      "admissible": false,
      "snowfall_cm": 1.0,
      "depth_est_cm": 3.1506642251452677,
      "corridor_score": 0.029325559663239353,
      "segment_id": 0
    },
    {
      "time": "2019-01-12 17:43:00+00:00",
      "CP": 0.2719112957157617,
      "SCE": 0.01019280290008335,
      "S_struct": 4.586073405774407,
      "admissible": false,
      "snowfall_cm": 0.2,
      "depth_est_cm": 3.1267694433786595,
      "corridor_score": 0.031870544650362,
      "segment_id": 0
    },
    {
      "time": "2019-01-12 17:52:00+00:00",
      "CP": 0.3246458717037963,
      "SCE": 0.009669216643317118,
      "S_struct": 4.638807981762441,
      "admissible": false,
      "snowfall_cm": 0.3,
      "depth_est_cm": 3.654887042006826,
      "corridor_score": 0.03533989461601647,
      "segment_id": 0
    },
    {
      "time": "2019-01-12 18:00:00+00:00",
      "CP": 0.3246458717037963,
      "SCE": 0.009669216643317118,
      "S_struct": 4.638807981762441,
      "admissible": false,
      "snowfall_cm": 5.0,
      "depth_est_cm": 3.654887042006826,
      "corridor_score": 0.03533989461601647,
      "segment_id": 0
    },
    {
      "time": "2019-01-12 18:52:00+00:00",
      "CP": 0.3246458717037963,
      "SCE": 0.014047259067372328,
      "S_struct": 4.265327986406563,
      "admissible": false,
      "snowfall_cm": 0.5,
      "depth_est_cm": 3.654887042006826,
      "corridor_score": 0.051341145141052015,
      "segment_id": 0
    },
    {
      "time": "2019-01-12 19:52:00+00:00",
      "CP": 0.3246458717037963,
      "SCE": 0.014047259067372328,
      "S_struct": 4.265327986406563,
      "admissible": false,
      "snowfall_cm": 0.3,
      "depth_est_cm": 3.654887042006826,
      "corridor_score": 0.051341145141052015,
      "segment_id": 0
    },
    {
      "time": "2019-01-12 20:52:00+00:00",
      "CP": 0.3246458717037963,
      "SCE": 0.04618224976670227,
      "S_struct": 3.0751597589037147,
      "admissible": false,
      "snowfall_cm": 0.3,
      "depth_est_cm": 3.654887042006826,
      "corridor_score": 0.1687909062430429,
      "segment_id": 0
    },
    {
      "time": "2019-01-12 22:28:00+00:00",
      "CP": 0.3246458717037963,
      "SCE": 0.06478634968715073,
      "S_struct": 2.7366603507904315,
      "admissible": false,
      "snowfall_cm": 0.2,
      "depth_est_cm": 3.654887042006826,
      "corridor_score": 0.23678678997049019,
      "segment_id": 0
    },
    {
      "time": "2019-01-12 22:52:00+00:00",
      "CP": 0.3246458717037963,
      "SCE": 0.4460298648442765,
      "S_struct": 0.8073693676696443,
      "admissible": true,
      "snowfall_cm": 0.3,
      "depth_est_cm": 3.654887042006826,
      "corridor_score": 1.630188773367402,
      "segment_id": 0
    },
    {
      "time": "2019-01-13 00:00:00+00:00",
      "CP": 0.3274878280722451,
      "SCE": 0.7173669194197376,
      "S_struct": 0.3321678267122065,
      "admissible": true,
      "snowfall_cm": 1.0,
      "depth_est_cm": 3.682747965409046,
      "corridor_score": 2.6418815629447936,
      "segment_id": 0
    },
    {
      "time": "2019-01-13 12:00:00+00:00",
      "CP": 0.7010087510306331,
      "SCE": 0.33934555730670507,
      "S_struct": 1.0807363476914431,
      "admissible": true,
      "snowfall_cm": 5.800000000000001,
      "depth_est_cm": 6.9058789545110475,
      "corridor_score": 2.343479342511197,
      "segment_id": 0
    },
    {
      "time": "2019-01-17 05:52:00+00:00",
      "CP": 1.9209362396148402,
      "SCE": 3.1289668814232056e-05,
      "S_struct": 10.372222584736045,
      "admissible": false,
      "snowfall_cm": 0.3,
      "depth_est_cm": 13.934754533627943,
      "corridor_score": 0.00043601385436483703,
      "segment_id": 0
    },
    {
      "time": "2019-01-17 06:52:00+00:00",
      "CP": 2.2549628714373897,
      "SCE": 0.0011019668282606578,
      "S_struct": 6.810658670101333,
      "admissible": false,
      "snowfall_cm": 0.3,
      "depth_est_cm": 15.342351296623242,
      "corridor_score": 0.016906762196400704,
      "segment_id": 0
    },
    {
      "time": "2019-01-17 12:00:00+00:00",
      "CP": 0.6331894099656633,
      "SCE": 0.0028264259072281537,
      "S_struct": 5.868742295803637,
      "admissible": false,
      "snowfall_cm": 0.3,
      "depth_est_cm": 6.376952350839782,
      "corridor_score": 0.01802398333357304,
      "segment_id": 0
    },
    {
      "time": "2019-01-20 16:36:00+00:00",
      "CP": 0.4250105550294699,
      "SCE": 0.014062812954607356,
      "S_struct": 4.264221344715271,
      "admissible": false,
      "snowfall_cm": 0.2,
      "depth_est_cm": 4.604329869508282,
      "corridor_score": 0.06474982973620666,
      "segment_id": 0
    },
    {
      "time": "2019-01-20 16:52:00+00:00",
      "CP": 0.5606260358620293,
      "SCE": 0.012279343414737747,
      "S_struct": 4.39983682554783,
      "admissible": false,
      "snowfall_cm": 0.5,
      "depth_est_cm": 5.786131595398401,
      "corridor_score": 0.07104989690276137,
      "segment_id": 0
    },
    {
      "time": "2019-01-20 17:22:00+00:00",
      "CP": 0.4470331168089441,
      "SCE": 0.019611225091775368,
      "S_struct": 3.931653167916692,
      "admissible": false,
      "snowfall_cm": 0.2,
      "depth_est_cm": 4.80369934092721,
      "corridor_score": 0.0942064290481365,
      "segment_id": 0
    },
    {
      "time": "2019-01-20 17:37:00+00:00",
      "CP": 0.4167701998122182,
      "SCE": 0.01902662271755651,
      "S_struct": 3.961916084913418,
      "admissible": false,
      "snowfall_cm": 0.2,
      "depth_est_cm": 4.528937059636986,
      "corridor_score": 0.08617037674527267,
      "segment_id": 0
    },
    {
      "time": "2019-01-20 17:52:00+00:00",
      "CP": 0.1894409999146444,
      "SCE": 0.015453740241683974,
      "S_struct": 4.169904218096287,
      "admissible": false,
      "snowfall_cm": 0.3,
      "depth_est_cm": 2.2552848342233136,
      "corridor_score": 0.034852585999096394,
      "segment_id": 0
    },
    {
      "time": "2019-01-20 18:00:00+00:00",
      "CP": 0.1894409999146444,
      "SCE": 0.015706328626045128,
      "S_struct": 4.153691550649398,
      "admissible": false,
      "snowfall_cm": 0.8,
      "depth_est_cm": 2.2552848342233136,
      "corridor_score": 0.03542224475164707,
      "segment_id": 0
    },
    {
      "time": "2019-01-21 12:00:00+00:00",
      "CP": 0.8541777336019613,
      "SCE": 0.9795741584209484,
      "S_struct": 0.020637333977526207,
      "admissible": true,
      "snowfall_cm": 0.8,
      "depth_est_cm": 8.026737257378324,
      "corridor_score": 7.8627843937624435,
      "segment_id": 0
    },
    {
      "time": "2019-01-22 19:52:00+00:00",
      "CP": 0.5592262788614791,
      "SCE": 0.005379564228562978,
      "S_struct": 5.2251479064973605,
      "admissible": false,
      "snowfall_cm": 0.3,
      "depth_est_cm": 5.774466400772188,
      "corridor_score": 0.031064112888632874,
      "segment_id": 0
    },
    {
      "time": "2019-01-22 20:22:00+00:00",
      "CP": 0.3844680667172669,
      "SCE": 0.005960787661651412,
      "S_struct": 5.122552648641774,
      "admissible": false,
      "snowfall_cm": 0.2,
      "depth_est_cm": 4.229107980687105,
      "corridor_score": 0.025208814671071212,
      "segment_id": 0
    },
    {
      "time": "2019-01-22 20:52:00+00:00",
      "CP": 0.3844680667172669,
      "SCE": 0.01830554332511474,
      "S_struct": 4.000551351063231,
      "admissible": false,
      "snowfall_cm": 0.5,
      "depth_est_cm": 4.229107980687105,
      "corridor_score": 0.07741611936705631,
      "segment_id": 0
    },
    {
      "time": "2019-01-22 21:52:00+00:00",
      "CP": 0.5941779212903214,
      "SCE": 0.018664291347127226,
      "S_struct": 3.981143134273013,
      "admissible": false,
      "snowfall_cm": 1.5,
      "depth_est_cm": 6.062656515736165,
      "corridor_score": 0.113155187547259,
      "segment_id": 0
    },
    {
      "time": "2019-01-22 22:52:00+00:00",
      "CP": 0.48862824405542815,
      "SCE": 0.021911632178315637,
      "S_struct": 3.8207376334749736,
      "admissible": false,
      "snowfall_cm": 1.3,
      "depth_est_cm": 5.172115706330175,
      "corridor_score": 0.11332949694079596,
      "segment_id": 0
    },
    {
      "time": "2019-01-22 23:52:00+00:00",
      "CP": 0.48862824405542815,
      "SCE": 0.03540760743453107,
      "S_struct": 3.3408285826494124,
      "admissible": false,
      "snowfall_cm": 2.5,
      "depth_est_cm": 5.172115706330175,
      "corridor_score": 0.18313224253571123,
      "segment_id": 0
    },
    {
      "time": "2019-01-23 00:00:00+00:00",
      "CP": 0.4598854061698147,
      "SCE": 0.03440437919464773,
      "S_struct": 3.369571420535026,
      "admissible": false,
      "snowfall_cm": 6.0,
      "depth_est_cm": 4.91865326829557,
      "corridor_score": 0.16922321216943415,
      "segment_id": 0
    },
    {
      "time": "2019-01-23 00:52:00+00:00",
      "CP": 0.9322126597710029,
      "SCE": 0.021452830717438073,
      "S_struct": 3.841898674136214,
      "admissible": false,
      "snowfall_cm": 0.5,
      "depth_est_cm": 8.562655427014647,
      "corridor_score": 0.18369319736749765,
      "segment_id": 0
    },
    {
      "time": "2019-01-23 01:52:00+00:00",
      "CP": 1.4205145291748618,
      "SCE": 0.013164907088258626,
      "S_struct": 4.330200543540073,
      "admissible": false,
      "snowfall_cm": 0.3,
      "depth_est_cm": 11.491741728098653,
      "corridor_score": 0.15128771213268338,
      "segment_id": 0
    },
    {
      "time": "2019-01-23 03:52:00+00:00",
      "CP": 1.8975227751553714,
      "SCE": 0.052901259917287585,
      "S_struct": 2.9393281234395445,
      "admissible": false,
      "snowfall_cm": 1.5,
      "depth_est_cm": 13.830130034224814,
      "corridor_score": 0.7316313036304123,
      "segment_id": 0
    },
    {
      "time": "2019-01-23 06:00:00+00:00",
      "CP": 1.8975227751553714,
      "SCE": 0.0608804418124287,
      "S_struct": 2.798843308352071,
      "admissible": false,
      "snowfall_cm": 2.0,
      "depth_est_cm": 13.830130034224814,
      "corridor_score": 0.8419844268069463,
      "segment_id": 0
    },
    {
      "time": "2019-01-26 08:15:00+00:00",
      "CP": 14.551878193861164,
      "SCE": 1.7851498267818022e-11,
      "S_struct": 24.74893367465294,
      "admissible": false,
      "snowfall_cm": 0.2,
      "depth_est_cm": 35.67435840153326,
      "corridor_score": 6.368407472104903e-10,
      "segment_id": 0
    },
    {
      "time": "2019-01-26 08:33:00+00:00",
      "CP": 12.801276305877865,
      "SCE": 3.100258680375984e-12,
      "S_struct": 26.499535562636236,
      "admissible": false,
      "snowfall_cm": 0.2,
      "depth_est_cm": 34.12189395965711,
      "corridor_score": 1.0578669793929581e-10,
      "segment_id": 0
    },
    {
      "time": "2019-01-26 08:45:00+00:00",
      "CP": 12.263481292359755,
      "SCE": 3.5527256914364195e-12,
      "S_struct": 26.36330600664454,
      "admissible": false,
      "snowfall_cm": 0.2,
      "depth_est_cm": 33.60518838562375,
      "corridor_score": 1.1939001614316627e-10,
      "segment_id": 0
    },
    {
      "time": "2019-01-26 08:52:00+00:00",
      "CP": 12.263481292359755,
      "SCE": 1.1116258070739388e-11,
      "S_struct": 25.222612388166343,
      "admissible": false,
      "snowfall_cm": 0.3,
      "depth_est_cm": 33.60518838562375,
      "corridor_score": 3.7356394661040753e-10,
      "segment_id": 0
    },
    {
      "time": "2019-01-26 09:19:00+00:00",
      "CP": 12.263481292359755,
      "SCE": 9.73045355346848e-11,
      "S_struct": 23.05317551390022,
      "admissible": false,
      "snowfall_cm": 0.2,
      "depth_est_cm": 33.60518838562375,
      "corridor_score": 3.2699372474187026e-09,
      "segment_id": 0
    },
    {
      "time": "2019-01-26 09:52:00+00:00",
      "CP": 12.263481292359755,
      "SCE": 8.333410394876675e-10,
      "S_struct": 20.90557814639792,
      "admissible": false,
      "snowfall_cm": 0.5,
      "depth_est_cm": 33.60518838562375,
      "corridor_score": 2.8004582621454584e-08,
      "segment_id": 0
    },
    {
      "time": "2019-01-26 10:50:00+00:00",
      "CP": 14.287316866832654,
      "SCE": 2.2478482347804347e-08,
      "S_struct": 17.610707325418574,
      "admissible": false,
      "snowfall_cm": 0.5,
      "depth_est_cm": 35.45130578166434,
      "corridor_score": 7.96891551219756e-07,
      "segment_id": 0
    },
    {
      "time": "2019-01-26 10:52:00+00:00",
      "CP": 13.421418874903404,
      "SCE": 1.193609286484554e-08,
      "S_struct": 18.243699013283575,
      "admissible": false,
      "snowfall_cm": 0.5,
      "depth_est_cm": 34.693288803342696,
      "corridor_score": 4.141023169436044e-07,
      "segment_id": 0
    },
    {
      "time": "2019-01-26 12:00:00+00:00",
      "CP": 5.796160094923845,
      "SCE": 1.350360067517287e-10,
      "S_struct": 22.725479656373217,
      "admissible": false,
      "snowfall_cm": 1.0,
      "depth_est_cm": 24.91265088988735,
      "corridor_score": 3.364104893770288e-09,
      "segment_id": 0
    },
    {
      "time": "2019-02-06 11:52:00+00:00",
      "CP": 0.743466107917096,
      "SCE": 0.059918845452522844,
      "S_struct": 2.814764208107624,
      "admissible": false,
      "snowfall_cm": 0.3,
      "depth_est_cm": 7.226376921890272,
      "corridor_score": 0.4329961619644209,
      "segment_id": 0
    },
    {
      "time": "2019-02-06 18:52:00+00:00",
      "CP": 0.8212078764487872,
      "SCE": 0.08675084224174848,
      "S_struct": 2.4447151513636998,
      "admissible": true,
      "snowfall_cm": 0.3,
      "depth_est_cm": 7.793499341376976,
      "corridor_score": 0.6760926318749647,
      "segment_id": 0
    },
    {
      "time": "2019-02-07 00:52:00+00:00",
      "CP": 0.7871224957363331,
      "SCE": 0.10460277017035557,
      "S_struct": 2.257585244237793,
      "admissible": true,
      "snowfall_cm": 0.3,
      "depth_est_cm": 7.547888167112378,
      "corridor_score": 0.7895300112160024,
      "segment_id": 0
    },
    {
      "time": "2019-02-07 06:52:00+00:00",
      "CP": 0.8835070988723301,
      "SCE": 0.10917313071573789,
      "S_struct": 2.214820301664693,
      "admissible": true,
      "snowfall_cm": 0.3,
      "depth_est_cm": 8.230761722586777,
      "corridor_score": 0.8985780254300583,
      "segment_id": 0
    },
    {
      "time": "2019-02-07 12:00:00+00:00",
      "CP": 1.8382210371901555,
      "SCE": 0.043595570911676707,
      "S_struct": 3.1327997183817837,
      "admissible": false,
      "snowfall_cm": 0.3,
      "depth_est_cm": 13.56130698715,
      "corridor_score": 0.5912129204133145,
      "segment_id": 0
    },
    {
      "time": "2019-02-07 14:52:00+00:00",
      "CP": 1.5107720740064223,
      "SCE": 0.009575515814691123,
      "S_struct": 4.648545874380399,
      "admissible": false,
      "snowfall_cm": 0.3,
      "depth_est_cm": 11.967673965656527,
      "corridor_score": 0.1145966513232113,
      "segment_id": 0
    },
    {
      "time": "2019-02-07 18:00:00+00:00",
      "CP": 0.9031573654827795,
      "SCE": 0.014906376624927482,
      "S_struct": 4.205966196175558,
      "admissible": false,
      "snowfall_cm": 0.3,
      "depth_est_cm": 8.365685617444097,
      "corridor_score": 0.12470206053936071,
      "segment_id": 0
    },
    {
      "time": "2019-02-10 10:30:00+00:00",
      "CP": 4.300423683239097,
      "SCE": 0.00018156946183992513,
      "S_struct": 8.613872267612262,
      "admissible": false,
      "snowfall_cm": 0.2,
      "depth_est_cm": 21.68122784875863,
      "corridor_score": 0.003936648872527902,
      "segment_id": 0
    },
    {
      "time": "2019-02-10 10:50:00+00:00",
      "CP": 4.300423683239097,
      "SCE": 0.0028372832024812587,
      "S_struct": 5.864908303505473,
      "admissible": false,
      "snowfall_cm": 0.5,
      "depth_est_cm": 21.68122784875863,
      "corridor_score": 0.06151578358445174,
      "segment_id": 0
    },
    {
      "time": "2019-02-10 10:52:00+00:00",
      "CP": 2.8669491221593977,
      "SCE": 0.0006766320966574648,
      "S_struct": 7.298382864585172,
      "admissible": false,
      "snowfall_cm": 1.0,
      "depth_est_cm": 17.582056122937804,
      "corridor_score": 0.011896583498012623,
      "segment_id": 0
    },
    {
      "time": "2019-02-10 11:04:00+00:00",
      "CP": 0.6515793459453176,
      "SCE": 0.00017413629121222925,
      "S_struct": 8.65567228252674,
      "admissible": false,
      "snowfall_cm": 0.7000000000000001,
      "depth_est_cm": 6.522516123100041,
      "corridor_score": 0.0011358067670486091,
      "segment_id": 0
    },
    {
      "time": "2019-02-10 11:52:00+00:00",
      "CP": 0.7330982411309254,
      "SCE": 0.00037389946528007024,
      "S_struct": 7.891523606097045,
      "admissible": false,
      "snowfall_cm": 2.3000000000000003,
      "depth_est_cm": 7.148839068850728,
      "corridor_score": 0.0026729471052165626,
      "segment_id": 0
    },
    {
      "time": "2019-02-10 12:00:00+00:00",
      "CP": 0.7330982411309254,
      "SCE": 0.0012080140054741572,
      "S_struct": 6.7187775856011624,
      "admissible": false,
      "snowfall_cm": 3.0,
      "depth_est_cm": 7.148839068850728,
      "corridor_score": 0.008635897718052513,
      "segment_id": 0
    },
    {
      "time": "2019-02-10 12:13:00+00:00",
      "CP": 0.688491872696392,
      "SCE": 0.001155313025433503,
      "S_struct": 6.763383954035696,
      "admissible": false,
      "snowfall_cm": 0.5,
      "depth_est_cm": 6.80986471755626,
      "corridor_score": 0.00786752540963279,
      "segment_id": 0
    },
    {
      "time": "2019-02-10 12:52:00+00:00",
      "CP": 0.688491872696392,
      "SCE": 0.001155313025433503,
      "S_struct": 6.763383954035696,
      "admissible": false,
      "snowfall_cm": 1.0,
      "depth_est_cm": 6.80986471755626,
      "corridor_score": 0.00786752540963279,
      "segment_id": 0
    },
    {
      "time": "2019-02-10 13:07:00+00:00",
      "CP": 0.6328418496475573,
      "SCE": 0.0010927760592689313,
      "S_struct": 6.819033977084531,
      "admissible": false,
      "snowfall_cm": 0.2,
      "depth_est_cm": 6.374185516236385,
      "corridor_score": 0.006965557329481896,
      "segment_id": 0
    },
    {
      "time": "2019-02-10 13:14:00+00:00",
      "CP": 0.5873428199341725,
      "SCE": 0.0010441699589964393,
      "S_struct": 6.864533006797916,
      "admissible": false,
      "snowfall_cm": 0.2,
      "depth_est_cm": 6.006798665630132,
      "corridor_score": 0.006272118716390882,
      "segment_id": 0
    },
    {
      "time": "2019-02-10 13:24:00+00:00",
      "CP": 0.5270962758257395,
      "SCE": 0.0009831198221355022,
      "S_struct": 6.924779550906349,
      "admissible": false,
      "snowfall_cm": 0.5,
      "depth_est_cm": 5.503784952260199,
      "corridor_score": 0.0054108800833381,
      "segment_id": 0
    },
    {
      "time": "2019-02-10 13:52:00+00:00",
      "CP": 0.4098722888574837,
      "SCE": 0.0008743729667918786,
      "S_struct": 7.042003537874605,
      "admissible": false,
      "snowfall_cm": 1.5,
      "depth_est_cm": 4.465488625123609,
      "corridor_score": 0.0039045025373247166,
      "segment_id": 0
    },
    {
      "time": "2019-02-10 14:07:00+00:00",
      "CP": 0.4075932109927252,
      "SCE": 0.0012740872283148693,
      "S_struct": 6.66552525611095,
      "admissible": false,
      "snowfall_cm": 0.5,
      "depth_est_cm": 4.44445694348941,
      "corridor_score": 0.005662625828495198,
      "segment_id": 0
    },
    {
      "time": "2019-02-10 14:52:00+00:00",
      "CP": 0.4075932109927252,
      "SCE": 0.001850758746347291,
      "S_struct": 6.292159590812822,
      "admissible": false,
      "snowfall_cm": 0.5,
      "depth_est_cm": 4.44445694348941,
      "corridor_score": 0.008225617560926973,
      "segment_id": 0
    },
    {
      "time": "2019-02-10 15:34:00+00:00",
      "CP": 0.4075932109927252,
      "SCE": 0.001850758746347291,
      "S_struct": 6.292159590812822,
      "admissible": false,
      "snowfall_cm": 0.5,
      "depth_est_cm": 4.44445694348941,
      "corridor_score": 0.008225617560926973,
      "segment_id": 0
    },
    {
      "time": "2019-02-10 15:52:00+00:00",
      "CP": 0.3399699224813532,
      "SCE": 0.0025563448258903794,
      "S_struct": 5.969176843158353,
      "admissible": false,
      "snowfall_cm": 0.5,
      "depth_est_cm": 3.804413181419096,
      "corridor_score": 0.009725391951869864,
      "segment_id": 0
    },
    {
      "time": "2019-02-10 18:00:00+00:00",
      "CP": 0.3775061585090335,
      "SCE": 0.00787182951545722,
      "S_struct": 4.844464776547849,
      "admissible": false,
      "snowfall_cm": 4.0,
      "depth_est_cm": 4.163571526684645,
      "corridor_score": 0.03277492523347347,
      "segment_id": 0
    },
    {
      "time": "2019-02-11 12:00:00+00:00",
      "CP": 0.7415083793552536,
      "SCE": 0.23431415394643876,
      "S_struct": 1.4510925257904548,
      "admissible": true,
      "snowfall_cm": 3.6,
      "depth_est_cm": 7.2117710910159865,
      "corridor_score": 1.6898200416467966,
      "segment_id": 0
    },
    {
      "time": "2019-02-11 18:52:00+00:00",
      "CP": 0.5453255017342695,
      "SCE": 0.05309711550185453,
      "S_struct": 2.93563267420871,
      "admissible": false,
      "snowfall_cm": 0.3,
      "depth_est_cm": 5.658049395619329,
      "corridor_score": 0.30042610227439775,
      "segment_id": 0
    },
    {
      "time": "2019-02-11 19:14:00+00:00",
      "CP": 0.5453255017342695,
      "SCE": 0.07543675203254724,
      "S_struct": 2.5844606952350526,
      "admissible": false,
      "snowfall_cm": 0.2,
      "depth_est_cm": 5.658049395619329,
      "corridor_score": 0.4268248692452391,
      "segment_id": 0
    },
    {
      "time": "2019-02-11 19:32:00+00:00",
      "CP": 0.5453255017342695,
      "SCE": 0.09257138623899477,
      "S_struct": 2.3797751889800898,
      "admissible": true,
      "snowfall_cm": 0.5,
      "depth_est_cm": 5.658049395619329,
      "corridor_score": 0.5237734759611878,
      "segment_id": 0
    },
    {
      "time": "2019-02-11 19:52:00+00:00",
      "CP": 0.5453255017342695,
      "SCE": 0.12188161432118602,
      "S_struct": 2.1047050797834412,
      "admissible": true,
      "snowfall_cm": 0.8,
      "depth_est_cm": 5.658049395619329,
      "corridor_score": 0.6896121942470947,
      "segment_id": 0
    },
    {
      "time": "2019-02-11 20:48:00+00:00",
      "CP": 0.5453255017342695,
      "SCE": 0.18014746394317965,
      "S_struct": 1.713979519360453,
      "admissible": true,
      "snowfall_cm": 1.2000000000000002,
      "depth_est_cm": 5.658049395619329,
      "corridor_score": 1.0192832494860626,
      "segment_id": 0
    },
    {
      "time": "2019-02-11 20:49:00+00:00",
      "CP": 0.5453255017342695,
      "SCE": 0.18014746394317965,
      "S_struct": 1.713979519360453,
      "admissible": true,
      "snowfall_cm": 1.5,
      "depth_est_cm": 5.658049395619329,
      "corridor_score": 1.0192832494860626,
      "segment_id": 0
    },
    {
      "time": "2019-02-11 20:56:00+00:00",
      "CP": 0.5453255017342695,
      "SCE": 0.22660652208825532,
      "S_struct": 1.4845401484182554,
      "admissible": true,
      "snowfall_cm": 0.2,
      "depth_est_cm": 5.658049395619329,
      "corridor_score": 1.2821508953448513,
      "segment_id": 0
    },
    {
      "time": "2019-02-11 21:24:00+00:00",
      "CP": 0.5453255017342695,
      "SCE": 0.22660652208825532,
      "S_struct": 1.4845401484182554,
      "admissible": true,
      "snowfall_cm": 0.2,
      "depth_est_cm": 5.658049395619329,
      "corridor_score": 1.2821508953448513,
      "segment_id": 0
    },
    {
      "time": "2019-02-11 21:52:00+00:00",
      "CP": 0.5453255017342695,
      "SCE": 0.3701931453125359,
      "S_struct": 0.9937303951877593,
      "admissible": true,
      "snowfall_cm": 0.5,
      "depth_est_cm": 5.658049395619329,
      "corridor_score": 2.0945711020980124,
      "segment_id": 0
    },
    {
      "time": "2019-02-11 22:00:00+00:00",
      "CP": 0.5421602209820806,
      "SCE": 0.3690232326029562,
      "S_struct": 0.9968956759399482,
      "admissible": true,
      "snowfall_cm": 0.2,
      "depth_est_cm": 5.631394267213813,
      "corridor_score": 2.078115316548997,
      "segment_id": 0
    },
    {
      "time": "2019-02-11 22:13:00+00:00",
      "CP": 0.5421602209820806,
      "SCE": 0.3854420115001886,
      "S_struct": 0.9533645214176205,
      "admissible": true,
      "snowfall_cm": 0.5,
      "depth_est_cm": 5.631394267213813,
      "corridor_score": 2.1705759339055226,
      "segment_id": 0
    },
    {
      "time": "2019-02-11 22:20:00+00:00",
      "CP": 0.5421602209820806,
      "SCE": 0.3854420115001886,
      "S_struct": 0.9533645214176205,
      "admissible": true,
      "snowfall_cm": 1.0,
      "depth_est_cm": 5.631394267213813,
      "corridor_score": 2.1705759339055226,
      "segment_id": 0
    },
    {
      "time": "2019-02-11 22:30:00+00:00",
      "CP": 0.5421602209820806,
      "SCE": 0.47916573045869526,
      "S_struct": 0.7357087488059816,
      "admissible": true,
      "snowfall_cm": 1.2000000000000002,
      "depth_est_cm": 5.631394267213813,
      "corridor_score": 2.6983711475504157,
      "segment_id": 0
    },
    {
      "time": "2019-02-11 22:38:00+00:00",
      "CP": 0.23023943295951355,
      "SCE": 0.4174857284038875,
      "S_struct": 0.8735049187392374,
      "admissible": true,
      "snowfall_cm": 1.2000000000000002,
      "depth_est_cm": 2.6937145479794844,
      "corridor_score": 1.1245873801753636,
      "segment_id": 0
    },
    {
      "time": "2019-02-11 22:52:00+00:00",
      "CP": 0.23023943295951355,
      "SCE": 0.4174857284038875,
      "S_struct": 0.8735049187392374,
      "admissible": true,
      "snowfall_cm": 1.3,
      "depth_est_cm": 2.6937145479794844,
      "corridor_score": 1.1245873801753636,
      "segment_id": 0
    },
    {
      "time": "2019-02-11 23:26:00+00:00",
      "CP": 0.37750615850903363,
      "SCE": 0.3603167964747384,
      "S_struct": 1.0207716442887576,
      "admissible": true,
      "snowfall_cm": 0.2,
      "depth_est_cm": 4.163571526684645,
      "corridor_score": 1.5002047543884471,
      "segment_id": 0
    },
    {
      "time": "2019-02-11 23:52:00+00:00",
      "CP": 0.37750615850903363,
      "SCE": 0.3603167964747384,
      "S_struct": 1.0207716442887576,
      "admissible": true,
      "snowfall_cm": 0.3,
      "depth_est_cm": 4.163571526684645,
      "corridor_score": 1.5002047543884471,
      "segment_id": 0
    },
    {
      "time": "2019-02-12 00:00:00+00:00",
      "CP": 0.1715937084131971,
      "SCE": 0.4764965860631748,
      "S_struct": 0.7412947205238823,
      "admissible": true,
      "snowfall_cm": 5.0,
      "depth_est_cm": 2.0587445563893647,
      "corridor_score": 0.9809847526956775,
      "segment_id": 0
    },
    {
      "time": "2019-02-12 00:52:00+00:00",
      "CP": 0.1715937084131971,
      "SCE": 0.5125970375045514,
      "S_struct": 0.6682652444201126,
      "admissible": true,
      "snowfall_cm": 0.3,
      "depth_est_cm": 2.0587445563893647,
      "corridor_score": 1.0553063605838102,
      "segment_id": 0
    },
    {
      "time": "2019-02-12 06:00:00+00:00",
      "CP": 0.1715937084131971,
      "SCE": 0.5125970375045514,
      "S_struct": 0.6682652444201126,
      "admissible": true,
      "snowfall_cm": 0.3,
      "depth_est_cm": 2.0587445563893647,
      "corridor_score": 1.0553063605838102,
      "segment_id": 0
    },
    {
      "time": "2019-02-15 22:21:00+00:00",
      "CP": 1.7507033479098713,
      "SCE": 4.782572627841809e-06,
      "S_struct": 12.250531949580703,
      "admissible": false,
      "snowfall_cm": 0.2,
      "depth_est_cm": 13.154136344089626,
      "corridor_score": 6.291061242214217e-05,
      "segment_id": 0
    },
    {
      "time": "2019-02-15 22:52:00+00:00",
      "CP": 1.8496054988517547,
      "SCE": 4.33220416461928e-06,
      "S_struct": 12.349434100522586,
      "admissible": false,
      "snowfall_cm": 0.5,
      "depth_est_cm": 13.613347322170709,
      "corridor_score": 5.897579996351667e-05,
      "segment_id": 0
    },
    {
      "time": "2019-02-15 23:52:00+00:00",
      "CP": 2.38107091294849,
      "SCE": 7.2703681492591254e-06,
      "S_struct": 11.831703628188036,
      "admissible": false,
      "snowfall_cm": 0.3,
      "depth_est_cm": 15.836502467015892,
      "corridor_score": 0.0001151372031318559,
      "segment_id": 0
    },
    {
      "time": "2019-02-16 00:00:00+00:00",
      "CP": 2.38107091294849,
      "SCE": 0.0006637009682172881,
      "S_struct": 7.317678858995788,
      "admissible": false,
      "snowfall_cm": 0.8,
      "depth_est_cm": 15.836502467015892,
      "corridor_score": 0.010510702020533919,
      "segment_id": 0
    },
    {
      "time": "2019-02-16 12:00:00+00:00",
      "CP": 4.200747565591595,
      "SCE": 0.0003087447962283974,
      "S_struct": 8.082995524485103,
      "admissible": false,
      "snowfall_cm": 0.8,
      "depth_est_cm": 21.434430912287844,
      "corridor_score": 0.0066177690042859725,
      "segment_id": 0
    },
    {
      "time": "2019-02-17 01:43:00+00:00",
      "CP": 12.839312056774496,
      "SCE": 3.5261988059616617e-07,
      "S_struct": 14.85787518571286,
      "admissible": false,
      "snowfall_cm": 0.2,
      "depth_est_cm": 34.157672146957324,
      "corridor_score": 1.2044674273903083e-05,
      "segment_id": 0
    },
    {
      "time": "2019-02-17 01:52:00+00:00",
      "CP": 12.839312056774496,
      "SCE": 7.798339056622346e-07,
      "S_struct": 14.064184881396699,
      "admissible": false,
      "snowfall_cm": 0.8,
      "depth_est_cm": 34.157672146957324,
      "corridor_score": 2.6637310878691858e-05,
      "segment_id": 0
    },
    {
      "time": "2019-02-17 02:52:00+00:00",
      "CP": 12.839312056774496,
      "SCE": 6.085536060419046e-06,
      "S_struct": 12.009595740019737,
      "admissible": false,
      "snowfall_cm": 2.5,
      "depth_est_cm": 34.157672146957324,
      "corridor_score": 0.00020786774559028006,
      "segment_id": 0
    },
    {
      "time": "2019-02-17 03:01:00+00:00",
      "CP": 12.839312056774496,
      "SCE": 5.1997909207549795e-05,
      "S_struct": 9.864307047738311,
      "admissible": false,
      "snowfall_cm": 0.2,
      "depth_est_cm": 34.157672146957324,
      "corridor_score": 0.0017761275350387394,
      "segment_id": 0
    },
    {
      "time": "2019-02-17 03:18:00+00:00",
      "CP": 12.839312056774496,
      "SCE": 0.00016732918977662377,
      "S_struct": 8.695547489538338,
      "admissible": false,
      "snowfall_cm": 1.5,
      "depth_est_cm": 34.157672146957324,
      "corridor_score": 0.005715575605005918,
      "segment_id": 0
    },
    {
      "time": "2019-02-17 03:37:00+00:00",
      "CP": 11.541501844682214,
      "SCE": 4.8382387588071574e-05,
      "S_struct": 9.936374703275181,
      "admissible": false,
      "snowfall_cm": 1.7000000000000002,
      "depth_est_cm": 32.87756280071023,
      "corridor_score": 0.0015906949863751262,
      "segment_id": 0
    },
    {
      "time": "2019-02-17 03:50:00+00:00",
      "CP": 12.058572865091184,
      "SCE": 2.884869720167206e-05,
      "S_struct": 10.453445723684151,
      "admissible": false,
      "snowfall_cm": 2.0,
      "depth_est_cm": 33.402782954011855,
      "corridor_score": 0.0009636267711334609,
      "segment_id": 0
    },
    {
      "time": "2019-02-17 03:52:00+00:00",
      "CP": 7.958658090960181,
      "SCE": 4.781408427194056e-07,
      "S_struct": 14.553360497815156,
      "admissible": false,
      "snowfall_cm": 2.3000000000000003,
      "depth_est_cm": 28.50406583877825,
      "corridor_score": 1.3628958061082852e-05,
      "segment_id": 0
    },
    {
      "time": "2019-02-17 04:52:00+00:00",
      "CP": 5.30577206064012,
      "SCE": 3.3683877445820846e-08,
      "S_struct": 17.206246528135217,
      "admissible": false,
      "snowfall_cm": 2.0,
      "depth_est_cm": 23.93905038257153,
      "corridor_score": 8.0636003925587e-07,
      "segment_id": 0
    },
    {
      "time": "2019-02-17 05:26:00+00:00",
      "CP": 1.92937165841459,
      "SCE": 4.2540971203309613e-07,
      "S_struct": 14.670213104085697,
      "admissible": false,
      "snowfall_cm": 0.5,
      "depth_est_cm": 13.972243336714259,
      "corridor_score": 5.9439280143279594e-06,
      "segment_id": 0
    },
    {
      "time": "2019-02-17 05:40:00+00:00",
      "CP": 1.5676144724618535,
      "SCE": 2.9627721313317577e-07,
      "S_struct": 15.031970290038434,
      "admissible": false,
      "snowfall_cm": 0.7000000000000001,
      "depth_est_cm": 12.258704211148713,
      "corridor_score": 3.6319747203030666e-06,
      "segment_id": 0
    },
    {
      "time": "2019-02-17 05:52:00+00:00",
      "CP": 1.5676144724618535,
      "SCE": 5.4091958681951e-07,
      "S_struct": 14.42999520718923,
      "admissible": false,
      "snowfall_cm": 1.3,
      "depth_est_cm": 12.258704211148713,
      "corridor_score": 6.630973216837149e-06,
      "segment_id": 0
    },
    {
      "time": "2019-02-17 06:00:00+00:00",
      "CP": 1.4142719682564406,
      "SCE": 3.881914379092068e-06,
      "S_struct": 12.459182129335995,
      "admissible": false,
      "snowfall_cm": 9.0,
      "depth_est_cm": 11.458171130066871,
      "corridor_score": 4.4479639267904195e-05,
      "segment_id": 0
    },
    {
      "time": "2019-02-17 06:00:00+00:00",
      "CP": 1.4142719682564406,
      "SCE": 3.8819143790920604e-06,
      "S_struct": 12.459182129335996,
      "admissible": false,
      "snowfall_cm": 0.2,
      "depth_est_cm": 11.458171130066871,
      "corridor_score": 4.447963926790411e-05,
      "segment_id": 0
    },
    {
      "time": "2019-02-17 06:08:00+00:00",
      "CP": 1.2812932362944842,
      "SCE": 3.3985528092320097e-06,
      "S_struct": 12.592160861297952,
      "admissible": false,
      "snowfall_cm": 0.2,
      "depth_est_cm": 10.721652383848548,
      "corridor_score": 3.643810182873756e-05,
      "segment_id": 0
    },
    {
      "time": "2019-02-17 06:19:00+00:00",
      "CP": 1.2812932362944842,
      "SCE": 3.3985528092320097e-06,
      "S_struct": 12.592160861297952,
      "admissible": false,
      "snowfall_cm": 0.2,
      "depth_est_cm": 10.721652383848548,
      "corridor_score": 3.643810182873756e-05,
      "segment_id": 0
    },
    {
      "time": "2019-02-17 06:24:00+00:00",
      "CP": 1.2812932362944842,
      "SCE": 3.3985528092320097e-06,
      "S_struct": 12.592160861297952,
      "admissible": false,
      "snowfall_cm": 0.2,
      "depth_est_cm": 10.721652383848548,
      "corridor_score": 3.643810182873756e-05,
      "segment_id": 0
    },
    {
      "time": "2019-02-17 06:44:00+00:00",
      "CP": 1.1152600440941565,
      "SCE": 2.8786358089115893e-06,
      "S_struct": 12.758194053498281,
      "admissible": false,
      "snowfall_cm": 0.2,
      "depth_est_cm": 9.73931084399792,
      "corridor_score": 2.8035928949653368e-05,
      "segment_id": 0
    },
    {
      "time": "2019-02-17 07:04:00+00:00",
      "CP": 0.28386325468664203,
      "SCE": 1.0995553878174218e-06,
      "S_struct": 13.720604652761168,
      "admissible": false,
      "snowfall_cm": 0.2,
      "depth_est_cm": 3.248358101703866,
      "corridor_score": 3.5717496522888583e-06,
      "segment_id": 0
    },
    {
      "time": "2019-02-17 07:36:00+00:00",
      "CP": 0.28386325468664203,
      "SCE": 1.0995553878174218e-06,
      "S_struct": 13.720604652761168,
      "admissible": false,
      "snowfall_cm": 0.2,
      "depth_est_cm": 3.248358101703866,
      "corridor_score": 3.5717496522888583e-06,
      "segment_id": 0
    },
    {
      "time": "2019-02-17 07:52:00+00:00",
      "CP": 0.28386325468664203,
      "SCE": 1.0995553878174218e-06,
      "S_struct": 13.720604652761168,
      "admissible": false,
      "snowfall_cm": 0.5,
      "depth_est_cm": 3.248358101703866,
      "corridor_score": 3.5717496522888583e-06,
      "segment_id": 0
    },
    {
      "time": "2019-02-17 08:52:00+00:00",
      "CP": 0.28386325468664203,
      "SCE": 1.0995553878174218e-06,
      "S_struct": 13.720604652761168,
      "admissible": false,
      "snowfall_cm": 0.3,
      "depth_est_cm": 3.248358101703866,
      "corridor_score": 3.5717496522888583e-06,
      "segment_id": 0
    },
    {
      "time": "2019-02-17 09:52:00+00:00",
      "CP": 0.28386325468664203,
      "SCE": 6.751651473528548e-06,
      "S_struct": 11.905723420259914,
      "admissible": false,
      "snowfall_cm": 0.3,
      "depth_est_cm": 3.248358101703866,
      "corridor_score": 2.1931781763917304e-05,
      "segment_id": 0
    },
    {
      "time": "2019-02-17 10:29:00+00:00",
      "CP": 0.28386325468664203,
      "SCE": 0.00040736187242082354,
      "S_struct": 7.805808646128912,
      "admissible": false,
      "snowfall_cm": 0.2,
      "depth_est_cm": 3.248358101703866,
      "corridor_score": 0.0013232572386034386,
      "segment_id": 0
    },
    {
      "time": "2019-02-17 10:52:00+00:00",
      "CP": 0.2401919847348509,
      "SCE": 0.0014692005040798006,
      "S_struct": 6.523036900920672,
      "admissible": false,
      "snowfall_cm": 0.3,
      "depth_est_cm": 2.798460522411434,
      "corridor_score": 0.004111499610174301,
      "segment_id": 0
    },
    {
      "time": "2019-02-17 12:00:00+00:00",
      "CP": 0.10917817487947772,
      "SCE": 0.14210240868484372,
      "S_struct": 1.9512072933904854,
      "admissible": true,
      "snowfall_cm": 2.0,
      "depth_est_cm": 1.34705165548115,
      "corridor_score": 0.1914192848667777,
      "segment_id": 0
    },
    {
      "time": "2019-02-17 12:52:00+00:00",
      "CP": 0.10917817487947772,
      "SCE": 0.20403777974871057,
      "S_struct": 1.589450107437749,
      "admissible": true,
      "snowfall_cm": 0.3,
      "depth_est_cm": 1.34705165548115,
      "corridor_score": 0.27484942899119885,
      "segment_id": 0
    },
    {
      "time": "2019-02-17 14:09:00+00:00",
      "CP": 0.10917817487947772,
      "SCE": 0.2378517726720945,
      "S_struct": 1.436107603232336,
      "admissible": true,
      "snowfall_cm": 0.2,
      "depth_est_cm": 1.34705165548115,
      "corridor_score": 0.32039862413707104,
      "segment_id": 0
    },
    {
      "time": "2019-02-17 14:52:00+00:00",
      "CP": 0.10917817487947772,
      "SCE": 0.27168040876698585,
      "S_struct": 1.3031288712703797,
      "admissible": true,
      "snowfall_cm": 0.3,
      "depth_est_cm": 1.34705165548115,
      "corridor_score": 0.3659675443913638,
      "segment_id": 0
    },
    {
      "time": "2019-02-17 18:00:00+00:00",
      "CP": 0.7253392938014042,
      "SCE": 0.40818401758390543,
      "S_struct": 0.896037182768533,
      "admissible": true,
      "snowfall_cm": 0.5,
      "depth_est_cm": 7.090508401609895,
      "corridor_score": 2.8942322060815626,
      "segment_id": 0
    },
    {
      "time": "2019-02-18 02:52:00+00:00",
      "CP": 1.7460786032853874,
      "SCE": 0.1751536986629116,
      "S_struct": 1.742091412445352,
      "admissible": true,
      "snowfall_cm": 0.3,
      "depth_est_cm": 13.132261110602697,
      "corridor_score": 2.3001641053291775,
      "segment_id": 0
    },
    {
      "time": "2019-02-18 06:00:00+00:00",
      "CP": 1.5818610263807853,
      "SCE": 0.18793044537008707,
      "S_struct": 1.6716833560442117,
      "admissible": true,
      "snowfall_cm": 0.3,
      "depth_est_cm": 12.330636070428664,
      "corridor_score": 2.3173019284121192,
      "segment_id": 0
    },
    {
      "time": "2019-02-19 22:52:00+00:00",
      "CP": 13.078542955091677,
      "SCE": 1.8103852087171746e-09,
      "S_struct": 20.129726191816495,
      "admissible": false,
      "snowfall_cm": 0.3,
      "depth_est_cm": 34.380474206935766,
      "corridor_score": 6.224190197291885e-08,
      "segment_id": 0
    },
    {
      "time": "2019-02-19 23:20:00+00:00",
      "CP": 11.870737955766025,
      "SCE": 9.382065594419715e-10,
      "S_struct": 20.78705097854086,
      "admissible": false,
      "snowfall_cm": 0.2,
      "depth_est_cm": 33.214432669399336,
      "corridor_score": 3.116199859857417e-08,
      "segment_id": 0
    },
    {
      "time": "2019-02-19 23:30:00+00:00",
      "CP": 11.870737955766025,
      "SCE": 9.382065594419715e-10,
      "S_struct": 20.78705097854086,
      "admissible": false,
      "snowfall_cm": 0.5,
      "depth_est_cm": 33.214432669399336,
      "corridor_score": 3.116199859857417e-08,
      "segment_id": 0
    },
    {
      "time": "2019-02-19 23:35:00+00:00",
      "CP": 11.870737955766025,
      "SCE": 9.382065594419715e-10,
      "S_struct": 20.78705097854086,
      "admissible": false,
      "snowfall_cm": 0.5,
      "depth_est_cm": 33.214432669399336,
      "corridor_score": 3.116199859857417e-08,
      "segment_id": 0
    },
    {
      "time": "2019-02-19 23:48:00+00:00",
      "CP": 12.119825896201219,
      "SCE": 2.0134021914633194e-09,
      "S_struct": 20.0234399131947,
      "admissible": false,
      "snowfall_cm": 0.5,
      "depth_est_cm": 33.46361867317664,
      "corridor_score": 6.737572317086671e-08,
      "segment_id": 0
    },
    {
      "time": "2019-02-19 23:52:00+00:00",
      "CP": 12.119825896201219,
      "SCE": 6.081920171848775e-09,
      "S_struct": 18.917945373089974,
      "admissible": false,
      "snowfall_cm": 0.8,
      "depth_est_cm": 33.46361867317664,
      "corridor_score": 2.0352305743144837e-07,
      "segment_id": 0
    },
    {
      "time": "2019-02-20 00:00:00+00:00",
      "CP": 12.119825896201219,
      "SCE": 3.0470831846547766e-07,
      "S_struct": 15.003910850817135,
      "admissible": false,
      "snowfall_cm": 0.8,
      "depth_est_cm": 33.46361867317664,
      "corridor_score": 1.0196642975673613e-05,
      "segment_id": 0
    },
    {
      "time": "2019-02-20 00:03:00+00:00",
      "CP": 11.68070176952726,
      "SCE": 1.964152144275387e-07,
      "S_struct": 15.443034977491093,
      "admissible": false,
      "snowfall_cm": 0.2,
      "depth_est_cm": 33.02105679700835,
      "corridor_score": 6.485837951408329e-06,
      "segment_id": 0
    },
    {
      "time": "2019-02-20 00:10:00+00:00",
      "CP": 9.74855561216185,
      "SCE": 4.934098481605662e-08,
      "S_struct": 16.82451076625403,
      "admissible": false,
      "snowfall_cm": 0.2,
      "depth_est_cm": 30.87202799053064,
      "corridor_score": 1.5232562643216473e-06,
      "segment_id": 0
    },
    {
      "time": "2019-02-20 00:15:00+00:00",
      "CP": 7.728584629461647,
      "SCE": 6.545541219461469e-09,
      "S_struct": 18.84448174895423,
      "admissible": false,
      "snowfall_cm": 0.2,
      "depth_est_cm": 28.165841983474532,
      "corridor_score": 1.8436067968367094e-07,
      "segment_id": 0
    },
    {
      "time": "2019-02-20 00:39:00+00:00",
      "CP": 4.391241266739572,
      "SCE": 4.997135150844463e-10,
      "S_struct": 21.416986151547405,
      "admissible": false,
      "snowfall_cm": 0.5,
      "depth_est_cm": 21.90208343808321,
      "corridor_score": 1.0944767102517397e-08,
      "segment_id": 0
    },
    {
      "time": "2019-02-20 00:49:00+00:00",
      "CP": 1.4051972053566635,
      "SCE": 7.67446698550499e-11,
      "S_struct": 23.290537180015548,
      "admissible": false,
      "snowfall_cm": 0.5,
      "depth_est_cm": 11.40921467744975,
      "corridor_score": 8.755964137262707e-10,
      "segment_id": 0
    },
    {
      "time": "2019-02-20 00:52:00+00:00",
      "CP": 1.4051972053566635,
      "SCE": 7.52575147618082e-09,
      "S_struct": 18.70493516735325,
      "admissible": false,
      "snowfall_cm": 0.3,
      "depth_est_cm": 11.40921467744975,
      "corridor_score": 8.586291420088134e-08,
      "segment_id": 0
    },
    {
      "time": "2019-02-20 01:52:00+00:00",
      "CP": 1.0447774973422639,
      "SCE": 3.661854565605282e-07,
      "S_struct": 14.820125919966165,
      "admissible": false,
      "snowfall_cm": 0.5,
      "depth_est_cm": 9.298756744155384,
      "corridor_score": 3.4050694838038298e-06,
      "segment_id": 0
    },
    {
      "time": "2019-02-20 02:07:00+00:00",
      "CP": 0.8459422951642241,
      "SCE": 2.8597003788723586e-06,
      "S_struct": 12.764793701252543,
      "admissible": false,
      "snowfall_cm": 0.5,
      "depth_est_cm": 7.968868390614052,
      "corridor_score": 2.2788575955822968e-05,
      "segment_id": 0
    },
    {
      "time": "2019-02-20 02:18:00+00:00",
      "CP": 0.8459422951642241,
      "SCE": 2.8597003788723586e-06,
      "S_struct": 12.764793701252543,
      "admissible": false,
      "snowfall_cm": 0.7000000000000001,
      "depth_est_cm": 7.968868390614052,
      "corridor_score": 2.2788575955822968e-05,
      "segment_id": 0
    },
    {
      "time": "2019-02-20 02:24:00+00:00",
      "CP": 0.47657989696133446,
      "SCE": 1.9765530791344614e-06,
      "S_struct": 13.134156099455433,
      "admissible": false,
      "snowfall_cm": 0.7000000000000001,
      "depth_est_cm": 5.066470930815697,
      "corridor_score": 1.0014148718649006e-05,
      "segment_id": 0
    },
    {
      "time": "2019-02-20 02:31:00+00:00",
      "CP": 0.47657989696133446,
      "SCE": 1.9765530791344614e-06,
      "S_struct": 13.134156099455433,
      "admissible": false,
      "snowfall_cm": 0.7000000000000001,
      "depth_est_cm": 5.066470930815697,
      "corridor_score": 1.0014148718649006e-05,
      "segment_id": 0
    },
    {
      "time": "2019-02-20 02:45:00+00:00",
      "CP": 0.47657989696133446,
      "SCE": 1.9765530791344614e-06,
      "S_struct": 13.134156099455433,
      "admissible": false,
      "snowfall_cm": 1.0,
      "depth_est_cm": 5.066470930815697,
      "corridor_score": 1.0014148718649006e-05,
      "segment_id": 0
    },
    {
      "time": "2019-02-20 02:52:00+00:00",
      "CP": 0.47657989696133446,
      "SCE": 6.842660502001733e-06,
      "S_struct": 11.892333939675078,
      "admissible": false,
      "snowfall_cm": 0.8,
      "depth_est_cm": 5.066470930815697,
      "corridor_score": 3.466814052283253e-05,
      "segment_id": 0
    },
    {
      "time": "2019-02-20 04:52:00+00:00",
      "CP": 0.483134445316216,
      "SCE": 6.797956619791749e-06,
      "S_struct": 11.898888488029959,
      "admissible": false,
      "snowfall_cm": 0.5,
      "depth_est_cm": 5.1240503172427045,
      "corridor_score": 3.4833071774246055e-05,
      "segment_id": 0
    },
    {
      "time": "2019-02-20 05:15:00+00:00",
      "CP": 0.483134445316216,
      "SCE": 8.72079157167788e-06,
      "S_struct": 11.649800547594765,
      "admissible": false,
      "snowfall_cm": 0.5,
      "depth_est_cm": 5.1240503172427045,
      "corridor_score": 4.468577481946354e-05,
      "segment_id": 0
    },
    {
      "time": "2019-02-20 05:52:00+00:00",
      "CP": 0.6901920647374512,
      "SCE": 7.089766391214725e-06,
      "S_struct": 11.856858167016,
      "admissible": false,
      "snowfall_cm": 2.3000000000000003,
      "depth_est_cm": 6.8229482132656365,
      "corridor_score": 4.837310893140927e-05,
      "segment_id": 0
    },
    {
      "time": "2019-02-20 06:00:00+00:00",
      "CP": 0.6901920647374512,
      "SCE": 1.0998693770624742e-05,
      "S_struct": 11.417734040342044,
      "admissible": false,
      "snowfall_cm": 4.0,
      "depth_est_cm": 6.8229482132656365,
      "corridor_score": 7.504351801053997e-05,
      "segment_id": 0
    },
    {
      "time": "2019-02-20 06:18:00+00:00",
      "CP": 0.8972496841586866,
      "SCE": 6.173586581146177e-05,
      "S_struct": 9.692645502397868,
      "admissible": false,
      "snowfall_cm": 0.7000000000000001,
      "depth_est_cm": 8.325268936772488,
      "corridor_score": 0.0005139676859249173,
      "segment_id": 0
    },
    {
      "time": "2019-02-20 06:28:00+00:00",
      "CP": 0.8972496841586866,
      "SCE": 0.00046537151252712904,
      "S_struct": 7.672674519697664,
      "admissible": false,
      "snowfall_cm": 1.2000000000000002,
      "depth_est_cm": 8.325268936772488,
      "corridor_score": 0.0038743429973009365,
      "segment_id": 0
    },
    {
      "time": "2019-02-20 06:52:00+00:00",
      "CP": 1.0697977003430494,
      "SCE": 0.011021810757865114,
      "S_struct": 4.507879173159952,
      "admissible": false,
      "snowfall_cm": 1.3,
      "depth_est_cm": 9.456861351581589,
      "corridor_score": 0.10423173618050079,
      "segment_id": 0
    },
    {
      "time": "2019-02-20 07:09:00+00:00",
      "CP": 0.9662688906324318,
      "SCE": 0.196840027852212,
      "S_struct": 1.6253639214876616,
      "admissible": true,
      "snowfall_cm": 0.5,
      "depth_est_cm": 8.789791176217943,
      "corridor_score": 1.730182739941867,
      "segment_id": 0
    },
    {
      "time": "2019-02-20 07:23:00+00:00",
      "CP": 1.224881350641928,
      "SCE": 0.1519845540339316,
      "S_struct": 1.883976381497158,
      "admissible": true,
      "snowfall_cm": 0.7000000000000001,
      "depth_est_cm": 10.396146652348026,
      "corridor_score": 1.5800537126284657,
      "segment_id": 0
    },
    {
      "time": "2019-02-20 07:43:00+00:00",
      "CP": 1.224881350641928,
      "SCE": 0.18116868311024678,
      "S_struct": 1.708326730827575,
      "admissible": true,
      "snowfall_cm": 1.2000000000000002,
      "depth_est_cm": 10.396146652348026,
      "corridor_score": 1.8834561984268925,
      "segment_id": 0
    },
    {
      "time": "2019-02-20 07:52:00+00:00",
      "CP": 1.224881350641928,
      "SCE": 0.18116868311024678,
      "S_struct": 1.708326730827575,
      "admissible": true,
      "snowfall_cm": 1.5,
      "depth_est_cm": 10.396146652348026,
      "corridor_score": 1.8834561984268925,
      "segment_id": 0
    },
    {
      "time": "2019-02-20 08:03:00+00:00",
      "CP": 1.617350935223408,
      "SCE": 0.1471906994063576,
      "S_struct": 1.916026258064238,
      "admissible": true,
      "snowfall_cm": 0.2,
      "depth_est_cm": 12.50811526701172,
      "corridor_score": 1.8410782344067942,
      "segment_id": 0
    },
    {
      "time": "2019-02-20 08:19:00+00:00",
      "CP": 1.617350935223408,
      "SCE": 0.14815834476020046,
      "S_struct": 1.9094736801215637,
      "admissible": true,
      "snowfall_cm": 0.5,
      "depth_est_cm": 12.50811526701172,
      "corridor_score": 1.853181654030249,
      "segment_id": 0
    },
    {
      "time": "2019-02-20 08:35:00+00:00",
      "CP": 1.617350935223408,
      "SCE": 0.17956984180646535,
      "S_struct": 1.7171910558861985,
      "admissible": true,
      "snowfall_cm": 0.5,
      "depth_est_cm": 12.50811526701172,
      "corridor_score": 2.2460802797943287,
      "segment_id": 0
    },
    {
      "time": "2019-02-20 08:48:00+00:00",
      "CP": 1.2707757348183917,
      "SCE": 0.12697484839239936,
      "S_struct": 2.0637662562912147,
      "admissible": true,
      "snowfall_cm": 0.7000000000000001,
      "depth_est_cm": 10.66157958470702,
      "corridor_score": 1.353752451391674,
      "segment_id": 0
    },
    {
      "time": "2019-02-20 08:52:00+00:00",
      "CP": 1.263089390076924,
      "SCE": 0.18230207722330105,
      "S_struct": 1.7020902028297926,
      "admissible": true,
      "snowfall_cm": 0.5,
      "depth_est_cm": 10.617501265385265,
      "corridor_score": 1.935592535600761,
      "segment_id": 0
    },
    {
      "time": "2019-02-20 09:52:00+00:00",
      "CP": 1.2694013950229848,
      "SCE": 0.18115500956694713,
      "S_struct": 1.7084022077758534,
      "admissible": true,
      "snowfall_cm": 0.3,
      "depth_est_cm": 10.653709223099955,
      "corridor_score": 1.9299727962341453,
      "segment_id": 0
    },
    {
      "time": "2019-02-20 10:52:00+00:00",
      "CP": 0.7073203379692861,
      "SCE": 0.1032622650020747,
      "S_struct": 2.270483264829552,
      "admissible": true,
      "snowfall_cm": 0.3,
      "depth_est_cm": 6.95402613857089,
      "corridor_score": 0.7180884899524614,
      "segment_id": 0
    },
    {
      "time": "2019-02-20 11:52:00+00:00",
      "CP": 0.7746841796806465,
      "SCE": 0.07421804791484934,
      "S_struct": 2.600747925031474,
      "admissible": false,
      "snowfall_cm": 0.3,
      "depth_est_cm": 7.45709224202829,
      "corridor_score": 0.553450829324307,
      "segment_id": 0
    },
    {
      "time": "2019-02-20 12:00:00+00:00",
      "CP": 0.5725926545465648,
      "SCE": 0.06063764039084618,
      "S_struct": 2.802839450165555,
      "admissible": false,
      "snowfall_cm": 4.0,
      "depth_est_cm": 5.885433185669088,
      "corridor_score": 0.3568787810569544,
      "segment_id": 0
    },
    {
      "time": "2019-02-20 12:52:00+00:00",
      "CP": 0.5725926545465648,
      "SCE": 0.07458753844163293,
      "S_struct": 2.59578183074432,
      "admissible": false,
      "snowfall_cm": 0.3,
      "depth_est_cm": 5.885433185669088,
      "corridor_score": 0.43897997398175526,
      "segment_id": 0
    },
    {
      "time": "2019-02-20 13:52:00+00:00",
      "CP": 0.40223661511675624,
      "SCE": 0.057027060884802375,
      "S_struct": 2.8642293714418816,
      "admissible": false,
      "snowfall_cm": 0.3,
      "depth_est_cm": 4.394891072916621,
      "corridor_score": 0.25062772079729057,
      "segment_id": 0
    },
    {
      "time": "2019-02-20 14:04:00+00:00",
      "CP": 0.40223661511675624,
      "SCE": 0.07014633268283717,
      "S_struct": 2.657171752020646,
      "admissible": false,
      "snowfall_cm": 0.2,
      "depth_est_cm": 4.394891072916621,
      "corridor_score": 0.3082854913056404,
      "segment_id": 0
    },
    {
      "time": "2019-02-20 14:48:00+00:00",
      "CP": 0.4707829918423034,
      "SCE": 0.06549914900298356,
      "S_struct": 2.7257181287461933,
      "admissible": false,
      "snowfall_cm": 0.2,
      "depth_est_cm": 5.01533378444908,
      "corridor_score": 0.32850009484732773,
      "segment_id": 0
    },
    {
      "time": "2019-02-20 18:00:00+00:00",
      "CP": 2.30514807239968,
      "SCE": 0.022619190911803637,
      "S_struct": 3.7889565776428245,
      "admissible": false,
      "snowfall_cm": 0.5,
      "depth_est_cm": 15.541256572940181,
      "corridor_score": 0.3515306494326571,
      "segment_id": 0
    },
    {
      "time": "2019-02-21 12:00:00+00:00",
      "CP": 18.28850654756253,
      "SCE": 5.8570477174746865e-08,
      "S_struct": 16.653035069793276,
      "admissible": false,
      "snowfall_cm": 0.5,
      "depth_est_cm": 38.473622237058045,
      "corridor_score": 2.253418413065442e-06,
      "segment_id": 0
    },
    {
      "time": "2019-02-23 02:13:00+00:00",
      "CP": 6.784665163919293,
      "SCE": 1.1338405337600969e-07,
      "S_struct": 15.992485078327581,
      "admissible": false,
      "snowfall_cm": 0.2,
      "depth_est_cm": 26.678025321297948,
      "corridor_score": 3.0248626469965845e-06,
      "segment_id": 0
    },
    {
      "time": "2019-02-23 02:30:00+00:00",
      "CP": 6.784665163919293,
      "SCE": 1.0015068771287303e-06,
      "S_struct": 13.814004815035627,
      "admissible": false,
      "snowfall_cm": 0.2,
      "depth_est_cm": 26.678025321297948,
      "corridor_score": 2.67182258274943e-05,
      "segment_id": 0
    },
    {
      "time": "2019-02-23 02:52:00+00:00",
      "CP": 6.784665163919293,
      "SCE": 1.0015068771287303e-06,
      "S_struct": 13.814004815035627,
      "admissible": false,
      "snowfall_cm": 0.5,
      "depth_est_cm": 26.678025321297948,
      "corridor_score": 2.67182258274943e-05,
      "segment_id": 0
    },
    {
      "time": "2019-02-23 03:52:00+00:00",
      "CP": 8.446810145688305,
      "SCE": 5.339837240265281e-05,
      "S_struct": 9.8377302918137,
      "admissible": false,
      "snowfall_cm": 0.5,
      "depth_est_cm": 29.193802739422996,
      "corridor_score": 0.0015589015505292948,
      "segment_id": 0
    },
    {
      "time": "2019-02-23 04:08:00+00:00",
      "CP": 9.479373425978137,
      "SCE": 0.0021159136287468346,
      "S_struct": 6.158268583991742,
      "admissible": false,
      "snowfall_cm": 0.7000000000000001,
      "depth_est_cm": 30.542315563604525,
      "corridor_score": 0.06462490175451738,
      "segment_id": 0
    },
    {
      "time": "2019-02-23 04:49:00+00:00",
      "CP": 8.952155226730985,
      "SCE": 0.0019257786598039352,
      "S_struct": 6.252424894430447,
      "admissible": false,
      "snowfall_cm": 1.2000000000000002,
      "depth_est_cm": 29.87125873441424,
      "corridor_score": 0.05752543261221685,
      "segment_id": 0
    },
    {
      "time": "2019-02-23 04:52:00+00:00",
      "CP": 9.442636337413548,
      "SCE": 0.0011792153667460996,
      "S_struct": 6.742906005113009,
      "admissible": false,
      "snowfall_cm": 1.3,
      "depth_est_cm": 30.496661953117794,
      "corridor_score": 0.03596213240957762,
      "segment_id": 0
    },
    {
      "time": "2019-02-23 05:52:00+00:00",
      "CP": 8.567913341791538,
      "SCE": 0.0004917062853485184,
      "S_struct": 7.617629000735019,
      "admissible": false,
      "snowfall_cm": 0.5,
      "depth_est_cm": 29.359396821043322,
      "corridor_score": 0.014436199950948313,
      "segment_id": 0
    },
    {
      "time": "2019-02-23 06:00:00+00:00",
      "CP": 3.7698818703882773,
      "SCE": 4.0545920804577495e-06,
      "S_struct": 12.41566047213828,
      "admissible": false,
      "snowfall_cm": 3.0,
      "depth_est_cm": 20.31018001318576,
      "corridor_score": 8.234949503413426e-05,
      "segment_id": 0
    }
  ]
}