{
  "rows": 13682,
  "start": "2019-01-01 00:00:00+00:00",
  "end": "2019-12-31 23:54:00+00:00",
  "segments": 1,
  "params": {
    "tct_window_hours": 24,
    "stress_window_hours": 24,
    "cp_threshold": 0.08,
    "s_max": 2.5,
    "k_depth": 13.0,
    "gap_hours": 6.0
  },
  "top_CP": [
    {
      "time": "2019-04-17 21:54:00+00:00",
      "CP": 47.59451602710118,
      "SCE": 7.671507244868977e-21,
      "S_struct": 46.31677384508475,
      "admissible": false,
      "snowfall_cm": 0.0,
      "depth_est_cm": 50.48563891268456,
      "corridor_score": 3.873009446804987e-19,
      "segment_id": 0
    },
    {
      "time": "2019-04-17 22:54:00+00:00",
      "CP": 47.59451602710118,
      "SCE": 7.671507244868977e-21,
      "S_struct": 46.31677384508475,
      "admissible": false,
      "snowfall_cm": 0.0,
      "depth_est_cm": 50.48563891268456,
      "corridor_score": 3.873009446804987e-19,
      "segment_id": 0
    },
    {
      "time": "2019-04-17 19:54:00+00:00",
      "CP": 47.59451602710118,
      "SCE": 6.94653278092879e-21,
      "S_struct": 46.41604429822241,
      "admissible": false,
      "snowfall_cm": 0.0,
      "depth_est_cm": 50.48563891268456,
      "corridor_score": 3.507001456730974e-19,
      "segment_id": 0
    },
    {
      "time": "2019-04-17 20:54:00+00:00",
      "CP": 47.59451602710118,
      "SCE": 7.300025791434922e-21,
      "S_struct": 46.36640907165358,
      "admissible": false,
      "snowfall_cm": 0.0,
      "depth_est_cm": 50.48563891268456,
      "corridor_score": 3.685464661596678e-19,
      "segment_id": 0
    },
    {
      "time": "2019-04-17 23:54:00+00:00",
      "CP": 47.59451602710118,
      "SCE": 7.671507244868977e-21,
      "S_struct": 46.31677384508475,
      "admissible": false,
      "snowfall_cm": 0.0,
      "depth_est_cm": 50.48563891268456,
      "corridor_score": 3.873009446804987e-19,
      "segment_id": 0
    },
    {
      "time": "2019-04-17 18:54:00+00:00",
      "CP": 46.16953051730772,
      "SCE": 2.888227728995099e-20,
      "S_struct": 44.99105878842895,
      "admissible": false,
      "snowfall_cm": 0.0,
      "depth_est_cm": 50.098725875293866,
      "corridor_score": 1.44696529260348e-18,
      "segment_id": 0
    },
    {
      "time": "2019-04-18 02:54:00+00:00",
      "CP": 45.88453341534903,
      "SCE": 4.566631912292457e-21,
      "S_struct": 46.83551101918486,
      "admissible": false,
      "snowfall_cm": 0.0,
      "depth_est_cm": 50.01994196080972,
      "corridor_score": 2.284226632092502e-19,
      "segment_id": 0
    },
    {
      "time": "2019-04-18 00:54:00+00:00",
      "CP": 45.88453341534903,
      "SCE": 2.5172152094552935e-21,
      "S_struct": 47.43113373801087,
      "admissible": false,
      "snowfall_cm": 0.0,
      "depth_est_cm": 50.01994196080972,
      "corridor_score": 1.2591095867982125e-19,
      "segment_id": 0
    },
    {
      "time": "2019-04-18 00:00:00+00:00",
      "CP": 45.88453341534903,
      "SCE": 2.5172152094552935e-21,
      "S_struct": 47.43113373801087,
      "admissible": false,
      "snowfall_cm": 0.0,
      "depth_est_cm": 50.01994196080972,
      "corridor_score": 1.2591095867982125e-19,
      "segment_id": 0
    },
    {
      "time": "2019-04-18 01:54:00+00:00",
      "CP": 45.88453341534903,
      "SCE": 4.566631912292457e-21,
      "S_struct": 46.83551101918486,
      "admissible": false,
      "snowfall_cm": 0.0,
      "depth_est_cm": 50.01994196080972,
      "corridor_score": 2.284226632092502e-19,
      "segment_id": 0
    },
    {
      "time": "2019-10-12 01:54:00+00:00",
      "CP": 45.23410714690124,
      "SCE": 4.0922501906895634e-16,
      "S_struct": 35.432266500264674,
      "admissible": false,
      "snowfall_cm": 0.0,
      "depth_est_cm": 49.83833108342638,
      "corridor_score": 2.039509198798012e-14,
      "segment_id": 0
    },
    {
      "time": "2019-10-11 22:54:00+00:00",
      "CP": 45.23410714690124,
      "SCE": 1.9788202083555922e-17,
      "S_struct": 38.46144576814996,
      "admissible": false,
      "snowfall_cm": 0.0,
      "depth_est_cm": 49.83833108342638,
      "corridor_score": 9.862109669860077e-16,
      "segment_id": 0
    }
  ],
  "top_depth_any": [
    {
      "time": "2019-04-17 21:54:00+00:00",
      "CP": 47.59451602710118,
      "SCE": 7.671507244868977e-21,
      "S_struct": 46.31677384508475,
      "admissible": false,
      "snowfall_cm": 0.0,
      "depth_est_cm": 50.48563891268456,
      "corridor_score": 3.873009446804987e-19,
      "segment_id": 0
    },
    {
      "time": "2019-04-17 22:54:00+00:00",
      "CP": 47.59451602710118,
      "SCE": 7.671507244868977e-21,
      "S_struct": 46.31677384508475,
      "admissible": false,
      "snowfall_cm": 0.0,
      "depth_est_cm": 50.48563891268456,
      "corridor_score": 3.873009446804987e-19,
      "segment_id": 0
    },
    {
      "time": "2019-04-17 19:54:00+00:00",
      "CP": 47.59451602710118,
      "SCE": 6.94653278092879e-21,
      "S_struct": 46.41604429822241,
      "admissible": false,
      "snowfall_cm": 0.0,
      "depth_est_cm": 50.48563891268456,
      "corridor_score": 3.507001456730974e-19,
      "segment_id": 0
    },
    {
      "time": "2019-04-17 20:54:00+00:00",
      "CP": 47.59451602710118,
      "SCE": 7.300025791434922e-21,
      "S_struct": 46.36640907165358,
      "admissible": false,
      "snowfall_cm": 0.0,
      "depth_est_cm": 50.48563891268456,
      "corridor_score": 3.685464661596678e-19,
      "segment_id": 0
    },
    {
      "time": "2019-04-17 23:54:00+00:00",
      "CP": 47.59451602710118,
      "SCE": 7.671507244868977e-21,
      "S_struct": 46.31677384508475,
      "admissible": false,
      "snowfall_cm": 0.0,
      "depth_est_cm": 50.48563891268456,
      "corridor_score": 3.873009446804987e-19,
      "segment_id": 0
    },
    {
      "time": "2019-04-17 18:54:00+00:00",
      "CP": 46.16953051730772,
      "SCE": 2.888227728995099e-20,
      "S_struct": 44.99105878842895,
      "admissible": false,
      "snowfall_cm": 0.0,
      "depth_est_cm": 50.098725875293866,
      "corridor_score": 1.44696529260348e-18,
      "segment_id": 0
    },
    {
      "time": "2019-04-18 02:54:00+00:00",
      "CP": 45.88453341534903,
      "SCE": 4.566631912292457e-21,
      "S_struct": 46.83551101918486,
      "admissible": false,
      "snowfall_cm": 0.0,
      "depth_est_cm": 50.01994196080972,
      "corridor_score": 2.284226632092502e-19,
      "segment_id": 0
    },
    {
      "time": "2019-04-18 00:54:00+00:00",
      "CP": 45.88453341534903,
      "SCE": 2.5172152094552935e-21,
      "S_struct": 47.43113373801087,
      "admissible": false,
      "snowfall_cm": 0.0,
      "depth_est_cm": 50.01994196080972,
      "corridor_score": 1.2591095867982125e-19,
      "segment_id": 0
    },
    {
      "time": "2019-04-18 00:00:00+00:00",
      "CP": 45.88453341534903,
      "SCE": 2.5172152094552935e-21,
      "S_struct": 47.43113373801087,
      "admissible": false,
      "snowfall_cm": 0.0,
      "depth_est_cm": 50.01994196080972,
      "corridor_score": 1.2591095867982125e-19,
      "segment_id": 0
    },
    {
      "time": "2019-04-18 01:54:00+00:00",
      "CP": 45.88453341534903,
      "SCE": 4.566631912292457e-21,
      "S_struct": 46.83551101918486,
      "admissible": false,
      "snowfall_cm": 0.0,
      "depth_est_cm": 50.01994196080972,
      "corridor_score": 2.284226632092502e-19,
      "segment_id": 0
    },
    {
      "time": "2019-10-12 01:54:00+00:00",
      "CP": 45.23410714690124,
      "SCE": 4.0922501906895634e-16,
      "S_struct": 35.432266500264674,
      "admissible": false,
      "snowfall_cm": 0.0,
      "depth_est_cm": 49.83833108342638,
      "corridor_score": 2.039509198798012e-14,
      "segment_id": 0
    },
    {
      "time": "2019-10-11 22:54:00+00:00",
      "CP": 45.23410714690124,
      "SCE": 1.9788202083555922e-17,
      "S_struct": 38.46144576814996,
      "admissible": false,
      "snowfall_cm": 0.0,
      "depth_est_cm": 49.83833108342638,
      "corridor_score": 9.862109669860077e-16,
      "segment_id": 0
    }
  ],
  "top_depth_admissible": [
    {
      "time": "2019-10-29 14:54:00+00:00",
      "CP": 26.88109423793048,
      "SCE": 0.18852344738414448,
      "S_struct": 1.6685328905239736,
      "admissible": true,
      "snowfall_cm": 0.0,
      "depth_est_cm": 43.26333483230857,
      "corridor_score": 8.15615302792135,
      "segment_id": 0
    },
    {
      "time": "2019-07-27 01:54:00+00:00",
      "CP": 17.6186583670334,
      "SCE": 0.10500722917254056,
      "S_struct": 2.2537260819323244,
      "admissible": true,
      "snowfall_cm": 0.0,
      "depth_est_cm": 38.01413480702495,
      "corridor_score": 3.99175896547712,
      "segment_id": 0
    },
    {
      "time": "2019-01-15 12:54:00+00:00",
      "CP": 7.987132883205806,
      "SCE": 0.2270021741532309,
      "S_struct": 1.482795683779064,
      "admissible": true,
      "snowfall_cm": 0.0,
      "depth_est_cm": 28.545320371429575,
      "corridor_score": 6.479849786215026,
      "segment_id": 0
    },
    {
      "time": "2019-01-15 12:00:00+00:00",
      "CP": 7.987132883205806,
      "SCE": 0.2270021741532309,
      "S_struct": 1.482795683779064,
      "admissible": true,
      "snowfall_cm": 0.0,
      "depth_est_cm": 28.545320371429575,
      "corridor_score": 6.479849786215026,
      "segment_id": 0
    },
    {
      "time": "2019-01-12 18:13:00+00:00",
      "CP": 5.36422873897785,
      "SCE": 0.14140101234939798,
      "S_struct": 1.9561553660728892,
      "admissible": true,
      "snowfall_cm": 0.0,
      "depth_est_cm": 24.05900968213955,
      "corridor_score": 3.4019683251785,
      "segment_id": 0
    },
    {
      "time": "2019-01-12 13:54:00+00:00",
      "CP": 5.017731454637144,
      "SCE": 0.18081125273215864,
      "S_struct": 1.7103015943979756,
      "admissible": true,
      "snowfall_cm": 0.0,
      "depth_est_cm": 23.331234595796133,
      "corridor_score": 4.218549755053778,
      "segment_id": 0
    },
    {
      "time": "2019-07-18 12:54:00+00:00",
      "CP": 4.8853236156061115,
      "SCE": 0.09199694586866668,
      "S_struct": 2.385999899563842,
      "admissible": true,
      "snowfall_cm": 0.0,
      "depth_est_cm": 23.042002478403102,
      "corridor_score": 2.1197938547113337,
      "segment_id": 0
    },
    {
      "time": "2019-07-18 12:41:00+00:00",
      "CP": 4.8853236156061115,
      "SCE": 0.089842754312635,
      "S_struct": 2.4096943110451035,
      "admissible": true,
      "snowfall_cm": 0.0,
      "depth_est_cm": 23.042002478403102,
      "corridor_score": 2.0701569675382965,
      "segment_id": 0
    },
    {
      "time": "2019-01-12 10:54:00+00:00",
      "CP": 4.8837900978935,
      "SCE": 0.13382347623406687,
      "S_struct": 2.011233689025189,
      "admissible": true,
      "snowfall_cm": 0.0,
      "depth_est_cm": 23.038614673533157,
      "corridor_score": 3.083107503229389,
      "segment_id": 0
    },
    {
      "time": "2019-01-12 12:54:00+00:00",
      "CP": 4.8837900978935,
      "SCE": 0.21242517674789307,
      "S_struct": 1.549165462044423,
      "admissible": true,
      "snowfall_cm": 0.0,
      "depth_est_cm": 23.038614673533157,
      "corridor_score": 4.893981794051884,
      "segment_id": 0
    },
    {
      "time": "2019-01-12 11:54:00+00:00",
      "CP": 4.8837900978935,
      "SCE": 0.13382347623406687,
      "S_struct": 2.011233689025189,
      "admissible": true,
      "snowfall_cm": 0.0,
      "depth_est_cm": 23.038614673533157,
      "corridor_score": 3.083107503229389,
      "segment_id": 0
    },
    {
      "time": "2019-01-12 12:00:00+00:00",
      "CP": 4.8837900978935,
      "SCE": 0.21242517674789307,
      "S_struct": 1.549165462044423,
      "admissible": true,
      "snowfall_cm": 0.0,
      "depth_est_cm": 23.038614673533157,
      "corridor_score": 4.893981794051884,
      "segment_id": 0
    }
  ],
  "top_depth_admissible_snow": [
    {
      "time": "2019-12-06 12:43:00+00:00",
      "CP": 2.2354606040309037,
      "SCE": 0.08467256258952377,
      "S_struct": 2.4689636661721064,
      "admissible": true,
      "snowfall_cm": 0.2,
      "depth_est_cm": 15.264226890639971,
      "corridor_score": 1.2924612067784047,
      "segment_id": 0
    },
    {
      "time": "2019-12-06 13:54:00+00:00",
      "CP": 2.2182709050042804,
      "SCE": 0.08743442434938814,
      "S_struct": 2.4368662025931123,
      "admissible": true,
      "snowfall_cm": 1.3,
      "depth_est_cm": 15.194974980954237,
      "corridor_score": 1.3285638904630888,
      "segment_id": 0
    },
    {
      "time": "2019-11-12 12:00:00+00:00",
      "CP": 1.4440299750419856,
      "SCE": 0.15767102693539245,
      "S_struct": 1.8472445245593583,
      "admissible": true,
      "snowfall_cm": 4.0,
      "depth_est_cm": 11.617427977756476,
      "corridor_score": 1.831731799600823,
      "segment_id": 0
    },
    {
      "time": "2019-12-02 06:54:00+00:00",
      "CP": 1.1654418756395744,
      "SCE": 0.3830228608556278,
      "S_struct": 0.9596606026647154,
      "admissible": true,
      "snowfall_cm": 1.7999999999999998,
      "depth_est_cm": 10.044117723009991,
      "corridor_score": 3.847126705038001,
      "segment_id": 0
    },
    {
      "time": "2019-12-02 07:49:00+00:00",
      "CP": 1.1654418756395744,
      "SCE": 0.45297755637229337,
      "S_struct": 0.7919126991584924,
      "admissible": true,
      "snowfall_cm": 0.7000000000000001,
      "depth_est_cm": 10.044117723009991,
      "corridor_score": 4.549759902084709,
      "segment_id": 0
    },
    {
      "time": "2019-12-02 07:54:00+00:00",
      "CP": 1.1654418756395744,
      "SCE": 0.4607341422736973,
      "S_struct": 0.7749341002275343,
      "admissible": true,
      "snowfall_cm": 1.0,
      "depth_est_cm": 10.044117723009991,
      "corridor_score": 4.62766796400705,
      "segment_id": 0
    },
    {
      "time": "2019-12-02 06:45:00+00:00",
      "CP": 1.1654418756395744,
      "SCE": 0.3830228608556278,
      "S_struct": 0.9596606026647154,
      "admissible": true,
      "snowfall_cm": 1.5,
      "depth_est_cm": 10.044117723009991,
      "corridor_score": 3.847126705038001,
      "segment_id": 0
    },
    {
      "time": "2019-12-02 06:19:00+00:00",
      "CP": 1.1654418756395744,
      "SCE": 0.09386256677476877,
      "S_struct": 2.36592362214588,
      "admissible": true,
      "snowfall_cm": 0.7000000000000001,
      "depth_est_cm": 10.044117723009991,
      "corridor_score": 0.9427666704696638,
      "segment_id": 0
    },
    {
      "time": "2019-12-02 07:42:00+00:00",
      "CP": 1.1654418756395744,
      "SCE": 0.43012790675643797,
      "S_struct": 0.8436726569531501,
      "admissible": true,
      "snowfall_cm": 0.7000000000000001,
      "depth_est_cm": 10.044117723009991,
      "corridor_score": 4.320255331413527,
      "segment_id": 0
    },
    {
      "time": "2019-11-12 10:54:00+00:00",
      "CP": 1.1345949803901318,
      "SCE": 0.21485121151111783,
      "S_struct": 1.5378095299075045,
      "admissible": true,
      "snowfall_cm": 0.3,
      "depth_est_cm": 9.857600011337874,
      "corridor_score": 2.117917305027951,
      "segment_id": 0
    },
    {
      "time": "2019-12-17 19:54:00+00:00",
      "CP": 1.103009445011482,
      "SCE": 0.20774793913109052,
      "S_struct": 1.5714297652423985,
      "admissible": true,
      "snowfall_cm": 0.3,
      "depth_est_cm": 9.663802042946743,
      "corridor_score": 2.0076349585930084,
      "segment_id": 0
    },
    {
      "time": "2019-12-02 06:13:00+00:00",
      "CP": 1.0779292357102526,
      "SCE": 0.09089854718367162,
      "S_struct": 2.3980112605042967,
      "admissible": true,
      "snowfall_cm": 0.5,
      "depth_est_cm": 9.507833894776999,
      "corridor_score": 0.8642482878988993,
      "segment_id": 0
    }
  ],
  "top_corridor_any": [
    {
      "time": "2019-11-20 10:54:00+00:00",
      "CP": 1.4671802638179203,
      "SCE": 0.9390828860301464,
      "S_struct": 0.0628515331368511,
      "admissible": true,
      "snowfall_cm": 0.0,
      "depth_est_cm": 11.739986764084618,
      "corridor_score": 11.024820652372304,
      "segment_id": 0
    },
    {
      "time": "2019-10-29 14:54:00+00:00",
      "CP": 26.88109423793048,
      "SCE": 0.18852344738414448,
      "S_struct": 1.6685328905239736,
      "admissible": true,
      "snowfall_cm": 0.0,
      "depth_est_cm": 43.26333483230857,
      "corridor_score": 8.15615302792135,
      "segment_id": 0
    },
    {
      "time": "2019-01-12 13:00:00+00:00",
      "CP": 4.429222336108117,
      "SCE": 0.32569546981516273,
      "S_struct": 1.121792475868948,
      "admissible": true,
      "snowfall_cm": 0.0,
      "depth_est_cm": 21.993346797539992,
      "corridor_score": 7.163133418032593,
      "segment_id": 0
    },
    {
      "time": "2019-01-15 12:54:00+00:00",
      "CP": 7.987132883205806,
      "SCE": 0.2270021741532309,
      "S_struct": 1.482795683779064,
      "admissible": true,
      "snowfall_cm": 0.0,
      "depth_est_cm": 28.545320371429575,
      "corridor_score": 6.479849786215026,
      "segment_id": 0
    },
    {
      "time": "2019-01-15 12:00:00+00:00",
      "CP": 7.987132883205806,
      "SCE": 0.2270021741532309,
      "S_struct": 1.482795683779064,
      "admissible": true,
      "snowfall_cm": 0.0,
      "depth_est_cm": 28.545320371429575,
      "corridor_score": 6.479849786215026,
      "segment_id": 0
    },
    {
      "time": "2019-11-20 09:54:00+00:00",
      "CP": 1.4671802638179203,
      "SCE": 0.5051733041562899,
      "S_struct": 0.6828537320312712,
      "admissible": true,
      "snowfall_cm": 0.0,
      "depth_est_cm": 11.739986764084618,
      "corridor_score": 5.930727904363737,
      "segment_id": 0
    },
    {
      "time": "2019-11-20 08:54:00+00:00",
      "CP": 1.4671802638179203,
      "SCE": 0.5051733041562899,
      "S_struct": 0.6828537320312712,
      "admissible": true,
      "snowfall_cm": 0.0,
      "depth_est_cm": 11.739986764084618,
      "corridor_score": 5.930727904363737,
      "segment_id": 0
    },
    {
      "time": "2019-11-20 07:54:00+00:00",
      "CP": 1.4671802638179203,
      "SCE": 0.5051733041562899,
      "S_struct": 0.6828537320312712,
      "admissible": true,
      "snowfall_cm": 0.0,
      "depth_est_cm": 11.739986764084618,
      "corridor_score": 5.930727904363737,
      "segment_id": 0
    },
    {
      "time": "2019-11-20 07:00:00+00:00",
      "CP": 1.4671802638179203,
      "SCE": 0.5051733041562899,
      "S_struct": 0.6828537320312712,
      "admissible": true,
      "snowfall_cm": 0.0,
      "depth_est_cm": 11.739986764084618,
      "corridor_score": 5.930727904363737,
      "segment_id": 0
    },
    {
      "time": "2019-11-20 11:54:00+00:00",
      "CP": 1.039247313060389,
      "SCE": 0.6121459871053504,
      "S_struct": 0.49078448389438245,
      "admissible": true,
      "snowfall_cm": 0.0,
      "depth_est_cm": 9.263550082618107,
      "corridor_score": 5.670645009424111,
      "segment_id": 0
    },
    {
      "time": "2019-11-20 12:00:00+00:00",
      "CP": 1.039247313060389,
      "SCE": 0.6121459871053504,
      "S_struct": 0.49078448389438245,
      "admissible": true,
      "snowfall_cm": 0.0,
      "depth_est_cm": 9.263550082618107,
      "corridor_score": 5.670645009424111,
      "segment_id": 0
    },
    {
      "time": "2019-11-20 12:54:00+00:00",
      "CP": 1.039247313060389,
      "SCE": 0.6121459871053504,
      "S_struct": 0.49078448389438245,
      "admissible": true,
      "snowfall_cm": 0.0,
      "depth_est_cm": 9.263550082618107,
      "corridor_score": 5.670645009424111,
      "segment_id": 0
    }
  ],
  "top_corridor_admissible": [
    {
      "time": "2019-11-20 10:54:00+00:00",
      "CP": 1.4671802638179203,
      "SCE": 0.9390828860301464,
      "S_struct": 0.0628515331368511,
      "admissible": true,
      "snowfall_cm": 0.0,
      "depth_est_cm": 11.739986764084618,
      "corridor_score": 11.024820652372304,
      "segment_id": 0
    },
    {
      "time": "2019-10-29 14:54:00+00:00",
      "CP": 26.88109423793048,
      "SCE": 0.18852344738414448,
      "S_struct": 1.6685328905239736,
      "admissible": true,
      "snowfall_cm": 0.0,
      "depth_est_cm": 43.26333483230857,
      "corridor_score": 8.15615302792135,
      "segment_id": 0
    },
    {
      "time": "2019-01-12 13:00:00+00:00",
      "CP": 4.429222336108117,
      "SCE": 0.32569546981516273,
      "S_struct": 1.121792475868948,
      "admissible": true,
      "snowfall_cm": 0.0,
      "depth_est_cm": 21.993346797539992,
      "corridor_score": 7.163133418032593,
      "segment_id": 0
    },
    {
      "time": "2019-01-15 12:00:00+00:00",
      "CP": 7.987132883205806,
      "SCE": 0.2270021741532309,
      "S_struct": 1.482795683779064,
      "admissible": true,
      "snowfall_cm": 0.0,
      "depth_est_cm": 28.545320371429575,
      "corridor_score": 6.479849786215026,
      "segment_id": 0
    },
    {
      "time": "2019-01-15 12:54:00+00:00",
      "CP": 7.987132883205806,
      "SCE": 0.2270021741532309,
      "S_struct": 1.482795683779064,
      "admissible": true,
      "snowfall_cm": 0.0,
      "depth_est_cm": 28.545320371429575,
      "corridor_score": 6.479849786215026,
      "segment_id": 0
    },
    {
      "time": "2019-11-20 07:00:00+00:00",
      "CP": 1.4671802638179203,
      "SCE": 0.5051733041562899,
      "S_struct": 0.6828537320312712,
      "admissible": true,
      "snowfall_cm": 0.0,
      "depth_est_cm": 11.739986764084618,
      "corridor_score": 5.930727904363737,
      "segment_id": 0
    },
    {
      "time": "2019-11-20 07:54:00+00:00",
      "CP": 1.4671802638179203,
      "SCE": 0.5051733041562899,
      "S_struct": 0.6828537320312712,
      "admissible": true,
      "snowfall_cm": 0.0,
      "depth_est_cm": 11.739986764084618,
      "corridor_score": 5.930727904363737,
      "segment_id": 0
    },
    {
      "time": "2019-11-20 08:54:00+00:00",
      "CP": 1.4671802638179203,
      "SCE": 0.5051733041562899,
      "S_struct": 0.6828537320312712,
      "admissible": true,
      "snowfall_cm": 0.0,
      "depth_est_cm": 11.739986764084618,
      "corridor_score": 5.930727904363737,
      "segment_id": 0
    },
    {
      "time": "2019-11-20 09:54:00+00:00",
      "CP": 1.4671802638179203,
      "SCE": 0.5051733041562899,
      "S_struct": 0.6828537320312712,
      "admissible": true,
      "snowfall_cm": 0.0,
      "depth_est_cm": 11.739986764084618,
      "corridor_score": 5.930727904363737,
      "segment_id": 0
    },
    {
      "time": "2019-11-20 13:54:00+00:00",
      "CP": 1.039247313060389,
      "SCE": 0.6121459871053504,
      "S_struct": 0.49078448389438245,
      "admissible": true,
      "snowfall_cm": 0.0,
      "depth_est_cm": 9.263550082618107,
      "corridor_score": 5.670645009424111,
      "segment_id": 0
    },
    {
      "time": "2019-11-20 14:34:00+00:00",
      "CP": 1.039247313060389,
      "SCE": 0.6121459871053504,
      "S_struct": 0.49078448389438245,
      "admissible": true,
      "snowfall_cm": 0.0,
      "depth_est_cm": 9.263550082618107,
      "corridor_score": 5.670645009424111,
      "segment_id": 0
    },
    {
      "time": "2019-11-20 11:54:00+00:00",
      "CP": 1.039247313060389,
      "SCE": 0.6121459871053504,
      "S_struct": 0.49078448389438245,
      "admissible": true,
      "snowfall_cm": 0.0,
      "depth_est_cm": 9.263550082618107,
      "corridor_score": 5.670645009424111,
      "segment_id": 0
    }
  ],
  "top_corridor_admissible_snow": [
    {
      "time": "2019-12-02 07:54:00+00:00",
      "CP": 1.1654418756395744,
      "SCE": 0.4607341422736973,
      "S_struct": 0.7749341002275343,
      "admissible": true,
      "snowfall_cm": 1.0,
      "depth_est_cm": 10.044117723009991,
      "corridor_score": 4.62766796400705,
      "segment_id": 0
    },
    {
      "time": "2019-12-02 07:49:00+00:00",
      "CP": 1.1654418756395744,
      "SCE": 0.45297755637229337,
      "S_struct": 0.7919126991584924,
      "admissible": true,
      "snowfall_cm": 0.7000000000000001,
      "depth_est_cm": 10.044117723009991,
      "corridor_score": 4.549759902084709,
      "segment_id": 0
    },
    {
      "time": "2019-12-02 07:42:00+00:00",
      "CP": 1.1654418756395744,
      "SCE": 0.43012790675643797,
      "S_struct": 0.8436726569531501,
      "admissible": true,
      "snowfall_cm": 0.7000000000000001,
      "depth_est_cm": 10.044117723009991,
      "corridor_score": 4.320255331413527,
      "segment_id": 0
    },
    {
      "time": "2019-02-28 07:54:00+00:00",
      "CP": 0.6931855533557275,
      "SCE": 0.5823347593613559,
      "S_struct": 0.5407098087017486,
      "admissible": true,
      "snowfall_cm": 0.3,
      "depth_est_cm": 6.845952067156427,
      "corridor_score": 3.9866358496269148,
      "segment_id": 0
    },
    {
      "time": "2019-02-28 07:22:00+00:00",
      "CP": 0.6931855533557275,
      "SCE": 0.5823347593613559,
      "S_struct": 0.5407098087017486,
      "admissible": true,
      "snowfall_cm": 0.2,
      "depth_est_cm": 6.845952067156427,
      "corridor_score": 3.9866358496269148,
      "segment_id": 0
    },
    {
      "time": "2019-12-02 06:54:00+00:00",
      "CP": 1.1654418756395744,
      "SCE": 0.3830228608556278,
      "S_struct": 0.9596606026647154,
      "admissible": true,
      "snowfall_cm": 1.7999999999999998,
      "depth_est_cm": 10.044117723009991,
      "corridor_score": 3.847126705038001,
      "segment_id": 0
    },
    {
      "time": "2019-12-02 06:45:00+00:00",
      "CP": 1.1654418756395744,
      "SCE": 0.3830228608556278,
      "S_struct": 0.9596606026647154,
      "admissible": true,
      "snowfall_cm": 1.5,
      "depth_est_cm": 10.044117723009991,
      "corridor_score": 3.847126705038001,
      "segment_id": 0
    },
    {
      "time": "2019-12-02 08:31:00+00:00",
      "CP": 0.9597756622914142,
      "SCE": 0.3750858621167492,
      "S_struct": 0.9806003135756944,
      "admissible": true,
      "snowfall_cm": 0.5,
      "depth_est_cm": 8.746790112801296,
      "corridor_score": 3.280797310214332,
      "segment_id": 0
    },
    {
      "time": "2019-02-28 12:00:00+00:00",
      "CP": 0.7063367103478054,
      "SCE": 0.45443098219508626,
      "S_struct": 0.7887092312518895,
      "admissible": true,
      "snowfall_cm": 0.3,
      "depth_est_cm": 6.946534372847412,
      "corridor_score": 3.156720437904977,
      "segment_id": 0
    },
    {
      "time": "2019-11-11 21:15:00+00:00",
      "CP": 0.5438225914315234,
      "SCE": 0.5159058221342147,
      "S_struct": 0.6618310454022784,
      "admissible": true,
      "snowfall_cm": 0.7000000000000001,
      "depth_est_cm": 5.645400060017436,
      "corridor_score": 2.91249475923984,
      "segment_id": 0
    },
    {
      "time": "2019-11-12 10:16:00+00:00",
      "CP": 0.7730736323367906,
      "SCE": 0.30842142080121265,
      "S_struct": 1.1762881818541633,
      "admissible": true,
      "snowfall_cm": 0.2,
      "depth_est_cm": 7.44528922839672,
      "corridor_score": 2.2962866820980805,
      "segment_id": 0
    },
    {
      "time": "2019-12-03 00:54:00+00:00",
      "CP": 0.8207339954803988,
      "SCE": 0.29229957182678934,
      "S_struct": 1.2299760717076473,
      "admissible": true,
      "snowfall_cm": 0.3,
      "depth_est_cm": 7.790116282096817,
      "corridor_score": 2.2770476537378,
      "segment_id": 0
    }
  ],
  "observed_snow_events_first200": [
    {
      "time": "2019-01-03 02:54:00+00:00",
      "CP": 2.8342601059022727,
      "SCE": 0.009403689427988584,
      "S_struct": 4.6666531743719375,
      "admissible": false,
      "snowfall_cm": 0.3,
      "depth_est_cm": 17.471694295085374,
      "corridor_score": 0.16429838693174278,
      "segment_id": 0
    },
    {
      "time": "2019-01-03 03:00:00+00:00",
      "CP": 1.5588430582462502,
      "SCE": 0.002626586401562949,
      "S_struct": 5.942070222027961,
      "admissible": false,
      "snowfall_cm": 0.2,
      "depth_est_cm": 12.214217937578848,
      "corridor_score": 0.032081698740570846,
      "segment_id": 0
    },
    {
      "time": "2019-01-03 03:09:00+00:00",
      "CP": 1.4171300529511364,
      "SCE": 0.0061019872268073625,
      "S_struct": 5.099140785969535,
      "admissible": false,
      "snowfall_cm": 0.2,
      "depth_est_cm": 11.473551802261845,
      "corridor_score": 0.07001146654351437,
      "segment_id": 0
    },
    {
      "time": "2019-01-03 03:15:00+00:00",
      "CP": 1.4171300529512656,
      "SCE": 0.017959535705874247,
      "S_struct": 4.019634068008263,
      "admissible": false,
      "snowfall_cm": 0.2,
      "depth_est_cm": 11.473551802262541,
      "corridor_score": 0.20605966326593192,
      "segment_id": 0
    },
    {
      "time": "2019-01-03 03:23:00+00:00",
      "CP": 1.2892138426031774,
      "SCE": 0.01580308225797101,
      "S_struct": 4.147550278356352,
      "admissible": false,
      "snowfall_cm": 0.5,
      "depth_est_cm": 10.766709959874294,
      "corridor_score": 0.1701472031436092,
      "segment_id": 0
    },
    {
      "time": "2019-01-03 03:36:00+00:00",
      "CP": 1.1560351018804973,
      "SCE": 0.013832574199291757,
      "S_struct": 4.280729019079033,
      "admissible": false,
      "snowfall_cm": 0.5,
      "depth_est_cm": 9.987522141153114,
      "corridor_score": 0.13815314108456975,
      "segment_id": 0
    },
    {
      "time": "2019-01-03 03:51:00+00:00",
      "CP": 0.9015380138237822,
      "SCE": 0.010724482070427796,
      "S_struct": 4.535226107135747,
      "admissible": false,
      "snowfall_cm": 0.7000000000000001,
      "depth_est_cm": 8.354619515830475,
      "corridor_score": 0.08959896720277008,
      "segment_id": 0
    },
    {
      "time": "2019-01-03 03:54:00+00:00",
      "CP": 0.9015380138237822,
      "SCE": 0.010724482070427796,
      "S_struct": 4.535226107135747,
      "admissible": false,
      "snowfall_cm": 0.5,
      "depth_est_cm": 8.354619515830475,
      "corridor_score": 0.08959896720277008,
      "segment_id": 0
    },
    {
      "time": "2019-01-03 06:00:00+00:00",
      "CP": 0.8975828023050987,
      "SCE": 0.016969475814141093,
      "S_struct": 4.076339089185316,
      "admissible": false,
      "snowfall_cm": 0.8,
      "depth_est_cm": 8.327551269882015,
      "corridor_score": 0.1413141798652828,
      "segment_id": 0
    },
    {
      "time": "2019-01-07 20:20:00+00:00",
      "CP": 5.394516734457826,
      "SCE": 0.00017079850811442957,
      "S_struct": 8.675026011340988,
      "admissible": false,
      "snowfall_cm": 0.2,
      "depth_est_cm": 24.12073121764592,
      "corridor_score": 0.004119784906603071,
      "segment_id": 0
    },
    {
      "time": "2019-01-07 20:30:00+00:00",
      "CP": 5.394516734457826,
      "SCE": 0.00017079850811442957,
      "S_struct": 8.675026011340988,
      "admissible": false,
      "snowfall_cm": 0.2,
      "depth_est_cm": 24.12073121764592,
      "corridor_score": 0.004119784906603071,
      "segment_id": 0
    },
    {
      "time": "2019-01-07 20:44:00+00:00",
      "CP": 5.394516734457826,
      "SCE": 0.00029235390552125967,
      "S_struct": 8.137545484371591,
      "admissible": false,
      "snowfall_cm": 0.2,
      "depth_est_cm": 24.12073121764592,
      "corridor_score": 0.007051789975507354,
      "segment_id": 0
    },
    {
      "time": "2019-01-07 20:54:00+00:00",
      "CP": 6.224442385912877,
      "SCE": 0.00024298897076227232,
      "S_struct": 8.322494503463362,
      "admissible": false,
      "snowfall_cm": 0.3,
      "depth_est_cm": 25.70711068379643,
      "corridor_score": 0.006246544366327509,
      "segment_id": 0
    },
    {
      "time": "2019-01-10 04:16:00+00:00",
      "CP": 2.31745521174664,
      "SCE": 0.0016060145658914134,
      "S_struct": 6.433999593827829,
      "admissible": false,
      "snowfall_cm": 0.2,
      "depth_est_cm": 15.589573824879796,
      "corridor_score": 0.025037082638796466,
      "segment_id": 0
    },
    {
      "time": "2019-01-10 04:54:00+00:00",
      "CP": 2.8324452588014495,
      "SCE": 0.0016657714059920914,
      "S_struct": 6.397466955941077,
      "admissible": false,
      "snowfall_cm": 0.3,
      "depth_est_cm": 17.465539627172873,
      "corridor_score": 0.029093596501166344,
      "segment_id": 0
    },
    {
      "time": "2019-01-10 05:20:00+00:00",
      "CP": 2.8324452588014495,
      "SCE": 0.003757984495561203,
      "S_struct": 5.58387250371486,
      "admissible": false,
      "snowfall_cm": 0.2,
      "depth_est_cm": 17.465539627172873,
      "corridor_score": 0.06563522712552546,
      "segment_id": 0
    },
    {
      "time": "2019-01-10 05:54:00+00:00",
      "CP": 3.0109583750976916,
      "SCE": 0.005182399990585619,
      "S_struct": 5.262487011363816,
      "admissible": false,
      "snowfall_cm": 0.3,
      "depth_est_cm": 18.057392717612682,
      "corridor_score": 0.09358063184975678,
      "segment_id": 0
    },
    {
      "time": "2019-01-10 06:00:00+00:00",
      "CP": 3.0109583750976916,
      "SCE": 0.007859315232879268,
      "S_struct": 4.846055796835054,
      "admissible": false,
      "snowfall_cm": 0.5,
      "depth_est_cm": 18.057392717612682,
      "corridor_score": 0.14191874165161653,
      "segment_id": 0
    },
    {
      "time": "2019-01-10 06:54:00+00:00",
      "CP": 2.5681703787597954,
      "SCE": 0.0077275687038996605,
      "S_struct": 4.862960993166124,
      "admissible": false,
      "snowfall_cm": 0.3,
      "depth_est_cm": 16.536688551139108,
      "corridor_score": 0.12778839691391838,
      "segment_id": 0
    },
    {
      "time": "2019-01-10 07:36:00+00:00",
      "CP": 2.9224007758301123,
      "SCE": 0.005422537551087868,
      "S_struct": 5.21719139023644,
      "admissible": false,
      "snowfall_cm": 0.2,
      "depth_est_cm": 17.76715081894497,
      "corridor_score": 0.09634304249157066,
      "segment_id": 0
    },
    {
      "time": "2019-01-10 07:54:00+00:00",
      "CP": 2.9224007758301123,
      "SCE": 0.005422537551087868,
      "S_struct": 5.21719139023644,
      "admissible": false,
      "snowfall_cm": 0.3,
      "depth_est_cm": 17.76715081894497,
      "corridor_score": 0.09634304249157066,
      "segment_id": 0
    },
    {
      "time": "2019-01-10 08:54:00+00:00",
      "CP": 1.6380855339970886,
      "SCE": 0.002323555273943887,
      "S_struct": 6.064656820635093,
      "admissible": false,
      "snowfall_cm": 0.3,
      "depth_est_cm": 12.610695208465804,
      "corridor_score": 0.029301647359729625,
      "segment_id": 0
    },
    {
      "time": "2019-01-10 09:54:00+00:00",
      "CP": 1.0657106010190178,
      "SCE": 0.0031453702902300186,
      "S_struct": 5.761823656418647,
      "admissible": false,
      "snowfall_cm": 0.3,
      "depth_est_cm": 9.431165691150447,
      "corridor_score": 0.029664508367181274,
      "segment_id": 0
    },
    {
      "time": "2019-01-10 12:00:00+00:00",
      "CP": 0.7961038282229825,
      "SCE": 0.006643452178735492,
      "S_struct": 5.014123544162252,
      "admissible": false,
      "snowfall_cm": 1.0,
      "depth_est_cm": 7.61305712730687,
      "corridor_score": 0.050576980959244594,
      "segment_id": 0
    },
    {
      "time": "2019-01-10 14:21:00+00:00",
      "CP": 0.5473213819033004,
      "SCE": 0.0182142121845521,
      "S_struct": 4.005553100373669,
      "admissible": false,
      "snowfall_cm": 0.2,
      "depth_est_cm": 5.674828838456371,
      "corridor_score": 0.10336253657465967,
      "segment_id": 0
    },
    {
      "time": "2019-01-10 14:50:00+00:00",
      "CP": 0.5155858961990274,
      "SCE": 0.021093813727007284,
      "S_struct": 3.8587754697817003,
      "admissible": false,
      "snowfall_cm": 0.2,
      "depth_est_cm": 5.405427226743326,
      "corridor_score": 0.11402107503581728,
      "segment_id": 0
    },
    {
      "time": "2019-01-10 14:54:00+00:00",
      "CP": 0.5155858961990274,
      "SCE": 0.021093813727007284,
      "S_struct": 3.8587754697817003,
      "admissible": false,
      "snowfall_cm": 0.3,
      "depth_est_cm": 5.405427226743326,
      "corridor_score": 0.11402107503581728,
      "segment_id": 0
    },
    {
      "time": "2019-01-10 18:00:00+00:00",
      "CP": 0.5732376660920847,
      "SCE": 0.19818615348414853,
      "S_struct": 1.6185485208579045,
      "admissible": true,
      "snowfall_cm": 0.3,
      "depth_est_cm": 5.8907641471988645,
      "corridor_score": 1.1674678874156734,
      "segment_id": 0
    },
    {
      "time": "2019-01-17 12:00:00+00:00",
      "CP": 19.654801086077043,
      "SCE": 6.34817308209417e-10,
      "S_struct": 21.177683862037696,
      "admissible": false,
      "snowfall_cm": 0.5,
      "depth_est_cm": 39.36332127648251,
      "corridor_score": 2.49885176549191e-08,
      "segment_id": 0
    },
    {
      "time": "2019-01-18 15:54:00+00:00",
      "CP": 2.08116187774686,
      "SCE": 8.080230305073356e-05,
      "S_struct": 9.423505089740292,
      "admissible": false,
      "snowfall_cm": 0.3,
      "depth_est_cm": 14.628987865513912,
      "corridor_score": 0.001182055910834759,
      "segment_id": 0
    },
    {
      "time": "2019-01-19 08:33:00+00:00",
      "CP": 6.349279195697105,
      "SCE": 5.797217621831348e-05,
      "S_struct": 9.755547382894392,
      "admissible": false,
      "snowfall_cm": 0.2,
      "depth_est_cm": 25.92982911743985,
      "corridor_score": 0.001503208622906979,
      "segment_id": 0
    },
    {
      "time": "2019-01-20 13:54:00+00:00",
      "CP": 2.59623224754977,
      "SCE": 0.010384528504765437,
      "S_struct": 4.567438224248014,
      "admissible": false,
      "snowfall_cm": 0.3,
      "depth_est_cm": 16.638527093411614,
      "corridor_score": 0.1727832588788449,
      "segment_id": 0
    },
    {
      "time": "2019-01-20 14:54:00+00:00",
      "CP": 2.59623224754977,
      "SCE": 0.01305365330241808,
      "S_struct": 4.33868723784571,
      "admissible": false,
      "snowfall_cm": 0.3,
      "depth_est_cm": 16.638527093411614,
      "corridor_score": 0.21719356414028523,
      "segment_id": 0
    },
    {
      "time": "2019-01-21 16:54:00+00:00",
      "CP": 1.485116731667189,
      "SCE": 0.016682048366275667,
      "S_struct": 4.093422085857744,
      "admissible": false,
      "snowfall_cm": 0.3,
      "depth_est_cm": 11.834155228470683,
      "corridor_score": 0.19741794989536202,
      "segment_id": 0
    },
    {
      "time": "2019-01-22 03:43:00+00:00",
      "CP": 2.5254000768582956,
      "SCE": 0.001110044659943139,
      "S_struct": 6.803355030284259,
      "admissible": false,
      "snowfall_cm": 0.2,
      "depth_est_cm": 16.379921048465178,
      "corridor_score": 0.018182443890138993,
      "segment_id": 0
    },
    {
      "time": "2019-01-22 03:54:00+00:00",
      "CP": 1.999275060846151,
      "SCE": 0.0008918482924239931,
      "S_struct": 7.022214515606642,
      "admissible": false,
      "snowfall_cm": 0.3,
      "depth_est_cm": 14.27881797006992,
      "corridor_score": 0.012734539424439886,
      "segment_id": 0
    },
    {
      "time": "2019-01-22 06:00:00+00:00",
      "CP": 2.546251825674426,
      "SCE": 0.0027615095238779233,
      "S_struct": 5.891977819822923,
      "admissible": false,
      "snowfall_cm": 0.3,
      "depth_est_cm": 16.4565858854683,
      "corridor_score": 0.04544501865323572,
      "segment_id": 0
    },
    {
      "time": "2019-01-22 08:54:00+00:00",
      "CP": 3.000939651687716,
      "SCE": 0.0008353534732950279,
      "S_struct": 7.087655601377196,
      "admissible": false,
      "snowfall_cm": 0.3,
      "depth_est_cm": 18.024880203903294,
      "corridor_score": 0.015057146284057406,
      "segment_id": 0
    },
    {
      "time": "2019-01-22 19:54:00+00:00",
      "CP": 11.42462212610612,
      "SCE": 1.1205920828090001e-05,
      "S_struct": 11.399068273981781,
      "admissible": false,
      "snowfall_cm": 0.3,
      "depth_est_cm": 32.755842068747214,
      "corridor_score": 0.0003670593728798011,
      "segment_id": 0
    },
    {
      "time": "2019-01-23 08:34:00+00:00",
      "CP": 6.266483133351684,
      "SCE": 2.982132474797625e-21,
      "S_struct": 47.2616483127044,
      "admissible": false,
      "snowfall_cm": 0.2,
      "depth_est_cm": 25.782541511086944,
      "corridor_score": 7.68869543230302e-20,
      "segment_id": 0
    },
    {
      "time": "2019-01-23 08:54:00+00:00",
      "CP": 6.417271797856479,
      "SCE": 1.4295728763002563e-20,
      "S_struct": 45.69432614812713,
      "admissible": false,
      "snowfall_cm": 0.5,
      "depth_est_cm": 26.049546995394252,
      "corridor_score": 3.723972582452446e-19,
      "segment_id": 0
    },
    {
      "time": "2019-01-24 18:00:00+00:00",
      "CP": 3.259359185759573,
      "SCE": 0.00012469064406754504,
      "S_struct": 8.98967473561869,
      "admissible": false,
      "snowfall_cm": 3.0,
      "depth_est_cm": 18.838543400145788,
      "corridor_score": 0.002348990109858578,
      "segment_id": 0
    },
    {
      "time": "2019-01-25 07:54:00+00:00",
      "CP": 1.854432874402822,
      "SCE": 0.0008758144912110219,
      "S_struct": 7.040356257477844,
      "admissible": false,
      "snowfall_cm": 0.3,
      "depth_est_cm": 13.635351345650232,
      "corridor_score": 0.011942038301274181,
      "segment_id": 0
    },
    {
      "time": "2019-01-25 16:54:00+00:00",
      "CP": 5.963951847768137,
      "SCE": 0.004054639756478901,
      "S_struct": 5.507893434700567,
      "admissible": false,
      "snowfall_cm": 0.3,
      "depth_est_cm": 25.22971239661264,
      "corridor_score": 0.10229739492783418,
      "segment_id": 0
    },
    {
      "time": "2019-01-25 23:54:00+00:00",
      "CP": 7.11589240961604,
      "SCE": 0.00016335139581547886,
      "S_struct": 8.71960687501658,
      "admissible": false,
      "snowfall_cm": 0.3,
      "depth_est_cm": 27.21971414887504,
      "corridor_score": 0.004446378299917076,
      "segment_id": 0
    },
    {
      "time": "2019-01-28 13:34:00+00:00",
      "CP": 6.764427664661645,
      "SCE": 4.865134424353611e-11,
      "S_struct": 23.7463416767731,
      "admissible": false,
      "snowfall_cm": 0.2,
      "depth_est_cm": 26.64418570868475,
      "corridor_score": 1.2962754510019269e-09,
      "segment_id": 0
    },
    {
      "time": "2019-01-28 13:54:00+00:00",
      "CP": 6.764427664661645,
      "SCE": 1.6497573961639394e-10,
      "S_struct": 22.52522268546624,
      "admissible": false,
      "snowfall_cm": 0.3,
      "depth_est_cm": 26.64418570868475,
      "corridor_score": 4.3956442437668194e-09,
      "segment_id": 0
    },
    {
      "time": "2019-01-28 18:00:00+00:00",
      "CP": 4.295945906925356,
      "SCE": 3.8664266689943406e-11,
      "S_struct": 23.976105283780146,
      "admissible": false,
      "snowfall_cm": 0.3,
      "depth_est_cm": 21.670240860234262,
      "corridor_score": 8.378639718554062e-10,
      "segment_id": 0
    },
    {
      "time": "2019-02-06 15:15:00+00:00",
      "CP": 0.9411588787691167,
      "SCE": 3.609983208244413e-06,
      "S_struct": 12.531807437086144,
      "admissible": false,
      "snowfall_cm": 1.0,
      "depth_est_cm": 8.622707013920047,
      "corridor_score": 3.112782752986269e-05,
      "segment_id": 0
    },
    {
      "time": "2019-02-06 15:32:00+00:00",
      "CP": 0.9411588787691167,
      "SCE": 4.3947930439902824e-06,
      "S_struct": 12.335090116902798,
      "admissible": false,
      "snowfall_cm": 2.7,
      "depth_est_cm": 8.622707013920047,
      "corridor_score": 3.789501280514205e-05,
      "segment_id": 0
    },
    {
      "time": "2019-02-06 15:54:00+00:00",
      "CP": 1.2940934583075354,
      "SCE": 1.9507427026851086e-05,
      "S_struct": 10.844715291736497,
      "admissible": false,
      "snowfall_cm": 3.8,
      "depth_est_cm": 10.794390856641337,
      "corridor_score": 0.00021057079193523948,
      "segment_id": 0
    },
    {
      "time": "2019-02-06 16:34:00+00:00",
      "CP": 1.6060061028828938,
      "SCE": 1.463283082510469e-05,
      "S_struct": 11.132242867110955,
      "admissible": false,
      "snowfall_cm": 1.5,
      "depth_est_cm": 12.451644667257565,
      "corridor_score": 0.0001822028099102969,
      "segment_id": 0
    },
    {
      "time": "2019-02-06 16:54:00+00:00",
      "CP": 1.9744732948654018,
      "SCE": 1.7106139920422466e-05,
      "S_struct": 10.97607309922833,
      "admissible": false,
      "snowfall_cm": 2.5,
      "depth_est_cm": 14.170870734550109,
      "corridor_score": 0.00024240889757943404,
      "segment_id": 0
    },
    {
      "time": "2019-02-06 16:59:00+00:00",
      "CP": 2.441554631042238,
      "SCE": 1.4630920776062134e-05,
      "S_struct": 11.132373407382845,
      "admissible": false,
      "snowfall_cm": 0.2,
      "depth_est_cm": 16.067002860029294,
      "corridor_score": 0.00023507504595385233,
      "segment_id": 0
    },
    {
      "time": "2019-02-06 17:10:00+00:00",
      "CP": 2.441554631042238,
      "SCE": 2.4312123513646295e-05,
      "S_struct": 10.624535422005403,
      "admissible": false,
      "snowfall_cm": 0.7000000000000001,
      "depth_est_cm": 16.067002860029294,
      "corridor_score": 0.0003906229580271405,
      "segment_id": 0
    },
    {
      "time": "2019-02-06 17:54:00+00:00",
      "CP": 2.9841223268294024,
      "SCE": 5.5478149419253466e-05,
      "S_struct": 9.79952131889131,
      "admissible": false,
      "snowfall_cm": 2.0,
      "depth_est_cm": 17.97012156909359,
      "corridor_score": 0.0009969490894923237,
      "segment_id": 0
    },
    {
      "time": "2019-02-06 18:00:00+00:00",
      "CP": 2.9841223268294024,
      "SCE": 5.5478149419253364e-05,
      "S_struct": 9.799521318891312,
      "admissible": false,
      "snowfall_cm": 8.0,
      "depth_est_cm": 17.97012156909359,
      "corridor_score": 0.0009969490894923218,
      "segment_id": 0
    },
    {
      "time": "2019-02-12 12:49:00+00:00",
      "CP": 2.7286900759816795,
      "SCE": 0.002820744657476747,
      "S_struct": 5.8707543659555785,
      "admissible": false,
      "snowfall_cm": 0.2,
      "depth_est_cm": 17.108740816850336,
      "corridor_score": 0.048259389255284946,
      "segment_id": 0
    },
    {
      "time": "2019-02-12 12:54:00+00:00",
      "CP": 2.842456092715325,
      "SCE": 0.002517420827587738,
      "S_struct": 5.984520382689224,
      "admissible": false,
      "snowfall_cm": 0.5,
      "depth_est_cm": 17.499453005006707,
      "corridor_score": 0.044053487466196715,
      "segment_id": 0
    },
    {
      "time": "2019-02-12 13:54:00+00:00",
      "CP": 0.7774001157088556,
      "SCE": 0.0005931755261434045,
      "S_struct": 7.430020205895832,
      "admissible": false,
      "snowfall_cm": 2.0,
      "depth_est_cm": 7.476971936489908,
      "corridor_score": 0.004435156762386871,
      "segment_id": 0
    },
    {
      "time": "2019-02-12 14:18:00+00:00",
      "CP": 0.8565372612287888,
      "SCE": 0.0007772952192542222,
      "S_struct": 7.159690332198291,
      "admissible": false,
      "snowfall_cm": 1.2000000000000002,
      "depth_est_cm": 8.043269846556203,
      "corridor_score": 0.006251995198899778,
      "segment_id": 0
    },
    {
      "time": "2019-02-12 14:54:00+00:00",
      "CP": 0.8565372612287888,
      "SCE": 0.0007772952192542222,
      "S_struct": 7.159690332198291,
      "admissible": false,
      "snowfall_cm": 2.8000000000000003,
      "depth_est_cm": 8.043269846556203,
      "corridor_score": 0.006251995198899778,
      "segment_id": 0
    },
    {
      "time": "2019-02-12 15:14:00+00:00",
      "CP": 1.602654005207727,
      "SCE": 0.0003685968435263321,
      "S_struct": 7.90580707617723,
      "admissible": false,
      "snowfall_cm": 1.0,
      "depth_est_cm": 12.434912043170364,
      "corridor_score": 0.0045834693286401695,
      "segment_id": 0
    },
    {
      "time": "2019-02-12 15:21:00+00:00",
      "CP": 1.602654005207727,
      "SCE": 0.0003685968435263321,
      "S_struct": 7.90580707617723,
      "admissible": false,
      "snowfall_cm": 1.2000000000000002,
      "depth_est_cm": 12.434912043170364,
      "corridor_score": 0.0045834693286401695,
      "segment_id": 0
    },
    {
      "time": "2019-02-12 15:54:00+00:00",
      "CP": 2.476828917139214,
      "SCE": 0.00017375617279008753,
      "S_struct": 8.657857547301012,
      "admissible": false,
      "snowfall_cm": 3.8,
      "depth_est_cm": 16.199568419530294,
      "corridor_score": 0.002814775009428751,
      "segment_id": 0
    },
    {
      "time": "2019-02-12 16:02:00+00:00",
      "CP": 3.217166534627569,
      "SCE": 8.287350367794178e-05,
      "S_struct": 9.398195164789367,
      "admissible": false,
      "snowfall_cm": 0.2,
      "depth_est_cm": 18.709125048131764,
      "corridor_score": 0.0015504907434874204,
      "segment_id": 0
    },
    {
      "time": "2019-02-12 16:20:00+00:00",
      "CP": 4.094575589525996,
      "SCE": 5.359582670802813e-05,
      "S_struct": 9.834039352843607,
      "admissible": false,
      "snowfall_cm": 0.5,
      "depth_est_cm": 21.16629272938719,
      "corridor_score": 0.0011344249571756317,
      "segment_id": 0
    },
    {
      "time": "2019-02-12 16:22:00+00:00",
      "CP": 4.102730104466404,
      "SCE": 5.316055586168612e-05,
      "S_struct": 9.842193867784015,
      "admissible": false,
      "snowfall_cm": 0.5,
      "depth_est_cm": 21.187084244323238,
      "corridor_score": 0.0011263171755165953,
      "segment_id": 0
    },
    {
      "time": "2019-02-12 16:54:00+00:00",
      "CP": 4.835360480263977,
      "SCE": 2.5551251922747884e-05,
      "S_struct": 10.574824243581588,
      "admissible": false,
      "snowfall_cm": 1.3,
      "depth_est_cm": 22.931168556345742,
      "corridor_score": 0.0005859200646661849,
      "segment_id": 0
    },
    {
      "time": "2019-02-12 17:40:00+00:00",
      "CP": 4.835360480263977,
      "SCE": 3.973085271650372e-05,
      "S_struct": 10.133382525581688,
      "admissible": false,
      "snowfall_cm": 0.5,
      "depth_est_cm": 22.931168556345742,
      "corridor_score": 0.0009110748805294938,
      "segment_id": 0
    },
    {
      "time": "2019-02-12 17:54:00+00:00",
      "CP": 4.835360480263977,
      "SCE": 3.973085271650372e-05,
      "S_struct": 10.133382525581688,
      "admissible": false,
      "snowfall_cm": 0.5,
      "depth_est_cm": 22.931168556345742,
      "corridor_score": 0.0009110748805294938,
      "segment_id": 0
    },
    {
      "time": "2019-02-12 18:00:00+00:00",
      "CP": 4.835360480263977,
      "SCE": 4.5580191948666475e-05,
      "S_struct": 9.996037322907984,
      "admissible": false,
      "snowfall_cm": 11.0,
      "depth_est_cm": 22.931168556345742,
      "corridor_score": 0.001045207064405464,
      "segment_id": 0
    },
    {
      "time": "2019-02-12 18:36:00+00:00",
      "CP": 4.493366828306657,
      "SCE": 0.00011003281818454468,
      "S_struct": 9.114731889536289,
      "admissible": false,
      "snowfall_cm": 0.5,
      "depth_est_cm": 22.146037331347117,
      "corridor_score": 0.0024367908991882563,
      "segment_id": 0
    },
    {
      "time": "2019-02-12 18:54:00+00:00",
      "CP": 4.173484811946987,
      "SCE": 7.990965244675001e-05,
      "S_struct": 9.434613905895958,
      "admissible": false,
      "snowfall_cm": 1.0,
      "depth_est_cm": 21.366104582135932,
      "corridor_score": 0.0017073579912993953,
      "segment_id": 0
    },
    {
      "time": "2019-02-12 19:12:00+00:00",
      "CP": 3.1520038274055295,
      "SCE": 6.793562707894146e-05,
      "S_struct": 9.596949961758108,
      "admissible": false,
      "snowfall_cm": 0.2,
      "depth_est_cm": 18.506683879908948,
      "corridor_score": 0.0012572631745333517,
      "segment_id": 0
    },
    {
      "time": "2019-02-12 19:18:00+00:00",
      "CP": 1.8728990629138167,
      "SCE": 2.6381452269946832e-05,
      "S_struct": 10.54284936025914,
      "admissible": false,
      "snowfall_cm": 0.2,
      "depth_est_cm": 13.719181403042912,
      "corridor_score": 0.0003619319293671188,
      "segment_id": 0
    },
    {
      "time": "2019-02-12 19:33:00+00:00",
      "CP": 1.3977226928153765,
      "SCE": 2.95881698576972e-05,
      "S_struct": 10.428135943492078,
      "admissible": false,
      "snowfall_cm": 0.2,
      "depth_est_cm": 11.368752315577806,
      "corridor_score": 0.0003363805745834045,
      "segment_id": 0
    },
    {
      "time": "2019-02-12 19:40:00+00:00",
      "CP": 1.3977226928153765,
      "SCE": 6.287133976300209e-05,
      "S_struct": 9.674420145743838,
      "admissible": false,
      "snowfall_cm": 0.5,
      "depth_est_cm": 11.368752315577806,
      "corridor_score": 0.0007147686895141091,
      "segment_id": 0
    },
    {
      "time": "2019-02-12 19:54:00+00:00",
      "CP": 1.143591294121672,
      "SCE": 5.463774969782177e-05,
      "S_struct": 9.814785527703897,
      "admissible": false,
      "snowfall_cm": 0.3,
      "depth_est_cm": 9.912273764835268,
      "corridor_score": 0.0005415843328993548,
      "segment_id": 0
    },
    {
      "time": "2019-02-12 20:10:00+00:00",
      "CP": 1.143591294121672,
      "SCE": 0.0002263207128241908,
      "S_struct": 8.393557481346235,
      "admissible": false,
      "snowfall_cm": 0.5,
      "depth_est_cm": 9.912273764835268,
      "corridor_score": 0.002243352864166043,
      "segment_id": 0
    },
    {
      "time": "2019-02-12 20:54:00+00:00",
      "CP": 1.3977226928153765,
      "SCE": 0.00033416992081773737,
      "S_struct": 8.003860949391132,
      "admissible": false,
      "snowfall_cm": 1.5,
      "depth_est_cm": 11.368752315577806,
      "corridor_score": 0.003799095061093104,
      "segment_id": 0
    },
    {
      "time": "2019-02-12 21:14:00+00:00",
      "CP": 1.3977226928153765,
      "SCE": 0.00036168973334004727,
      "S_struct": 7.924723803871199,
      "admissible": false,
      "snowfall_cm": 0.2,
      "depth_est_cm": 11.368752315577806,
      "corridor_score": 0.004111960993430382,
      "segment_id": 0
    },
    {
      "time": "2019-02-12 21:54:00+00:00",
      "CP": 1.3977226928153765,
      "SCE": 0.00036168973334004727,
      "S_struct": 7.924723803871199,
      "admissible": false,
      "snowfall_cm": 0.5,
      "depth_est_cm": 11.368752315577806,
      "corridor_score": 0.004111960993430382,
      "segment_id": 0
    },
    {
      "time": "2019-02-12 22:10:00+00:00",
      "CP": 1.3977226928153765,
      "SCE": 0.0007627295391054236,
      "S_struct": 7.1786070598922604,
      "admissible": false,
      "snowfall_cm": 0.2,
      "depth_est_cm": 11.368752315577806,
      "corridor_score": 0.008671283213864378,
      "segment_id": 0
    },
    {
      "time": "2019-02-12 22:28:00+00:00",
      "CP": 1.1643050272499442,
      "SCE": 0.000603946629639429,
      "S_struct": 7.412024725457693,
      "admissible": false,
      "snowfall_cm": 0.5,
      "depth_est_cm": 10.037290982446953,
      "corridor_score": 0.00606198805955907,
      "segment_id": 0
    },
    {
      "time": "2019-02-12 22:43:00+00:00",
      "CP": 1.2074274356666088,
      "SCE": 0.001386500652993918,
      "S_struct": 6.58097222194287,
      "admissible": false,
      "snowfall_cm": 0.5,
      "depth_est_cm": 10.29376115599631,
      "corridor_score": 0.014272306564552311,
      "segment_id": 0
    },
    {
      "time": "2019-02-12 22:54:00+00:00",
      "CP": 0.9486929851666215,
      "SCE": 0.0022442832922884787,
      "S_struct": 6.099369054954503,
      "admissible": false,
      "snowfall_cm": 0.8,
      "depth_est_cm": 8.673065489805452,
      "corridor_score": 0.01946481597169417,
      "segment_id": 0
    },
    {
      "time": "2019-02-13 23:39:00+00:00",
      "CP": 0.2584510272957455,
      "SCE": 0.02194468890053739,
      "S_struct": 3.8192301322679025,
      "admissible": false,
      "snowfall_cm": 0.2,
      "depth_est_cm": 2.9884610767027446,
      "corridor_score": 0.06558084861960674,
      "segment_id": 0
    },
    {
      "time": "2019-02-13 23:41:00+00:00",
      "CP": 0.5947378418033995,
      "SCE": 0.023631328536553767,
      "S_struct": 3.745181966911193,
      "admissible": false,
      "snowfall_cm": 0.2,
      "depth_est_cm": 6.06722168288737,
      "corridor_score": 0.14337650889241407,
      "segment_id": 0
    },
    {
      "time": "2019-02-13 23:54:00+00:00",
      "CP": 0.5947378418033995,
      "SCE": 0.03800857013055351,
      "S_struct": 3.2699436149323544,
      "admissible": false,
      "snowfall_cm": 0.5,
      "depth_est_cm": 6.06722168288737,
      "corridor_score": 0.23060642083163949,
      "segment_id": 0
    },
    {
      "time": "2019-02-14 00:00:00+00:00",
      "CP": 0.5947378418033995,
      "SCE": 0.0639211110301235,
      "S_struct": 2.75010559610253,
      "admissible": false,
      "snowfall_cm": 0.3,
      "depth_est_cm": 6.06722168288737,
      "corridor_score": 0.38782355083621634,
      "segment_id": 0
    },
    {
      "time": "2019-02-14 00:06:00+00:00",
      "CP": 0.5947378418033995,
      "SCE": 0.0639211110301235,
      "S_struct": 2.75010559610253,
      "admissible": false,
      "snowfall_cm": 0.2,
      "depth_est_cm": 6.06722168288737,
      "corridor_score": 0.38782355083621634,
      "segment_id": 0
    },
    {
      "time": "2019-02-14 00:16:00+00:00",
      "CP": 0.5947378418033995,
      "SCE": 0.0639211110301235,
      "S_struct": 2.75010559610253,
      "admissible": false,
      "snowfall_cm": 0.2,
      "depth_est_cm": 6.06722168288737,
      "corridor_score": 0.38782355083621634,
      "segment_id": 0
    },
    {
      "time": "2019-02-14 00:54:00+00:00",
      "CP": 0.5947378418033995,
      "SCE": 0.0639211110301235,
      "S_struct": 2.75010559610253,
      "admissible": false,
      "snowfall_cm": 0.3,
      "depth_est_cm": 6.06722168288737,
      "corridor_score": 0.38782355083621634,
      "segment_id": 0
    },
    {
      "time": "2019-02-14 06:00:00+00:00",
      "CP": 0.9149234719645903,
      "SCE": 0.1983591461939406,
      "S_struct": 1.6176760216962358,
      "admissible": true,
      "snowfall_cm": 0.5,
      "depth_est_cm": 8.445809572375644,
      "corridor_score": 1.6753035756930434,
      "segment_id": 0
    },
    {
      "time": "2019-02-18 02:54:00+00:00",
      "CP": 1.644335453991139,
      "SCE": 0.005660594354765162,
      "S_struct": 5.174226382604352,
      "admissible": false,
      "snowfall_cm": 0.3,
      "depth_est_cm": 12.641457238989185,
      "corridor_score": 0.07155816148302738,
      "segment_id": 0
    },
    {
      "time": "2019-02-18 03:24:00+00:00",
      "CP": 2.2761768600593446,
      "SCE": 0.003009239804774184,
      "S_struct": 5.806067788672557,
      "admissible": false,
      "snowfall_cm": 0.2,
      "depth_est_cm": 15.426802964569116,
      "corridor_score": 0.04642294954138977,
      "segment_id": 0
    },
    {
      "time": "2019-02-18 03:45:00+00:00",
      "CP": 2.2761768600593446,
      "SCE": 0.004647428087782987,
      "S_struct": 5.371441311800279,
      "admissible": false,
      "snowfall_cm": 0.5,
      "depth_est_cm": 15.426802964569116,
      "corridor_score": 0.07169495740223236,
      "segment_id": 0
    },
    {
      "time": "2019-02-18 03:54:00+00:00",
      "CP": 2.2761768600593446,
      "SCE": 0.004647428087782987,
      "S_struct": 5.371441311800279,
      "admissible": false,
      "snowfall_cm": 0.5,
      "depth_est_cm": 15.426802964569116,
      "corridor_score": 0.07169495740223236,
      "segment_id": 0
    },
    {
      "time": "2019-02-18 04:23:00+00:00",
      "CP": 2.5795359178857553,
      "SCE": 0.003431353910390726,
      "S_struct": 5.6748003696266895,
      "admissible": false,
      "snowfall_cm": 0.5,
      "depth_est_cm": 16.57803108174439,
      "corridor_score": 0.056885091778922606,
      "segment_id": 0
    },
    {
      "time": "2019-02-18 04:33:00+00:00",
      "CP": 1.9066135045242543,
      "SCE": 0.0025014488836886855,
      "S_struct": 5.990885161508764,
      "admissible": false,
      "snowfall_cm": 0.7000000000000001,
      "depth_est_cm": 13.87085257164913,
      "corridor_score": 0.03469722868116205,
      "segment_id": 0
    },
    {
      "time": "2019-02-18 04:54:00+00:00",
      "CP": 1.9066135045242543,
      "SCE": 0.003838475425859134,
      "S_struct": 5.562680015733452,
      "admissible": false,
      "snowfall_cm": 1.5,
      "depth_est_cm": 13.87085257164913,
      "corridor_score": 0.05324292673199016,
      "segment_id": 0
    },
    {
      "time": "2019-02-18 05:29:00+00:00",
      "CP": 1.9066135045242543,
      "SCE": 0.005738241365184962,
      "S_struct": 5.160602497967288,
      "admissible": false,
      "snowfall_cm": 0.2,
      "depth_est_cm": 13.87085257164913,
      "corridor_score": 0.07959429999701925,
      "segment_id": 0
    },
    {
      "time": "2019-02-18 05:51:00+00:00",
      "CP": 1.9066135045242543,
      "SCE": 0.005738241365184962,
      "S_struct": 5.160602497967288,
      "admissible": false,
      "snowfall_cm": 0.5,
      "depth_est_cm": 13.87085257164913,
      "corridor_score": 0.07959429999701925,
      "segment_id": 0
    },
    {
      "time": "2019-02-18 05:54:00+00:00",
      "CP": 1.9066135045242543,
      "SCE": 0.009884713673952644,
      "S_struct": 4.616765788489476,
      "admissible": false,
      "snowfall_cm": 0.5,
      "depth_est_cm": 13.87085257164913,
      "corridor_score": 0.13710940608436134,
      "segment_id": 0
    },
    {
      "time": "2019-02-18 06:00:00+00:00",
      "CP": 1.9066135045242543,
      "SCE": 0.009884713673952644,
      "S_struct": 4.616765788489476,
      "admissible": false,
      "snowfall_cm": 3.0,
      "depth_est_cm": 13.87085257164913,
      "corridor_score": 0.13710940608436134,
      "segment_id": 0
    },
    {
      "time": "2019-02-18 06:54:00+00:00",
      "CP": 1.7102348086508314,
      "SCE": 0.008122279120210383,
      "S_struct": 4.813144484362899,
      "admissible": false,
      "snowfall_cm": 0.5,
      "depth_est_cm": 12.961458593157559,
      "corridor_score": 0.10527658449867508,
      "segment_id": 0
    },
    {
      "time": "2019-02-18 07:12:00+00:00",
      "CP": 0.7657487306759059,
      "SCE": 0.048198171921471585,
      "S_struct": 3.0324341855852506,
      "admissible": false,
      "snowfall_cm": 0.5,
      "depth_est_cm": 7.391472535827996,
      "corridor_score": 0.3562554640346733,
      "segment_id": 0
    },
    {
      "time": "2019-02-18 07:54:00+00:00",
      "CP": 0.91634984226476,
      "SCE": 0.04145962167095072,
      "S_struct": 3.1830352971741043,
      "admissible": false,
      "snowfall_cm": 0.8,
      "depth_est_cm": 8.455489286266086,
      "corridor_score": 0.35056138685136906,
      "segment_id": 0
    },
    {
      "time": "2019-02-18 10:49:00+00:00",
      "CP": 0.7856046289611397,
      "SCE": 0.036378384597043095,
      "S_struct": 3.313780510477725,
      "admissible": false,
      "snowfall_cm": 0.2,
      "depth_est_cm": 7.536842112613391,
      "corridor_score": 0.2741781410198407,
      "segment_id": 0
    },
    {
      "time": "2019-02-18 10:54:00+00:00",
      "CP": 0.6302065916238344,
      "SCE": 0.03114260231539489,
      "S_struct": 3.46917854781503,
      "admissible": false,
      "snowfall_cm": 0.3,
      "depth_est_cm": 6.353187751493958,
      "corridor_score": 0.1978547995798142,
      "segment_id": 0
    },
    {
      "time": "2019-02-18 11:54:00+00:00",
      "CP": 0.7637463813010865,
      "SCE": 0.033269300657235996,
      "S_struct": 3.4031202093940203,
      "admissible": false,
      "snowfall_cm": 0.3,
      "depth_est_cm": 7.376722242180064,
      "corridor_score": 0.24541839014000857,
      "segment_id": 0
    },
    {
      "time": "2019-02-18 12:00:00+00:00",
      "CP": 0.7637463813010865,
      "SCE": 0.0472382240431672,
      "S_struct": 3.0525518827041314,
      "admissible": false,
      "snowfall_cm": 2.0,
      "depth_est_cm": 7.376722242180064,
      "corridor_score": 0.3484632579803165,
      "segment_id": 0
    },
    {
      "time": "2019-02-18 12:22:00+00:00",
      "CP": 0.7637463813010865,
      "SCE": 0.0472382240431672,
      "S_struct": 3.0525518827041314,
      "admissible": false,
      "snowfall_cm": 0.2,
      "depth_est_cm": 7.376722242180064,
      "corridor_score": 0.3484632579803165,
      "segment_id": 0
    },
    {
      "time": "2019-02-18 12:43:00+00:00",
      "CP": 0.7637463813010865,
      "SCE": 0.0472382240431672,
      "S_struct": 3.0525518827041314,
      "admissible": false,
      "snowfall_cm": 0.2,
      "depth_est_cm": 7.376722242180064,
      "corridor_score": 0.3484632579803165,
      "segment_id": 0
    },
    {
      "time": "2019-02-18 12:54:00+00:00",
      "CP": 0.9720408489286559,
      "SCE": 0.051949286675894525,
      "S_struct": 2.95748729250529,
      "admissible": false,
      "snowfall_cm": 0.3,
      "depth_est_cm": 8.82789661562596,
      "corridor_score": 0.45860293203031205,
      "segment_id": 0
    },
    {
      "time": "2019-02-18 13:50:00+00:00",
      "CP": 1.0761880827424404,
      "SCE": 0.09174776858363204,
      "S_struct": 2.388712112957573,
      "admissible": true,
      "snowfall_cm": 0.2,
      "depth_est_cm": 9.496936277703695,
      "corridor_score": 0.8713227118602584,
      "segment_id": 0
    },
    {
      "time": "2019-02-18 13:51:00+00:00",
      "CP": 1.0761880827424404,
      "SCE": 0.09174776858363204,
      "S_struct": 2.388712112957573,
      "admissible": true,
      "snowfall_cm": 0.3,
      "depth_est_cm": 9.496936277703695,
      "corridor_score": 0.8713227118602584,
      "segment_id": 0
    },
    {
      "time": "2019-02-18 18:00:00+00:00",
      "CP": 1.8406651032408803,
      "SCE": 0.07978832556326441,
      "S_struct": 2.528378081428401,
      "admissible": false,
      "snowfall_cm": 0.5,
      "depth_est_cm": 13.572496808476025,
      "corridor_score": 1.0829267940610523,
      "segment_id": 0
    },
    {
      "time": "2019-02-20 20:46:00+00:00",
      "CP": 19.67396190187257,
      "SCE": 1.9336955522357385e-08,
      "S_struct": 17.76124777801209,
      "admissible": false,
      "snowfall_cm": 0.2,
      "depth_est_cm": 39.375375381429286,
      "corridor_score": 7.613998824268241e-07,
      "segment_id": 0
    },
    {
      "time": "2019-02-20 20:54:00+00:00",
      "CP": 19.67396190187257,
      "SCE": 1.9336955522357385e-08,
      "S_struct": 17.76124777801209,
      "admissible": false,
      "snowfall_cm": 0.3,
      "depth_est_cm": 39.375375381429286,
      "corridor_score": 7.613998824268241e-07,
      "segment_id": 0
    },
    {
      "time": "2019-02-21 00:00:00+00:00",
      "CP": 16.322624437493776,
      "SCE": 7.50591949279907e-09,
      "S_struct": 18.70757386200399,
      "admissible": false,
      "snowfall_cm": 0.3,
      "depth_est_cm": 37.076174434903656,
      "corridor_score": 2.7829078040936193e-07,
      "segment_id": 0
    },
    {
      "time": "2019-02-25 09:54:00+00:00",
      "CP": 2.908817805089818,
      "SCE": 1.6253684487295614e-07,
      "S_struct": 15.632361123197992,
      "admissible": false,
      "snowfall_cm": 0.3,
      "depth_est_cm": 17.7220546963248,
      "corridor_score": 2.880486855006588e-06,
      "segment_id": 0
    },
    {
      "time": "2019-02-25 12:00:00+00:00",
      "CP": 5.34091987047051,
      "SCE": 1.7930466387823285e-07,
      "S_struct": 15.534179445082806,
      "admissible": false,
      "snowfall_cm": 4.800000000000001,
      "depth_est_cm": 24.0113100227543,
      "corridor_score": 4.305339872906003e-06,
      "segment_id": 0
    },
    {
      "time": "2019-02-25 17:54:00+00:00",
      "CP": 1.728092438156251,
      "SCE": 2.737155290334663e-05,
      "S_struct": 10.506006299095302,
      "admissible": false,
      "snowfall_cm": 0.3,
      "depth_est_cm": 13.046834116703025,
      "corridor_score": 0.00035711211024652456,
      "segment_id": 0
    },
    {
      "time": "2019-02-26 00:54:00+00:00",
      "CP": 1.1989314434776857,
      "SCE": 0.008583258171898825,
      "S_struct": 4.757941697250823,
      "admissible": false,
      "snowfall_cm": 0.3,
      "depth_est_cm": 10.243629953180337,
      "corridor_score": 0.0879237205055427,
      "segment_id": 0
    },
    {
      "time": "2019-02-27 15:25:00+00:00",
      "CP": 3.967971091671034,
      "SCE": 0.004353416358752157,
      "S_struct": 5.436794372294967,
      "admissible": false,
      "snowfall_cm": 0.2,
      "depth_est_cm": 20.839149834196864,
      "corridor_score": 0.09072149579067992,
      "segment_id": 0
    },
    {
      "time": "2019-02-27 15:54:00+00:00",
      "CP": 3.4592568491491065,
      "SCE": 0.0026175706745081508,
      "S_struct": 5.9455086148168945,
      "admissible": false,
      "snowfall_cm": 0.5,
      "depth_est_cm": 19.4347676431615,
      "corridor_score": 0.050871877848619435,
      "segment_id": 0
    },
    {
      "time": "2019-02-27 16:54:00+00:00",
      "CP": 2.8626198244542653,
      "SCE": 0.0023995243780435623,
      "S_struct": 6.032484737082841,
      "admissible": false,
      "snowfall_cm": 0.3,
      "depth_est_cm": 17.56749363531639,
      "corridor_score": 0.0421536292390668,
      "segment_id": 0
    },
    {
      "time": "2019-02-27 17:28:00+00:00",
      "CP": 3.2157713376909616,
      "SCE": 0.0016855956935583603,
      "S_struct": 6.385636250319537,
      "admissible": false,
      "snowfall_cm": 0.5,
      "depth_est_cm": 18.704823448709117,
      "corridor_score": 0.03152876985391353,
      "segment_id": 0
    },
    {
      "time": "2019-02-27 17:37:00+00:00",
      "CP": 3.2157713376909616,
      "SCE": 0.0016855956935583603,
      "S_struct": 6.385636250319537,
      "admissible": false,
      "snowfall_cm": 0.5,
      "depth_est_cm": 18.704823448709117,
      "corridor_score": 0.03152876985391353,
      "segment_id": 0
    },
    {
      "time": "2019-02-27 17:51:00+00:00",
      "CP": 2.641526455960432,
      "SCE": 0.001434025197245315,
      "S_struct": 6.547269965658304,
      "admissible": false,
      "snowfall_cm": 0.7000000000000001,
      "depth_est_cm": 16.801238347095392,
      "corridor_score": 0.024093399134659018,
      "segment_id": 0
    },
    {
      "time": "2019-02-27 17:54:00+00:00",
      "CP": 2.641526455960432,
      "SCE": 0.001434025197245315,
      "S_struct": 6.547269965658304,
      "admissible": false,
      "snowfall_cm": 0.8,
      "depth_est_cm": 16.801238347095392,
      "corridor_score": 0.024093399134659018,
      "segment_id": 0
    },
    {
      "time": "2019-02-27 18:00:00+00:00",
      "CP": 2.641526455960432,
      "SCE": 0.001434025197245315,
      "S_struct": 6.547269965658304,
      "admissible": false,
      "snowfall_cm": 2.0,
      "depth_est_cm": 16.801238347095392,
      "corridor_score": 0.024093399134659018,
      "segment_id": 0
    },
    {
      "time": "2019-02-27 18:07:00+00:00",
      "CP": 2.641526455960432,
      "SCE": 0.001434025197245315,
      "S_struct": 6.547269965658304,
      "admissible": false,
      "snowfall_cm": 0.2,
      "depth_est_cm": 16.801238347095392,
      "corridor_score": 0.024093399134659018,
      "segment_id": 0
    },
    {
      "time": "2019-02-27 18:17:00+00:00",
      "CP": 2.641526455960432,
      "SCE": 0.001434025197245315,
      "S_struct": 6.547269965658304,
      "admissible": false,
      "snowfall_cm": 0.2,
      "depth_est_cm": 16.801238347095392,
      "corridor_score": 0.024093399134659018,
      "segment_id": 0
    },
    {
      "time": "2019-02-27 18:29:00+00:00",
      "CP": 2.641526455960432,
      "SCE": 0.001434025197245315,
      "S_struct": 6.547269965658304,
      "admissible": false,
      "snowfall_cm": 0.5,
      "depth_est_cm": 16.801238347095392,
      "corridor_score": 0.024093399134659018,
      "segment_id": 0
    },
    {
      "time": "2019-02-27 18:54:00+00:00",
      "CP": 2.709133899188785,
      "SCE": 0.001340279092278094,
      "S_struct": 6.614877408886658,
      "admissible": false,
      "snowfall_cm": 1.3,
      "depth_est_cm": 17.040379187157836,
      "corridor_score": 0.02283886394903843,
      "segment_id": 0
    },
    {
      "time": "2019-02-27 19:31:00+00:00",
      "CP": 1.8733776166152676,
      "SCE": 0.0005810732743281235,
      "S_struct": 7.450633691460176,
      "admissible": false,
      "snowfall_cm": 0.7000000000000001,
      "depth_est_cm": 13.721346700149265,
      "corridor_score": 0.007973107855247125,
      "segment_id": 0
    },
    {
      "time": "2019-02-27 19:54:00+00:00",
      "CP": 2.0051705016186294,
      "SCE": 0.002551631925619035,
      "S_struct": 5.971022153674813,
      "admissible": false,
      "snowfall_cm": 1.3,
      "depth_est_cm": 14.30434597390398,
      "corridor_score": 0.0364994258621135,
      "segment_id": 0
    },
    {
      "time": "2019-02-27 20:15:00+00:00",
      "CP": 2.0051705016186294,
      "SCE": 0.002551631925619035,
      "S_struct": 5.971022153674813,
      "admissible": false,
      "snowfall_cm": 0.5,
      "depth_est_cm": 14.30434597390398,
      "corridor_score": 0.0364994258621135,
      "segment_id": 0
    },
    {
      "time": "2019-02-27 20:24:00+00:00",
      "CP": 1.4512940828848853,
      "SCE": 0.0025898181977337424,
      "S_struct": 5.9561675996595955,
      "admissible": false,
      "snowfall_cm": 0.7000000000000001,
      "depth_est_cm": 11.656009068671795,
      "corridor_score": 0.030186944398995743,
      "segment_id": 0
    },
    {
      "time": "2019-02-27 20:54:00+00:00",
      "CP": 1.4512940828848853,
      "SCE": 0.005630730254074372,
      "S_struct": 5.179516137590983,
      "admissible": false,
      "snowfall_cm": 1.0,
      "depth_est_cm": 11.656009068671795,
      "corridor_score": 0.06563184290473552,
      "segment_id": 0
    },
    {
      "time": "2019-02-27 21:15:00+00:00",
      "CP": 0.9471794597422302,
      "SCE": 0.003401187101718316,
      "S_struct": 5.683630760733638,
      "admissible": false,
      "snowfall_cm": 0.5,
      "depth_est_cm": 8.662964629582126,
      "corridor_score": 0.029464363560776714,
      "segment_id": 0
    },
    {
      "time": "2019-02-27 21:39:00+00:00",
      "CP": 0.7071993403420652,
      "SCE": 0.004209293535030535,
      "S_struct": 5.470460451774966,
      "admissible": false,
      "snowfall_cm": 1.2000000000000002,
      "depth_est_cm": 6.95310479718017,
      "corridor_score": 0.029267659071160287,
      "segment_id": 0
    },
    {
      "time": "2019-02-27 21:54:00+00:00",
      "CP": 0.7071993403420652,
      "SCE": 0.004209293535030535,
      "S_struct": 5.470460451774966,
      "admissible": false,
      "snowfall_cm": 2.0,
      "depth_est_cm": 6.95310479718017,
      "corridor_score": 0.029267659071160287,
      "segment_id": 0
    },
    {
      "time": "2019-02-27 22:07:00+00:00",
      "CP": 0.7071993403420652,
      "SCE": 0.0077274484014668915,
      "S_struct": 4.8629765612411315,
      "admissible": false,
      "snowfall_cm": 0.5,
      "depth_est_cm": 6.95310479718017,
      "corridor_score": 0.05372975855020168,
      "segment_id": 0
    },
    {
      "time": "2019-02-27 22:54:00+00:00",
      "CP": 0.3354466382387576,
      "SCE": 0.005328266845707201,
      "S_struct": 5.234729263344439,
      "admissible": false,
      "snowfall_cm": 1.7999999999999998,
      "depth_est_cm": 3.7604553529114706,
      "corridor_score": 0.02003670958168036,
      "segment_id": 0
    },
    {
      "time": "2019-02-27 23:20:00+00:00",
      "CP": 0.3354466382387576,
      "SCE": 0.008759397662652386,
      "S_struct": 4.737628136369101,
      "admissible": false,
      "snowfall_cm": 1.0,
      "depth_est_cm": 3.7604553529114706,
      "corridor_score": 0.03293932382880139,
      "segment_id": 0
    },
    {
      "time": "2019-02-27 23:54:00+00:00",
      "CP": 0.15247574465398075,
      "SCE": 0.01213228997917926,
      "S_struct": 4.4118847874319504,
      "admissible": false,
      "snowfall_cm": 1.7999999999999998,
      "depth_est_cm": 1.8448618475796672,
      "corridor_score": 0.022382398906360932,
      "segment_id": 0
    },
    {
      "time": "2019-02-28 00:00:00+00:00",
      "CP": 0.15247574465398075,
      "SCE": 0.02203225500554406,
      "S_struct": 3.8152477627371093,
      "admissible": false,
      "snowfall_cm": 9.0,
      "depth_est_cm": 1.8448618475796672,
      "corridor_score": 0.04064646667587438,
      "segment_id": 0
    },
    {
      "time": "2019-02-28 00:12:00+00:00",
      "CP": 0.15247574465398075,
      "SCE": 0.03136394640251545,
      "S_struct": 3.462096249500413,
      "admissible": false,
      "snowfall_cm": 0.5,
      "depth_est_cm": 1.8448618475796672,
      "corridor_score": 0.0578621481075343,
      "segment_id": 0
    },
    {
      "time": "2019-02-28 00:14:00+00:00",
      "CP": 0.15247574465398075,
      "SCE": 0.03136394640251545,
      "S_struct": 3.462096249500413,
      "admissible": false,
      "snowfall_cm": 0.5,
      "depth_est_cm": 1.8448618475796672,
      "corridor_score": 0.0578621481075343,
      "segment_id": 0
    },
    {
      "time": "2019-02-28 00:48:00+00:00",
      "CP": 0.15247574465398075,
      "SCE": 0.05569575383219804,
      "S_struct": 2.8878513677698834,
      "admissible": false,
      "snowfall_cm": 1.0,
      "depth_est_cm": 1.8448618475796672,
      "corridor_score": 0.10275097131721121,
      "segment_id": 0
    },
    {
      "time": "2019-02-28 00:54:00+00:00",
      "CP": 0.15247574465398075,
      "SCE": 0.05569575383219804,
      "S_struct": 2.8878513677698834,
      "admissible": false,
      "snowfall_cm": 0.8,
      "depth_est_cm": 1.8448618475796672,
      "corridor_score": 0.10275097131721121,
      "segment_id": 0
    },
    {
      "time": "2019-02-28 01:34:00+00:00",
      "CP": 0.3354466382387576,
      "SCE": 0.04638300022444314,
      "S_struct": 3.0708222613546603,
      "admissible": false,
      "snowfall_cm": 0.7000000000000001,
      "depth_est_cm": 3.7604553529114706,
      "corridor_score": 0.17442120147810114,
      "segment_id": 0
    },
    {
      "time": "2019-02-28 01:54:00+00:00",
      "CP": 0.3354466382387576,
      "SCE": 0.04638300022444314,
      "S_struct": 3.0708222613546603,
      "admissible": false,
      "snowfall_cm": 1.0,
      "depth_est_cm": 3.7604553529114706,
      "corridor_score": 0.17442120147810114,
      "segment_id": 0
    },
    {
      "time": "2019-02-28 06:00:00+00:00",
      "CP": 0.6931855533557275,
      "SCE": 0.2630493757871213,
      "S_struct": 1.335413523789998,
      "admissible": true,
      "snowfall_cm": 2.0,
      "depth_est_cm": 6.845952067156427,
      "corridor_score": 1.8008234179340508,
      "segment_id": 0
    },
    {
      "time": "2019-02-28 07:22:00+00:00",
      "CP": 0.6931855533557275,
      "SCE": 0.5823347593613559,
      "S_struct": 0.5407098087017486,
      "admissible": true,
      "snowfall_cm": 0.2,
      "depth_est_cm": 6.845952067156427,
      "corridor_score": 3.9866358496269148,
      "segment_id": 0
    },
    {
      "time": "2019-02-28 07:54:00+00:00",
      "CP": 0.6931855533557275,
      "SCE": 0.5823347593613559,
      "S_struct": 0.5407098087017486,
      "admissible": true,
      "snowfall_cm": 0.3,
      "depth_est_cm": 6.845952067156427,
      "corridor_score": 3.9866358496269148,
      "segment_id": 0
    },
    {
      "time": "2019-02-28 12:00:00+00:00",
      "CP": 0.7063367103478054,
      "SCE": 0.45443098219508626,
      "S_struct": 0.7887092312518895,
      "admissible": true,
      "snowfall_cm": 0.3,
      "depth_est_cm": 6.946534372847412,
      "corridor_score": 3.156720437904977,
      "segment_id": 0
    },
    {
      "time": "2019-02-28 16:54:00+00:00",
      "CP": 3.1688165455282093,
      "SCE": 0.055384796665307406,
      "S_struct": 2.8934501513153235,
      "admissible": false,
      "snowfall_cm": 0.3,
      "depth_est_cm": 18.559218515495942,
      "corridor_score": 1.0278985437477512,
      "segment_id": 0
    },
    {
      "time": "2019-03-02 22:54:00+00:00",
      "CP": 1.9438614962932015,
      "SCE": 0.0060774708645634345,
      "S_struct": 5.10316664576929,
      "admissible": false,
      "snowfall_cm": 0.3,
      "depth_est_cm": 14.036387997630285,
      "corridor_score": 0.08530573909930594,
      "segment_id": 0
    },
    {
      "time": "2019-03-02 23:25:00+00:00",
      "CP": 1.674677401372838,
      "SCE": 0.004643203503689242,
      "S_struct": 5.372350740689654,
      "admissible": false,
      "snowfall_cm": 0.5,
      "depth_est_cm": 12.789774080952204,
      "corridor_score": 0.059385523824071126,
      "segment_id": 0
    },
    {
      "time": "2019-03-02 23:47:00+00:00",
      "CP": 2.1314076017472483,
      "SCE": 0.0029407784873586745,
      "S_struct": 5.829080941064063,
      "admissible": false,
      "snowfall_cm": 0.5,
      "depth_est_cm": 14.83927401423687,
      "corridor_score": 0.04363901778908839,
      "segment_id": 0
    },
    {
      "time": "2019-03-02 23:54:00+00:00",
      "CP": 2.1314076017472483,
      "SCE": 0.0029407784873586745,
      "S_struct": 5.829080941064063,
      "admissible": false,
      "snowfall_cm": 0.5,
      "depth_est_cm": 14.83927401423687,
      "corridor_score": 0.04363901778908839,
      "segment_id": 0
    },
    {
      "time": "2019-03-03 00:00:00+00:00",
      "CP": 0.46910502384154307,
      "SCE": 0.0005578706017559817,
      "S_struct": 7.491383518969769,
      "admissible": false,
      "snowfall_cm": 2.0,
      "depth_est_cm": 5.000494044797622,
      "corridor_score": 0.0027896286218484522,
      "segment_id": 0
    },
    {
      "time": "2019-03-03 09:54:00+00:00",
      "CP": 1.6640024297400917,
      "SCE": 0.011756910925459494,
      "S_struct": 4.443314047423652,
      "admissible": false,
      "snowfall_cm": 0.3,
      "depth_est_cm": 12.737785641650234,
      "corridor_score": 0.14975701117647872,
      "segment_id": 0
    },
    {
      "time": "2019-03-03 12:00:00+00:00",
      "CP": 1.7026299310050181,
      "SCE": 0.019467144976442773,
      "S_struct": 3.9390271074102436,
      "admissible": false,
      "snowfall_cm": 0.3,
      "depth_est_cm": 12.924929516891925,
      "corridor_score": 0.25161147671563955,
      "segment_id": 0
    },
    {
      "time": "2019-03-03 13:54:00+00:00",
      "CP": 2.437610222107978,
      "SCE": 0.05030070846565467,
      "S_struct": 2.9897361171713657,
      "admissible": false,
      "snowfall_cm": 0.3,
      "depth_est_cm": 16.05209485219419,
      "corridor_score": 0.8074317434232561,
      "segment_id": 0
    },
    {
      "time": "2019-03-03 23:54:00+00:00",
      "CP": 3.9609717651686354,
      "SCE": 0.001697783540943129,
      "S_struct": 6.378431678051178,
      "admissible": false,
      "snowfall_cm": 0.3,
      "depth_est_cm": 20.82082134526997,
      "corridor_score": 0.03534924778891673,
      "segment_id": 0
    },
    {
      "time": "2019-03-04 00:00:00+00:00",
      "CP": 3.9609717651686354,
      "SCE": 0.0016977835409431275,
      "S_struct": 6.378431678051179,
      "admissible": false,
      "snowfall_cm": 0.3,
      "depth_est_cm": 20.82082134526997,
      "corridor_score": 0.0353492477889167,
      "segment_id": 0
    },
    {
      "time": "2019-03-04 00:41:00+00:00",
      "CP": 3.9609717651686354,
      "SCE": 0.001697783540943129,
      "S_struct": 6.378431678051178,
      "admissible": false,
      "snowfall_cm": 0.2,
      "depth_est_cm": 20.82082134526997,
      "corridor_score": 0.03534924778891673,
      "segment_id": 0
    },
    {
      "time": "2019-03-04 00:54:00+00:00",
      "CP": 3.9609717651686354,
      "SCE": 0.003264278770834531,
      "S_struct": 5.7247164377961415,
      "admissible": false,
      "snowfall_cm": 0.3,
      "depth_est_cm": 20.82082134526997,
      "corridor_score": 0.06796496510870322,
      "segment_id": 0
    },
    {
      "time": "2019-03-04 01:32:00+00:00",
      "CP": 3.9609717651686354,
      "SCE": 0.0036005802054482066,
      "S_struct": 5.626660278326211,
      "admissible": false,
      "snowfall_cm": 0.2,
      "depth_est_cm": 20.82082134526997,
      "corridor_score": 0.07496703719695255,
      "segment_id": 0
    },
    {
      "time": "2019-03-04 01:48:00+00:00",
      "CP": 2.687802269221574,
      "SCE": 0.0014715079798299907,
      "S_struct": 6.521467567383269,
      "admissible": false,
      "snowfall_cm": 0.2,
      "depth_est_cm": 16.965398965070385,
      "corridor_score": 0.024964719958100536,
      "segment_id": 0
    },
    {
      "time": "2019-03-04 01:54:00+00:00",
      "CP": 2.687802269221574,
      "SCE": 0.0014715079798299907,
      "S_struct": 6.521467567383269,
      "admissible": false,
      "snowfall_cm": 0.3,
      "depth_est_cm": 16.965398965070385,
      "corridor_score": 0.024964719958100536,
      "segment_id": 0
    },
    {
      "time": "2019-03-04 02:07:00+00:00",
      "CP": 2.687802269221574,
      "SCE": 0.002102034732383497,
      "S_struct": 6.164849483170313,
      "admissible": false,
      "snowfall_cm": 0.2,
      "depth_est_cm": 16.965398965070385,
      "corridor_score": 0.03566185787332099,
      "segment_id": 0
    },
    {
      "time": "2019-03-04 02:35:00+00:00",
      "CP": 2.687802269221574,
      "SCE": 0.003164107287336336,
      "S_struct": 5.755884320885394,
      "admissible": false,
      "snowfall_cm": 0.2,
      "depth_est_cm": 16.965398965070385,
      "corridor_score": 0.053680342497947536,
      "segment_id": 0
    },
    {
      "time": "2019-03-04 02:54:00+00:00",
      "CP": 2.687802269221574,
      "SCE": 0.003845659101331233,
      "S_struct": 5.560810272943425,
      "admissible": false,
      "snowfall_cm": 0.5,
      "depth_est_cm": 16.965398965070385,
      "corridor_score": 0.0652431409377384,
      "segment_id": 0
    },
    {
      "time": "2019-03-04 05:54:00+00:00",
      "CP": 3.4258305557786994,
      "SCE": 0.020339195468225317,
      "S_struct": 3.89520544331189,
      "admissible": false,
      "snowfall_cm": 0.3,
      "depth_est_cm": 19.33695344188837,
      "corridor_score": 0.39329807581453985,
      "segment_id": 0
    },
    {
      "time": "2019-03-04 06:00:00+00:00",
      "CP": 1.148972356628185,
      "SCE": 0.0020869248869340106,
      "S_struct": 6.172063642462405,
      "admissible": false,
      "snowfall_cm": 1.0,
      "depth_est_cm": 9.944866804761716,
      "corridor_score": 0.02075419003210114,
      "segment_id": 0
    },
    {
      "time": "2019-03-04 07:54:00+00:00",
      "CP": 0.34502013260763165,
      "SCE": 0.0017734992781708433,
      "S_struct": 6.334800690758945,
      "admissible": false,
      "snowfall_cm": 0.3,
      "depth_est_cm": 3.853316758502723,
      "corridor_score": 0.0068338544897681925,
      "segment_id": 0
    },
    {
      "time": "2019-03-04 10:54:00+00:00",
      "CP": 1.4720810729999894,
      "SCE": 0.0020525094034136975,
      "S_struct": 6.18869213520424,
      "admissible": false,
      "snowfall_cm": 0.3,
      "depth_est_cm": 11.76578436252286,
      "corridor_score": 0.024149383042616008,
      "segment_id": 0
    },
    {
      "time": "2019-03-04 12:00:00+00:00",
      "CP": 2.1233250038489557,
      "SCE": 0.0008156472617809059,
      "S_struct": 7.111528573688185,
      "admissible": false,
      "snowfall_cm": 0.3,
      "depth_est_cm": 14.805675829377424,
      "corridor_score": 0.01207620894904744,
      "segment_id": 0
    },
    {
      "time": "2019-03-04 14:54:00+00:00",
      "CP": 3.8633968140617507,
      "SCE": 0.0001624097448153409,
      "S_struct": 8.725388127016354,
      "admissible": false,
      "snowfall_cm": 0.3,
      "depth_est_cm": 20.562582647191615,
      "corridor_score": 0.0033395638004747475,
      "segment_id": 0
    },
    {
      "time": "2019-03-06 17:20:00+00:00",
      "CP": 2.4644047372680498,
      "SCE": 0.011753717738590276,
      "S_struct": 4.443585685152653,
      "admissible": false,
      "snowfall_cm": 0.2,
      "depth_est_cm": 16.15303072353783,
      "corridor_score": 0.18985816374724032,
      "segment_id": 0
    },
    {
      "time": "2019-03-06 17:34:00+00:00",
      "CP": 2.4644047372680498,
      "SCE": 0.05020773145654248,
      "S_struct": 2.9915862510647147,
      "admissible": false,
      "snowfall_cm": 0.2,
      "depth_est_cm": 16.15303072353783,
      "corridor_score": 0.8110070287766675,
      "segment_id": 0
    },
    {
      "time": "2019-03-06 17:41:00+00:00",
      "CP": 2.4644047372680498,
      "SCE": 0.05020773145654248,
      "S_struct": 2.9915862510647147,
      "admissible": false,
      "snowfall_cm": 0.2,
      "depth_est_cm": 16.15303072353783,
      "corridor_score": 0.8110070287766675,
      "segment_id": 0
    },
    {
      "time": "2019-03-06 17:54:00+00:00",
      "CP": 2.4672594026657966,
      "SCE": 0.04058484179738497,
      "S_struct": 3.204360636832898,
      "admissible": false,
      "snowfall_cm": 0.3,
      "depth_est_cm": 16.163738297222757,
      "corridor_score": 0.6560027616471182,
      "segment_id": 0
    },
    {
      "time": "2019-03-06 18:00:00+00:00",
      "CP": 2.4672594026657966,
      "SCE": 0.04058484179738497,
      "S_struct": 3.204360636832898,
      "admissible": false,
      "snowfall_cm": 0.3,
      "depth_est_cm": 16.163738297222757,
      "corridor_score": 0.6560027616471182,
      "segment_id": 0
    },
    {
      "time": "2019-03-07 07:48:00+00:00",
      "CP": 8.166562312287999,
      "SCE": 0.000541168610807391,
      "S_struct": 7.521779662596908,
      "admissible": false,
      "snowfall_cm": 0.2,
      "depth_est_cm": 28.802310313732537,
      "corridor_score": 0.015586906260526025,
      "segment_id": 0
    },
    {
      "time": "2019-03-07 07:54:00+00:00",
      "CP": 8.166562312287999,
      "SCE": 0.0007977269094195635,
      "S_struct": 7.133744237857149,
      "admissible": false,
      "snowfall_cm": 0.3,
      "depth_est_cm": 28.802310313732537,
      "corridor_score": 0.022976377990717077,
      "segment_id": 0
    },
    {
      "time": "2019-03-07 12:00:00+00:00",
      "CP": 2.976021207898969,
      "SCE": 3.6471546376482124e-06,
      "S_struct": 12.521563245707272,
      "admissible": false,
      "snowfall_cm": 0.3,
      "depth_est_cm": 17.94366109586331,
      "corridor_score": 6.544330678216567e-05,
      "segment_id": 0
    },
    {
      "time": "2019-03-07 12:52:00+00:00",
      "CP": 3.0850577016694043,
      "SCE": 0.00022770837198226722,
      "S_struct": 8.387444817971602,
      "admissible": false,
      "snowfall_cm": 0.2,
      "depth_est_cm": 18.29536609508236,
      "corridor_score": 0.004166008028330774,
      "segment_id": 0
    },
    {
      "time": "2019-03-07 12:54:00+00:00",
      "CP": 3.4239947616903468,
      "SCE": 0.0001622484301394715,
      "S_struct": 8.726381877992544,
      "admissible": false,
      "snowfall_cm": 0.3,
      "depth_est_cm": 19.331560041988418,
      "corridor_score": 0.0031365152689595563,
      "segment_id": 0
    },
    {
      "time": "2019-03-07 18:00:00+00:00",
      "CP": 12.02622290864175,
      "SCE": 5.47064928737809e-08,
      "S_struct": 16.721283434859238,
      "admissible": false,
      "snowfall_cm": 0.3,
      "depth_est_cm": 33.370538143425605,
      "corridor_score": 1.8255851071375467e-06,
      "segment_id": 0
    },
    {
      "time": "2019-03-08 12:00:00+00:00",
      "CP": 15.75934040576979,
      "SCE": 1.003861550959544e-08,
      "S_struct": 18.41682662964221,
      "admissible": false,
      "snowfall_cm": 0.3,
      "depth_est_cm": 36.646424607197154,
      "corridor_score": 3.6787936643302935e-07,
      "segment_id": 0
    },
    {
      "time": "2019-03-17 05:21:00+00:00",
      "CP": 8.566157744562696,
      "SCE": 0.0006472226096208596,
      "S_struct": 7.342820258310937,
      "admissible": false,
      "snowfall_cm": 0.2,
      "depth_est_cm": 29.3570112582495,
      "corridor_score": 0.019000521437233197,
      "segment_id": 0
    },
    {
      "time": "2019-03-17 05:23:00+00:00",
      "CP": 5.818696599204156,
      "SCE": 0.00010737006716770544,
      "S_struct": 9.139229118946055,
      "admissible": false,
      "snowfall_cm": 0.2,
      "depth_est_cm": 24.95568840835819,
      "corridor_score": 0.0026794939406217465,
      "segment_id": 0
    }
  ]
}