{
  "rows": 12889,
  "start": "2014-01-01 00:00:00+00:00",
  "end": "2014-12-31 23:56:00+00:00",
  "segments": 1,
  "params": {
    "tct_window_hours": 24,
    "stress_window_hours": 24,
    "cp_threshold": 0.08,
    "s_max": 2.5,
    "k_depth": 13.0,
    "gap_hours": 6.0
  },
  "top_CP": [
    {
      "time": "2014-04-01 01:56:00+00:00",
      "CP": 65.50931109371169,
      "SCE": 2.2561534740373572e-23,
      "S_struct": 52.145795778269246,
      "admissible": false,
      "snowfall_cm": 0.0,
      "depth_est_cm": 54.56544540599376,
      "corridor_score": 1.2310801921512858e-21,
      "segment_id": 0
    },
    {
      "time": "2014-04-01 01:16:00+00:00",
      "CP": 63.05828244734832,
      "SCE": 3.030253754784334e-23,
      "S_struct": 51.85081077539482,
      "admissible": false,
      "snowfall_cm": 0.0,
      "depth_est_cm": 54.07731331856477,
      "corridor_score": 1.6386798173222976e-21,
      "segment_id": 0
    },
    {
      "time": "2014-04-01 01:05:00+00:00",
      "CP": 63.05828244734832,
      "SCE": 3.030253754784334e-23,
      "S_struct": 51.85081077539482,
      "admissible": false,
      "snowfall_cm": 0.0,
      "depth_est_cm": 54.07731331856477,
      "corridor_score": 1.6386798173222976e-21,
      "segment_id": 0
    },
    {
      "time": "2014-04-01 01:02:00+00:00",
      "CP": 63.05828244734832,
      "SCE": 3.030253754784334e-23,
      "S_struct": 51.85081077539482,
      "admissible": false,
      "snowfall_cm": 0.0,
      "depth_est_cm": 54.07731331856477,
      "corridor_score": 1.6386798173222976e-21,
      "segment_id": 0
    },
    {
      "time": "2014-04-01 00:56:00+00:00",
      "CP": 63.05828244734832,
      "SCE": 3.030253754784334e-23,
      "S_struct": 51.85081077539482,
      "admissible": false,
      "snowfall_cm": 0.0,
      "depth_est_cm": 54.07731331856477,
      "corridor_score": 1.6386798173222976e-21,
      "segment_id": 0
    },
    {
      "time": "2014-04-01 02:56:00+00:00",
      "CP": 61.97668492756196,
      "SCE": 1.198463353863612e-24,
      "S_struct": 55.081002034100095,
      "admissible": false,
      "snowfall_cm": 0.0,
      "depth_est_cm": 53.85593950593935,
      "corridor_score": 6.454436988576387e-23,
      "segment_id": 0
    },
    {
      "time": "2014-04-01 00:44:00+00:00",
      "CP": 61.94417851718316,
      "SCE": 9.232688583944406e-23,
      "S_struct": 50.73670684522966,
      "admissible": false,
      "snowfall_cm": 0.0,
      "depth_est_cm": 53.84922761828624,
      "corridor_score": 4.971731490855752e-21,
      "segment_id": 0
    },
    {
      "time": "2014-04-01 00:36:00+00:00",
      "CP": 61.94417851718316,
      "SCE": 9.232688583944406e-23,
      "S_struct": 50.73670684522966,
      "admissible": false,
      "snowfall_cm": 0.0,
      "depth_est_cm": 53.84922761828624,
      "corridor_score": 4.971731490855752e-21,
      "segment_id": 0
    },
    {
      "time": "2014-04-01 00:30:00+00:00",
      "CP": 61.94417851718316,
      "SCE": 9.232688583944406e-23,
      "S_struct": 50.73670684522966,
      "admissible": false,
      "snowfall_cm": 0.0,
      "depth_est_cm": 53.84922761828624,
      "corridor_score": 4.971731490855752e-21,
      "segment_id": 0
    },
    {
      "time": "2014-04-01 00:28:00+00:00",
      "CP": 61.94417851718316,
      "SCE": 9.232688583944406e-23,
      "S_struct": 50.73670684522966,
      "admissible": false,
      "snowfall_cm": 0.0,
      "depth_est_cm": 53.84922761828624,
      "corridor_score": 4.971731490855752e-21,
      "segment_id": 0
    },
    {
      "time": "2014-04-22 12:00:00+00:00",
      "CP": 60.1637842573864,
      "SCE": 5.916956410321604e-25,
      "S_struct": 55.786805128038274,
      "admissible": false,
      "snowfall_cm": 0.0,
      "depth_est_cm": 53.476218300163204,
      "corridor_score": 3.1641645267090813e-23,
      "segment_id": 0
    },
    {
      "time": "2014-04-22 11:56:00+00:00",
      "CP": 60.1637842573864,
      "SCE": 3.8196675887709516e-26,
      "S_struct": 58.527049017659394,
      "admissible": false,
      "snowfall_cm": 0.0,
      "depth_est_cm": 53.476218300163204,
      "corridor_score": 2.042613778111734e-24,
      "segment_id": 0
    }
  ],
  "top_depth_any": [
    {
      "time": "2014-04-01 01:56:00+00:00",
      "CP": 65.50931109371169,
      "SCE": 2.2561534740373572e-23,
      "S_struct": 52.145795778269246,
      "admissible": false,
      "snowfall_cm": 0.0,
      "depth_est_cm": 54.56544540599376,
      "corridor_score": 1.2310801921512858e-21,
      "segment_id": 0
    },
    {
      "time": "2014-04-01 01:16:00+00:00",
      "CP": 63.05828244734832,
      "SCE": 3.030253754784334e-23,
      "S_struct": 51.85081077539482,
      "admissible": false,
      "snowfall_cm": 0.0,
      "depth_est_cm": 54.07731331856477,
      "corridor_score": 1.6386798173222976e-21,
      "segment_id": 0
    },
    {
      "time": "2014-04-01 01:05:00+00:00",
      "CP": 63.05828244734832,
      "SCE": 3.030253754784334e-23,
      "S_struct": 51.85081077539482,
      "admissible": false,
      "snowfall_cm": 0.0,
      "depth_est_cm": 54.07731331856477,
      "corridor_score": 1.6386798173222976e-21,
      "segment_id": 0
    },
    {
      "time": "2014-04-01 01:02:00+00:00",
      "CP": 63.05828244734832,
      "SCE": 3.030253754784334e-23,
      "S_struct": 51.85081077539482,
      "admissible": false,
      "snowfall_cm": 0.0,
      "depth_est_cm": 54.07731331856477,
      "corridor_score": 1.6386798173222976e-21,
      "segment_id": 0
    },
    {
      "time": "2014-04-01 00:56:00+00:00",
      "CP": 63.05828244734832,
      "SCE": 3.030253754784334e-23,
      "S_struct": 51.85081077539482,
      "admissible": false,
      "snowfall_cm": 0.0,
      "depth_est_cm": 54.07731331856477,
      "corridor_score": 1.6386798173222976e-21,
      "segment_id": 0
    },
    {
      "time": "2014-04-01 02:56:00+00:00",
      "CP": 61.97668492756196,
      "SCE": 1.198463353863612e-24,
      "S_struct": 55.081002034100095,
      "admissible": false,
      "snowfall_cm": 0.0,
      "depth_est_cm": 53.85593950593935,
      "corridor_score": 6.454436988576387e-23,
      "segment_id": 0
    },
    {
      "time": "2014-04-01 00:44:00+00:00",
      "CP": 61.94417851718316,
      "SCE": 9.232688583944406e-23,
      "S_struct": 50.73670684522966,
      "admissible": false,
      "snowfall_cm": 0.0,
      "depth_est_cm": 53.84922761828624,
      "corridor_score": 4.971731490855752e-21,
      "segment_id": 0
    },
    {
      "time": "2014-04-01 00:36:00+00:00",
      "CP": 61.94417851718316,
      "SCE": 9.232688583944406e-23,
      "S_struct": 50.73670684522966,
      "admissible": false,
      "snowfall_cm": 0.0,
      "depth_est_cm": 53.84922761828624,
      "corridor_score": 4.971731490855752e-21,
      "segment_id": 0
    },
    {
      "time": "2014-04-01 00:30:00+00:00",
      "CP": 61.94417851718316,
      "SCE": 9.232688583944406e-23,
      "S_struct": 50.73670684522966,
      "admissible": false,
      "snowfall_cm": 0.0,
      "depth_est_cm": 53.84922761828624,
      "corridor_score": 4.971731490855752e-21,
      "segment_id": 0
    },
    {
      "time": "2014-04-01 00:28:00+00:00",
      "CP": 61.94417851718316,
      "SCE": 9.232688583944406e-23,
      "S_struct": 50.73670684522966,
      "admissible": false,
      "snowfall_cm": 0.0,
      "depth_est_cm": 53.84922761828624,
      "corridor_score": 4.971731490855752e-21,
      "segment_id": 0
    },
    {
      "time": "2014-04-22 12:00:00+00:00",
      "CP": 60.1637842573864,
      "SCE": 5.916956410321604e-25,
      "S_struct": 55.786805128038274,
      "admissible": false,
      "snowfall_cm": 0.0,
      "depth_est_cm": 53.476218300163204,
      "corridor_score": 3.1641645267090813e-23,
      "segment_id": 0
    },
    {
      "time": "2014-04-22 11:56:00+00:00",
      "CP": 60.1637842573864,
      "SCE": 3.8196675887709516e-26,
      "S_struct": 58.527049017659394,
      "admissible": false,
      "snowfall_cm": 0.0,
      "depth_est_cm": 53.476218300163204,
      "corridor_score": 2.042613778111734e-24,
      "segment_id": 0
    }
  ],
  "top_depth_admissible": [
    {
      "time": "2014-06-02 01:56:00+00:00",
      "CP": 9.843056295694458,
      "SCE": 0.3343360640532424,
      "S_struct": 1.0956086120649093,
      "admissible": true,
      "snowfall_cm": 0.0,
      "depth_est_cm": 30.985823730802768,
      "corridor_score": 10.359678347604152,
      "segment_id": 0
    },
    {
      "time": "2014-08-16 11:56:00+00:00",
      "CP": 9.689527664476481,
      "SCE": 0.09908915149934501,
      "S_struct": 2.3117353138771968,
      "admissible": true,
      "snowfall_cm": 0.0,
      "depth_est_cm": 30.800439010376092,
      "corridor_score": 3.0519893673454925,
      "segment_id": 0
    },
    {
      "time": "2014-06-02 02:56:00+00:00",
      "CP": 9.379131426667419,
      "SCE": 0.2102341265217958,
      "S_struct": 1.5595334810919486,
      "admissible": true,
      "snowfall_cm": 0.0,
      "depth_est_cm": 30.417363556470164,
      "corridor_score": 6.394767858390409,
      "segment_id": 0
    },
    {
      "time": "2014-07-22 01:56:00+00:00",
      "CP": 6.4957108351747515,
      "SCE": 0.08691209993356448,
      "S_struct": 2.44285801666192,
      "admissible": true,
      "snowfall_cm": 0.0,
      "depth_est_cm": 26.18630258800679,
      "corridor_score": 2.2759065474194045,
      "segment_id": 0
    },
    {
      "time": "2014-07-22 03:56:00+00:00",
      "CP": 6.4957108351747515,
      "SCE": 0.08691209993356448,
      "S_struct": 2.44285801666192,
      "admissible": true,
      "snowfall_cm": 0.0,
      "depth_est_cm": 26.18630258800679,
      "corridor_score": 2.2759065474194045,
      "segment_id": 0
    },
    {
      "time": "2014-07-22 02:56:00+00:00",
      "CP": 6.4957108351747515,
      "SCE": 0.08691209993356448,
      "S_struct": 2.44285801666192,
      "admissible": true,
      "snowfall_cm": 0.0,
      "depth_est_cm": 26.18630258800679,
      "corridor_score": 2.2759065474194045,
      "segment_id": 0
    },
    {
      "time": "2014-09-12 13:56:00+00:00",
      "CP": 4.39867885798323,
      "SCE": 0.08728123665535252,
      "S_struct": 2.4386197687291866,
      "admissible": true,
      "snowfall_cm": 0.0,
      "depth_est_cm": 21.92000548020469,
      "corridor_score": 1.9132051858043697,
      "segment_id": 0
    },
    {
      "time": "2014-07-25 14:56:00+00:00",
      "CP": 3.4723894827282398,
      "SCE": 0.10425682718581489,
      "S_struct": 2.260897931854562,
      "admissible": true,
      "snowfall_cm": 0.0,
      "depth_est_cm": 19.472996734018036,
      "corridor_score": 2.030192855288456,
      "segment_id": 0
    },
    {
      "time": "2014-12-27 20:56:00+00:00",
      "CP": 2.520319328580293,
      "SCE": 0.08971621271875846,
      "S_struct": 2.411103782450711,
      "admissible": true,
      "snowfall_cm": 0.0,
      "depth_est_cm": 16.361172149946253,
      "corridor_score": 1.4678624009328047,
      "segment_id": 0
    },
    {
      "time": "2014-08-09 18:56:00+00:00",
      "CP": 2.2884105069304614,
      "SCE": 0.09241991279310872,
      "S_struct": 2.3814128171337456,
      "admissible": true,
      "snowfall_cm": 0.0,
      "depth_est_cm": 15.475256152726423,
      "corridor_score": 1.4302218240859952,
      "segment_id": 0
    },
    {
      "time": "2014-12-11 23:21:00+00:00",
      "CP": 2.1673835487047364,
      "SCE": 0.1088851080635101,
      "S_struct": 2.2174620071222804,
      "admissible": true,
      "snowfall_cm": 0.0,
      "depth_est_cm": 14.987776285546156,
      "corridor_score": 1.6319456404834072,
      "segment_id": 0
    },
    {
      "time": "2014-12-11 22:56:00+00:00",
      "CP": 2.1673835487047364,
      "SCE": 0.1088851080635101,
      "S_struct": 2.2174620071222804,
      "admissible": true,
      "snowfall_cm": 0.0,
      "depth_est_cm": 14.987776285546156,
      "corridor_score": 1.6319456404834072,
      "segment_id": 0
    }
  ],
  "top_depth_admissible_snow": [
    {
      "time": "2014-12-27 03:56:00+00:00",
      "CP": 2.044263649972391,
      "SCE": 0.09465917005621667,
      "S_struct": 2.3574725221717054,
      "admissible": true,
      "snowfall_cm": 0.5,
      "depth_est_cm": 14.47236764023542,
      "corridor_score": 1.3699423095731318,
      "segment_id": 0
    },
    {
      "time": "2014-12-16 04:45:00+00:00",
      "CP": 1.7603822308976695,
      "SCE": 0.16428496486235736,
      "S_struct": 1.8061527683979492,
      "admissible": true,
      "snowfall_cm": 0.2,
      "depth_est_cm": 13.199799074747435,
      "corridor_score": 2.1685285271850594,
      "segment_id": 0
    },
    {
      "time": "2014-01-01 07:19:00+00:00",
      "CP": 1.5364087234174828,
      "SCE": 0.48522252699108526,
      "S_struct": 0.7231476747313744,
      "admissible": true,
      "snowfall_cm": 0.2,
      "depth_est_cm": 12.099739497673655,
      "corridor_score": 5.871066174995056,
      "segment_id": 0
    },
    {
      "time": "2014-01-01 07:24:00+00:00",
      "CP": 1.5364087234174828,
      "SCE": 0.48522252699108526,
      "S_struct": 0.7231476747313744,
      "admissible": true,
      "snowfall_cm": 0.5,
      "depth_est_cm": 12.099739497673655,
      "corridor_score": 5.871066174995056,
      "segment_id": 0
    },
    {
      "time": "2014-01-01 07:43:00+00:00",
      "CP": 1.5364087234174828,
      "SCE": 0.48522252699108526,
      "S_struct": 0.7231476747313744,
      "admissible": true,
      "snowfall_cm": 0.5,
      "depth_est_cm": 12.099739497673655,
      "corridor_score": 5.871066174995056,
      "segment_id": 0
    },
    {
      "time": "2014-01-01 07:56:00+00:00",
      "CP": 1.5364087234174828,
      "SCE": 0.48522252699108526,
      "S_struct": 0.7231476747313744,
      "admissible": true,
      "snowfall_cm": 0.5,
      "depth_est_cm": 12.099739497673655,
      "corridor_score": 5.871066174995056,
      "segment_id": 0
    },
    {
      "time": "2014-01-01 08:11:00+00:00",
      "CP": 1.5364087234174828,
      "SCE": 0.48522252699108526,
      "S_struct": 0.7231476747313744,
      "admissible": true,
      "snowfall_cm": 0.2,
      "depth_est_cm": 12.099739497673655,
      "corridor_score": 5.871066174995056,
      "segment_id": 0
    },
    {
      "time": "2014-01-01 08:33:00+00:00",
      "CP": 1.5364087234174828,
      "SCE": 0.48522252699108526,
      "S_struct": 0.7231476747313744,
      "admissible": true,
      "snowfall_cm": 0.2,
      "depth_est_cm": 12.099739497673655,
      "corridor_score": 5.871066174995056,
      "segment_id": 0
    },
    {
      "time": "2014-11-16 02:42:00+00:00",
      "CP": 1.4165415466339015,
      "SCE": 0.1672671291397942,
      "S_struct": 1.7881631688365687,
      "admissible": true,
      "snowfall_cm": 0.2,
      "depth_est_cm": 11.47038626566953,
      "corridor_score": 1.918618580783067,
      "segment_id": 0
    },
    {
      "time": "2014-11-16 02:40:00+00:00",
      "CP": 1.4165415466339015,
      "SCE": 0.1672671291397942,
      "S_struct": 1.7881631688365687,
      "admissible": true,
      "snowfall_cm": 0.2,
      "depth_est_cm": 11.47038626566953,
      "corridor_score": 1.918618580783067,
      "segment_id": 0
    },
    {
      "time": "2014-04-03 23:56:00+00:00",
      "CP": 1.4024246491625798,
      "SCE": 0.16069586983096878,
      "S_struct": 1.8282417076830204,
      "admissible": true,
      "snowfall_cm": 1.3,
      "depth_est_cm": 11.394220472160912,
      "corridor_score": 1.8310041698197297,
      "segment_id": 0
    },
    {
      "time": "2014-04-04 00:00:00+00:00",
      "CP": 1.4024246491625798,
      "SCE": 0.16069586983096878,
      "S_struct": 1.8282417076830204,
      "admissible": true,
      "snowfall_cm": 4.0,
      "depth_est_cm": 11.394220472160912,
      "corridor_score": 1.8310041698197297,
      "segment_id": 0
    }
  ],
  "top_corridor_any": [
    {
      "time": "2014-06-02 01:56:00+00:00",
      "CP": 9.843056295694458,
      "SCE": 0.3343360640532424,
      "S_struct": 1.0956086120649093,
      "admissible": true,
      "snowfall_cm": 0.0,
      "depth_est_cm": 30.985823730802768,
      "corridor_score": 10.359678347604152,
      "segment_id": 0
    },
    {
      "time": "2014-01-01 06:07:00+00:00",
      "CP": 0.8132610486861084,
      "SCE": 1.0,
      "S_struct": 0.0,
      "admissible": true,
      "snowfall_cm": 0.0,
      "depth_est_cm": 7.736649811127526,
      "corridor_score": 7.736649811127526,
      "segment_id": 0
    },
    {
      "time": "2014-01-01 06:33:00+00:00",
      "CP": 1.0304411967522913,
      "SCE": 0.8047849757881614,
      "S_struct": 0.2171801480661829,
      "admissible": true,
      "snowfall_cm": 0.2,
      "depth_est_cm": 9.207290400630013,
      "corridor_score": 7.409888982145596,
      "segment_id": 0
    },
    {
      "time": "2014-01-01 06:56:00+00:00",
      "CP": 1.0304411967522913,
      "SCE": 0.8047849757881614,
      "S_struct": 0.2171801480661829,
      "admissible": true,
      "snowfall_cm": 0.5,
      "depth_est_cm": 9.207290400630013,
      "corridor_score": 7.409888982145596,
      "segment_id": 0
    },
    {
      "time": "2014-01-01 07:10:00+00:00",
      "CP": 1.0304411967522913,
      "SCE": 0.8047849757881614,
      "S_struct": 0.2171801480661829,
      "admissible": true,
      "snowfall_cm": 0.0,
      "depth_est_cm": 9.207290400630013,
      "corridor_score": 7.409888982145596,
      "segment_id": 0
    },
    {
      "time": "2014-06-02 02:56:00+00:00",
      "CP": 9.379131426667419,
      "SCE": 0.2102341265217958,
      "S_struct": 1.5595334810919486,
      "admissible": true,
      "snowfall_cm": 0.0,
      "depth_est_cm": 30.417363556470164,
      "corridor_score": 6.394767858390409,
      "segment_id": 0
    },
    {
      "time": "2014-01-01 07:19:00+00:00",
      "CP": 1.5364087234174828,
      "SCE": 0.48522252699108526,
      "S_struct": 0.7231476747313744,
      "admissible": true,
      "snowfall_cm": 0.2,
      "depth_est_cm": 12.099739497673655,
      "corridor_score": 5.871066174995056,
      "segment_id": 0
    },
    {
      "time": "2014-01-01 07:24:00+00:00",
      "CP": 1.5364087234174828,
      "SCE": 0.48522252699108526,
      "S_struct": 0.7231476747313744,
      "admissible": true,
      "snowfall_cm": 0.5,
      "depth_est_cm": 12.099739497673655,
      "corridor_score": 5.871066174995056,
      "segment_id": 0
    },
    {
      "time": "2014-01-01 07:43:00+00:00",
      "CP": 1.5364087234174828,
      "SCE": 0.48522252699108526,
      "S_struct": 0.7231476747313744,
      "admissible": true,
      "snowfall_cm": 0.5,
      "depth_est_cm": 12.099739497673655,
      "corridor_score": 5.871066174995056,
      "segment_id": 0
    },
    {
      "time": "2014-01-01 07:56:00+00:00",
      "CP": 1.5364087234174828,
      "SCE": 0.48522252699108526,
      "S_struct": 0.7231476747313744,
      "admissible": true,
      "snowfall_cm": 0.5,
      "depth_est_cm": 12.099739497673655,
      "corridor_score": 5.871066174995056,
      "segment_id": 0
    },
    {
      "time": "2014-01-01 08:11:00+00:00",
      "CP": 1.5364087234174828,
      "SCE": 0.48522252699108526,
      "S_struct": 0.7231476747313744,
      "admissible": true,
      "snowfall_cm": 0.2,
      "depth_est_cm": 12.099739497673655,
      "corridor_score": 5.871066174995056,
      "segment_id": 0
    },
    {
      "time": "2014-01-01 08:33:00+00:00",
      "CP": 1.5364087234174828,
      "SCE": 0.48522252699108526,
      "S_struct": 0.7231476747313744,
      "admissible": true,
      "snowfall_cm": 0.2,
      "depth_est_cm": 12.099739497673655,
      "corridor_score": 5.871066174995056,
      "segment_id": 0
    }
  ],
  "top_corridor_admissible": [
    {
      "time": "2014-06-02 01:56:00+00:00",
      "CP": 9.843056295694458,
      "SCE": 0.3343360640532424,
      "S_struct": 1.0956086120649093,
      "admissible": true,
      "snowfall_cm": 0.0,
      "depth_est_cm": 30.985823730802768,
      "corridor_score": 10.359678347604152,
      "segment_id": 0
    },
    {
      "time": "2014-01-01 06:07:00+00:00",
      "CP": 0.8132610486861084,
      "SCE": 1.0,
      "S_struct": 0.0,
      "admissible": true,
      "snowfall_cm": 0.0,
      "depth_est_cm": 7.736649811127526,
      "corridor_score": 7.736649811127526,
      "segment_id": 0
    },
    {
      "time": "2014-01-01 07:10:00+00:00",
      "CP": 1.0304411967522913,
      "SCE": 0.8047849757881614,
      "S_struct": 0.2171801480661829,
      "admissible": true,
      "snowfall_cm": 0.0,
      "depth_est_cm": 9.207290400630013,
      "corridor_score": 7.409888982145596,
      "segment_id": 0
    },
    {
      "time": "2014-01-01 06:33:00+00:00",
      "CP": 1.0304411967522913,
      "SCE": 0.8047849757881614,
      "S_struct": 0.2171801480661829,
      "admissible": true,
      "snowfall_cm": 0.2,
      "depth_est_cm": 9.207290400630013,
      "corridor_score": 7.409888982145596,
      "segment_id": 0
    },
    {
      "time": "2014-01-01 06:56:00+00:00",
      "CP": 1.0304411967522913,
      "SCE": 0.8047849757881614,
      "S_struct": 0.2171801480661829,
      "admissible": true,
      "snowfall_cm": 0.5,
      "depth_est_cm": 9.207290400630013,
      "corridor_score": 7.409888982145596,
      "segment_id": 0
    },
    {
      "time": "2014-06-02 02:56:00+00:00",
      "CP": 9.379131426667419,
      "SCE": 0.2102341265217958,
      "S_struct": 1.5595334810919486,
      "admissible": true,
      "snowfall_cm": 0.0,
      "depth_est_cm": 30.417363556470164,
      "corridor_score": 6.394767858390409,
      "segment_id": 0
    },
    {
      "time": "2014-01-01 07:19:00+00:00",
      "CP": 1.5364087234174828,
      "SCE": 0.48522252699108526,
      "S_struct": 0.7231476747313744,
      "admissible": true,
      "snowfall_cm": 0.2,
      "depth_est_cm": 12.099739497673655,
      "corridor_score": 5.871066174995056,
      "segment_id": 0
    },
    {
      "time": "2014-01-01 07:24:00+00:00",
      "CP": 1.5364087234174828,
      "SCE": 0.48522252699108526,
      "S_struct": 0.7231476747313744,
      "admissible": true,
      "snowfall_cm": 0.5,
      "depth_est_cm": 12.099739497673655,
      "corridor_score": 5.871066174995056,
      "segment_id": 0
    },
    {
      "time": "2014-01-01 07:43:00+00:00",
      "CP": 1.5364087234174828,
      "SCE": 0.48522252699108526,
      "S_struct": 0.7231476747313744,
      "admissible": true,
      "snowfall_cm": 0.5,
      "depth_est_cm": 12.099739497673655,
      "corridor_score": 5.871066174995056,
      "segment_id": 0
    },
    {
      "time": "2014-01-01 07:56:00+00:00",
      "CP": 1.5364087234174828,
      "SCE": 0.48522252699108526,
      "S_struct": 0.7231476747313744,
      "admissible": true,
      "snowfall_cm": 0.5,
      "depth_est_cm": 12.099739497673655,
      "corridor_score": 5.871066174995056,
      "segment_id": 0
    },
    {
      "time": "2014-01-01 08:11:00+00:00",
      "CP": 1.5364087234174828,
      "SCE": 0.48522252699108526,
      "S_struct": 0.7231476747313744,
      "admissible": true,
      "snowfall_cm": 0.2,
      "depth_est_cm": 12.099739497673655,
      "corridor_score": 5.871066174995056,
      "segment_id": 0
    },
    {
      "time": "2014-01-01 08:33:00+00:00",
      "CP": 1.5364087234174828,
      "SCE": 0.48522252699108526,
      "S_struct": 0.7231476747313744,
      "admissible": true,
      "snowfall_cm": 0.2,
      "depth_est_cm": 12.099739497673655,
      "corridor_score": 5.871066174995056,
      "segment_id": 0
    }
  ],
  "top_corridor_admissible_snow": [
    {
      "time": "2014-01-01 06:33:00+00:00",
      "CP": 1.0304411967522913,
      "SCE": 0.8047849757881614,
      "S_struct": 0.2171801480661829,
      "admissible": true,
      "snowfall_cm": 0.2,
      "depth_est_cm": 9.207290400630013,
      "corridor_score": 7.409888982145596,
      "segment_id": 0
    },
    {
      "time": "2014-01-01 06:56:00+00:00",
      "CP": 1.0304411967522913,
      "SCE": 0.8047849757881614,
      "S_struct": 0.2171801480661829,
      "admissible": true,
      "snowfall_cm": 0.5,
      "depth_est_cm": 9.207290400630013,
      "corridor_score": 7.409888982145596,
      "segment_id": 0
    },
    {
      "time": "2014-01-01 07:19:00+00:00",
      "CP": 1.5364087234174828,
      "SCE": 0.48522252699108526,
      "S_struct": 0.7231476747313744,
      "admissible": true,
      "snowfall_cm": 0.2,
      "depth_est_cm": 12.099739497673655,
      "corridor_score": 5.871066174995056,
      "segment_id": 0
    },
    {
      "time": "2014-01-01 07:24:00+00:00",
      "CP": 1.5364087234174828,
      "SCE": 0.48522252699108526,
      "S_struct": 0.7231476747313744,
      "admissible": true,
      "snowfall_cm": 0.5,
      "depth_est_cm": 12.099739497673655,
      "corridor_score": 5.871066174995056,
      "segment_id": 0
    },
    {
      "time": "2014-01-01 07:43:00+00:00",
      "CP": 1.5364087234174828,
      "SCE": 0.48522252699108526,
      "S_struct": 0.7231476747313744,
      "admissible": true,
      "snowfall_cm": 0.5,
      "depth_est_cm": 12.099739497673655,
      "corridor_score": 5.871066174995056,
      "segment_id": 0
    },
    {
      "time": "2014-01-01 07:56:00+00:00",
      "CP": 1.5364087234174828,
      "SCE": 0.48522252699108526,
      "S_struct": 0.7231476747313744,
      "admissible": true,
      "snowfall_cm": 0.5,
      "depth_est_cm": 12.099739497673655,
      "corridor_score": 5.871066174995056,
      "segment_id": 0
    },
    {
      "time": "2014-01-01 08:11:00+00:00",
      "CP": 1.5364087234174828,
      "SCE": 0.48522252699108526,
      "S_struct": 0.7231476747313744,
      "admissible": true,
      "snowfall_cm": 0.2,
      "depth_est_cm": 12.099739497673655,
      "corridor_score": 5.871066174995056,
      "segment_id": 0
    },
    {
      "time": "2014-01-01 08:33:00+00:00",
      "CP": 1.5364087234174828,
      "SCE": 0.48522252699108526,
      "S_struct": 0.7231476747313744,
      "admissible": true,
      "snowfall_cm": 0.2,
      "depth_est_cm": 12.099739497673655,
      "corridor_score": 5.871066174995056,
      "segment_id": 0
    },
    {
      "time": "2014-04-04 02:56:00+00:00",
      "CP": 1.0836917743529024,
      "SCE": 0.39180539401029035,
      "S_struct": 0.9369900063120226,
      "admissible": true,
      "snowfall_cm": 0.3,
      "depth_est_cm": 9.543835755615191,
      "corridor_score": 3.7393263285983074,
      "segment_id": 0
    },
    {
      "time": "2014-04-04 01:56:00+00:00",
      "CP": 1.0836917743529024,
      "SCE": 0.3776403156172006,
      "S_struct": 0.9738130823560674,
      "admissible": true,
      "snowfall_cm": 0.3,
      "depth_est_cm": 9.543835755615191,
      "corridor_score": 3.604137146949245,
      "segment_id": 0
    },
    {
      "time": "2014-04-04 00:56:00+00:00",
      "CP": 1.2749314992387089,
      "SCE": 0.2973888031990084,
      "S_struct": 1.2127148946257893,
      "admissible": true,
      "snowfall_cm": 0.8,
      "depth_est_cm": 10.68534924242303,
      "corridor_score": 3.1777032229676156,
      "segment_id": 0
    },
    {
      "time": "2014-04-04 03:56:00+00:00",
      "CP": 0.9563390703723303,
      "SCE": 0.34495451532067867,
      "S_struct": 1.0643427102925946,
      "admissible": true,
      "snowfall_cm": 0.3,
      "depth_est_cm": 8.72397377085725,
      "corridor_score": 3.009374143796376,
      "segment_id": 0
    }
  ],
  "observed_snow_events_first200": [
    {
      "time": "2014-01-01 06:33:00+00:00",
      "CP": 1.0304411967522913,
      "SCE": 0.8047849757881614,
      "S_struct": 0.2171801480661829,
      "admissible": true,
      "snowfall_cm": 0.2,
      "depth_est_cm": 9.207290400630013,
      "corridor_score": 7.409888982145596,
      "segment_id": 0
    },
    {
      "time": "2014-01-01 06:56:00+00:00",
      "CP": 1.0304411967522913,
      "SCE": 0.8047849757881614,
      "S_struct": 0.2171801480661829,
      "admissible": true,
      "snowfall_cm": 0.5,
      "depth_est_cm": 9.207290400630013,
      "corridor_score": 7.409888982145596,
      "segment_id": 0
    },
    {
      "time": "2014-01-01 07:19:00+00:00",
      "CP": 1.5364087234174828,
      "SCE": 0.48522252699108526,
      "S_struct": 0.7231476747313744,
      "admissible": true,
      "snowfall_cm": 0.2,
      "depth_est_cm": 12.099739497673655,
      "corridor_score": 5.871066174995056,
      "segment_id": 0
    },
    {
      "time": "2014-01-01 07:24:00+00:00",
      "CP": 1.5364087234174828,
      "SCE": 0.48522252699108526,
      "S_struct": 0.7231476747313744,
      "admissible": true,
      "snowfall_cm": 0.5,
      "depth_est_cm": 12.099739497673655,
      "corridor_score": 5.871066174995056,
      "segment_id": 0
    },
    {
      "time": "2014-01-01 07:43:00+00:00",
      "CP": 1.5364087234174828,
      "SCE": 0.48522252699108526,
      "S_struct": 0.7231476747313744,
      "admissible": true,
      "snowfall_cm": 0.5,
      "depth_est_cm": 12.099739497673655,
      "corridor_score": 5.871066174995056,
      "segment_id": 0
    },
    {
      "time": "2014-01-01 07:56:00+00:00",
      "CP": 1.5364087234174828,
      "SCE": 0.48522252699108526,
      "S_struct": 0.7231476747313744,
      "admissible": true,
      "snowfall_cm": 0.5,
      "depth_est_cm": 12.099739497673655,
      "corridor_score": 5.871066174995056,
      "segment_id": 0
    },
    {
      "time": "2014-01-01 08:11:00+00:00",
      "CP": 1.5364087234174828,
      "SCE": 0.48522252699108526,
      "S_struct": 0.7231476747313744,
      "admissible": true,
      "snowfall_cm": 0.2,
      "depth_est_cm": 12.099739497673655,
      "corridor_score": 5.871066174995056,
      "segment_id": 0
    },
    {
      "time": "2014-01-01 08:33:00+00:00",
      "CP": 1.5364087234174828,
      "SCE": 0.48522252699108526,
      "S_struct": 0.7231476747313744,
      "admissible": true,
      "snowfall_cm": 0.2,
      "depth_est_cm": 12.099739497673655,
      "corridor_score": 5.871066174995056,
      "segment_id": 0
    },
    {
      "time": "2014-01-01 08:46:00+00:00",
      "CP": 0.530697848024189,
      "SCE": 0.17748688677411362,
      "S_struct": 1.7288585501246683,
      "admissible": true,
      "snowfall_cm": 0.5,
      "depth_est_cm": 5.53440863608893,
      "corridor_score": 0.9822849589551925,
      "segment_id": 0
    },
    {
      "time": "2014-01-01 08:56:00+00:00",
      "CP": 0.39225493114831417,
      "SCE": 0.15454013127810096,
      "S_struct": 1.867301467000543,
      "admissible": true,
      "snowfall_cm": 0.5,
      "depth_est_cm": 4.302020909379237,
      "corridor_score": 0.6648348760966026,
      "segment_id": 0
    },
    {
      "time": "2014-01-01 12:00:00+00:00",
      "CP": 0.4049572499379681,
      "SCE": 0.1482454104685247,
      "S_struct": 1.9088861996373088,
      "admissible": true,
      "snowfall_cm": 2.0,
      "depth_est_cm": 4.420089378020961,
      "corridor_score": 0.6552579641522834,
      "segment_id": 0
    },
    {
      "time": "2014-01-16 15:21:00+00:00",
      "CP": 7.685122614980501,
      "SCE": 9.440101835705291e-16,
      "S_struct": 34.59639472012486,
      "admissible": false,
      "snowfall_cm": 0.5,
      "depth_est_cm": 28.100949728939604,
      "corridor_score": 2.6527582712122487e-14,
      "segment_id": 0
    },
    {
      "time": "2014-01-16 15:35:00+00:00",
      "CP": 7.685122614980501,
      "SCE": 3.8340402148035754e-15,
      "S_struct": 33.19485726134809,
      "admissible": false,
      "snowfall_cm": 0.7000000000000001,
      "depth_est_cm": 28.100949728939604,
      "corridor_score": 1.0774017133492808e-13,
      "segment_id": 0
    },
    {
      "time": "2014-01-16 15:50:00+00:00",
      "CP": 8.241586264715144,
      "SCE": 2.1977969753837048e-15,
      "S_struct": 33.751320911082736,
      "admissible": false,
      "snowfall_cm": 1.0,
      "depth_est_cm": 28.908276079667722,
      "corridor_score": 6.353452173145082e-14,
      "segment_id": 0
    },
    {
      "time": "2014-01-16 15:56:00+00:00",
      "CP": 8.241586264715144,
      "SCE": 8.926219371620909e-15,
      "S_struct": 32.34978345230598,
      "admissible": false,
      "snowfall_cm": 1.3,
      "depth_est_cm": 28.908276079667722,
      "corridor_score": 2.5804161394249535e-13,
      "segment_id": 0
    },
    {
      "time": "2014-01-16 16:06:00+00:00",
      "CP": 7.082613196239577,
      "SCE": 5.2966913677864376e-15,
      "S_struct": 32.871694039519376,
      "admissible": false,
      "snowfall_cm": 0.5,
      "depth_est_cm": 27.16629806308223,
      "corridor_score": 1.4389149644544107e-13,
      "segment_id": 0
    },
    {
      "time": "2014-01-16 16:09:00+00:00",
      "CP": 7.082613196239577,
      "SCE": 5.2966913677864376e-15,
      "S_struct": 32.871694039519376,
      "admissible": false,
      "snowfall_cm": 0.5,
      "depth_est_cm": 27.16629806308223,
      "corridor_score": 1.4389149644544107e-13,
      "segment_id": 0
    },
    {
      "time": "2014-01-16 16:13:00+00:00",
      "CP": 7.082613196239577,
      "SCE": 5.2966913677864376e-15,
      "S_struct": 32.871694039519376,
      "admissible": false,
      "snowfall_cm": 0.5,
      "depth_est_cm": 27.16629806308223,
      "corridor_score": 1.4389149644544107e-13,
      "segment_id": 0
    },
    {
      "time": "2014-01-16 16:23:00+00:00",
      "CP": 5.283035850707955,
      "SCE": 8.759073222679993e-16,
      "S_struct": 34.67127138505099,
      "admissible": false,
      "snowfall_cm": 0.5,
      "depth_est_cm": 23.892092632072593,
      "corridor_score": 2.0927258880737702e-14,
      "segment_id": 0
    },
    {
      "time": "2014-01-16 16:32:00+00:00",
      "CP": 5.283035850707955,
      "SCE": 8.759073222679993e-16,
      "S_struct": 34.67127138505099,
      "admissible": false,
      "snowfall_cm": 0.5,
      "depth_est_cm": 23.892092632072593,
      "corridor_score": 2.0927258880737702e-14,
      "segment_id": 0
    },
    {
      "time": "2014-01-16 16:34:00+00:00",
      "CP": 4.9270992519039,
      "SCE": 6.135879980920071e-16,
      "S_struct": 35.02720798385505,
      "admissible": false,
      "snowfall_cm": 0.5,
      "depth_est_cm": 23.13395406905848,
      "corridor_score": 1.4194716565186035e-14,
      "segment_id": 0
    },
    {
      "time": "2014-01-16 16:45:00+00:00",
      "CP": 4.9270992519039,
      "SCE": 2.4920505106286415e-15,
      "S_struct": 33.62567052507828,
      "admissible": false,
      "snowfall_cm": 0.5,
      "depth_est_cm": 23.13395406905848,
      "corridor_score": 5.765098205065672e-14,
      "segment_id": 0
    },
    {
      "time": "2014-01-16 16:56:00+00:00",
      "CP": 4.9270992519039,
      "SCE": 1.9138572665645757e-14,
      "S_struct": 31.58707058503935,
      "admissible": false,
      "snowfall_cm": 0.5,
      "depth_est_cm": 23.13395406905848,
      "corridor_score": 4.4275086099438704e-13,
      "segment_id": 0
    },
    {
      "time": "2014-01-16 17:12:00+00:00",
      "CP": 2.46354962595195,
      "SCE": 4.676206839876187e-09,
      "S_struct": 19.180778559953012,
      "admissible": false,
      "snowfall_cm": 0.5,
      "depth_est_cm": 16.149821566380343,
      "corridor_score": 7.551990607148771e-08,
      "segment_id": 0
    },
    {
      "time": "2014-01-16 17:17:00+00:00",
      "CP": 3.1354267966661173,
      "SCE": 2.9775161776293552e-08,
      "S_struct": 17.329591288426993,
      "admissible": false,
      "snowfall_cm": 0.5,
      "depth_est_cm": 18.45467700424412,
      "corridor_score": 5.494909933306132e-07,
      "segment_id": 0
    },
    {
      "time": "2014-01-16 17:21:00+00:00",
      "CP": 2.9821392233913984,
      "SCE": 1.355304401784548e-07,
      "S_struct": 15.814069571093356,
      "admissible": false,
      "snowfall_cm": 0.5,
      "depth_est_cm": 17.96364918676869,
      "corridor_score": 2.4346212814941027e-06,
      "segment_id": 0
    },
    {
      "time": "2014-01-16 17:29:00+00:00",
      "CP": 1.2248777386324583,
      "SCE": 2.3381258463541678e-08,
      "S_struct": 17.571331055852294,
      "admissible": false,
      "snowfall_cm": 0.5,
      "depth_est_cm": 10.396125547329907,
      "corridor_score": 2.4307449844154925e-07,
      "segment_id": 0
    },
    {
      "time": "2014-01-16 17:56:00+00:00",
      "CP": 1.2248777386324583,
      "SCE": 3.011268380955612e-07,
      "S_struct": 15.015734271935157,
      "admissible": false,
      "snowfall_cm": 0.5,
      "depth_est_cm": 10.396125547329907,
      "corridor_score": 3.1305524145119405e-06,
      "segment_id": 0
    },
    {
      "time": "2014-01-16 18:00:00+00:00",
      "CP": 1.2248777386324583,
      "SCE": 1.248173922439455e-06,
      "S_struct": 13.59382893679782,
      "admissible": false,
      "snowfall_cm": 2.0,
      "depth_est_cm": 10.396125547329907,
      "corridor_score": 1.2976172802583795e-05,
      "segment_id": 0
    },
    {
      "time": "2014-01-16 18:56:00+00:00",
      "CP": 2.511928343685179,
      "SCE": 2.464838597615199e-06,
      "S_struct": 12.913384230254268,
      "admissible": false,
      "snowfall_cm": 0.3,
      "depth_est_cm": 16.33014853971817,
      "corridor_score": 4.0251180425486825e-05,
      "segment_id": 0
    },
    {
      "time": "2014-01-16 20:56:00+00:00",
      "CP": 7.13537962213961,
      "SCE": 2.623975314006138e-07,
      "S_struct": 15.153405187692782,
      "admissible": false,
      "snowfall_cm": 0.3,
      "depth_est_cm": 27.25089126334746,
      "corridor_score": 7.150566595968928e-06,
      "segment_id": 0
    },
    {
      "time": "2014-01-16 23:56:00+00:00",
      "CP": 6.46670730185643,
      "SCE": 2.9824956321563017e-05,
      "S_struct": 10.420165054472129,
      "admissible": false,
      "snowfall_cm": 0.3,
      "depth_est_cm": 26.135903461082876,
      "corridor_score": 0.0007795021791513844,
      "segment_id": 0
    },
    {
      "time": "2014-01-17 00:00:00+00:00",
      "CP": 5.4813042844306885,
      "SCE": 1.113332080557775e-05,
      "S_struct": 11.40556807189787,
      "admissible": false,
      "snowfall_cm": 1.0,
      "depth_est_cm": 24.295982991434926,
      "corridor_score": 0.0002704949729305056,
      "segment_id": 0
    },
    {
      "time": "2014-01-17 11:56:00+00:00",
      "CP": 4.4108898792747935,
      "SCE": 2.6525746429463446e-05,
      "S_struct": 10.53739473325834,
      "admissible": false,
      "snowfall_cm": 2.5,
      "depth_est_cm": 21.94937637337783,
      "corridor_score": 0.0005822235919650763,
      "segment_id": 0
    },
    {
      "time": "2014-01-17 12:00:00+00:00",
      "CP": 4.4108898792747935,
      "SCE": 3.365368300229876e-05,
      "S_struct": 10.299388057571587,
      "admissible": false,
      "snowfall_cm": 2.5,
      "depth_est_cm": 21.94937637337783,
      "corridor_score": 0.0007386773545678035,
      "segment_id": 0
    },
    {
      "time": "2014-01-20 21:56:00+00:00",
      "CP": 9.116840892782994,
      "SCE": 3.9726533369287344e-10,
      "S_struct": 21.646416711652204,
      "admissible": false,
      "snowfall_cm": 0.3,
      "depth_est_cm": 30.084618854952996,
      "corridor_score": 1.1951576148435815e-08,
      "segment_id": 0
    },
    {
      "time": "2014-01-21 00:00:00+00:00",
      "CP": 14.173293001298573,
      "SCE": 1.6822476862096715e-06,
      "S_struct": 13.295379750293005,
      "admissible": false,
      "snowfall_cm": 0.5,
      "depth_est_cm": 35.35397895977719,
      "corridor_score": 5.947414930339058e-05,
      "segment_id": 0
    },
    {
      "time": "2014-01-22 08:56:00+00:00",
      "CP": 9.897000043456131,
      "SCE": 5.7879741705297475e-08,
      "S_struct": 16.66489839778297,
      "admissible": false,
      "snowfall_cm": 0.3,
      "depth_est_cm": 31.05033783777442,
      "corridor_score": 1.7971855339126084e-06,
      "segment_id": 0
    },
    {
      "time": "2014-01-22 12:00:00+00:00",
      "CP": 7.055280079785241,
      "SCE": 7.642993588155803e-08,
      "S_struct": 16.386891386609175,
      "admissible": false,
      "snowfall_cm": 0.3,
      "depth_est_cm": 27.122261230317527,
      "corridor_score": 2.0729526867960356e-06,
      "segment_id": 0
    },
    {
      "time": "2014-01-30 10:23:00+00:00",
      "CP": 32.69923366138982,
      "SCE": 6.82083956459076e-33,
      "S_struct": 74.0653255012123,
      "admissible": false,
      "snowfall_cm": 0.2,
      "depth_est_cm": 45.72717626206147,
      "corridor_score": 3.1189773302528427e-31,
      "segment_id": 0
    },
    {
      "time": "2014-01-30 10:43:00+00:00",
      "CP": 29.838504468099057,
      "SCE": 5.424290548965328e-32,
      "S_struct": 71.99183585931893,
      "admissible": false,
      "snowfall_cm": 0.7000000000000001,
      "depth_est_cm": 44.57393270547091,
      "corridor_score": 2.417819619045024e-30,
      "segment_id": 0
    },
    {
      "time": "2014-01-30 10:56:00+00:00",
      "CP": 32.115276673093796,
      "SCE": 8.540315100231204e-30,
      "S_struct": 66.93275488571899,
      "admissible": false,
      "snowfall_cm": 1.0,
      "depth_est_cm": 45.49993118865434,
      "corridor_score": 3.885837493899453e-28,
      "segment_id": 0
    },
    {
      "time": "2014-01-30 11:56:00+00:00",
      "CP": 38.15404664581229,
      "SCE": 5.815527746248791e-20,
      "S_struct": 44.291170322009656,
      "admissible": false,
      "snowfall_cm": 0.8,
      "depth_est_cm": 47.67754913604587,
      "corridor_score": 2.7727010987381482e-18,
      "segment_id": 0
    },
    {
      "time": "2014-01-30 12:00:00+00:00",
      "CP": 35.25294628306391,
      "SCE": 7.358268420301087e-20,
      "S_struct": 44.05587722380105,
      "admissible": false,
      "snowfall_cm": 2.0,
      "depth_est_cm": 46.67676851203707,
      "corridor_score": 3.4346019170382654e-18,
      "segment_id": 0
    },
    {
      "time": "2014-01-30 12:28:00+00:00",
      "CP": 29.398612552671565,
      "SCE": 6.22073304429455e-22,
      "S_struct": 48.828984293281536,
      "admissible": false,
      "snowfall_cm": 0.2,
      "depth_est_cm": 44.38716057952672,
      "corridor_score": 2.761206765594703e-20,
      "segment_id": 0
    },
    {
      "time": "2014-01-30 12:56:00+00:00",
      "CP": 30.654963516460953,
      "SCE": 7.294243333768653e-19,
      "S_struct": 41.76203131424403,
      "admissible": false,
      "snowfall_cm": 0.3,
      "depth_est_cm": 44.913634498967625,
      "corridor_score": 3.276109790394164e-17,
      "segment_id": 0
    },
    {
      "time": "2014-01-30 18:00:00+00:00",
      "CP": 6.001387456455035,
      "SCE": 5.0246484073851744e-23,
      "S_struct": 51.3451016560454,
      "admissible": false,
      "snowfall_cm": 0.3,
      "depth_est_cm": 25.299408387236035,
      "corridor_score": 1.2712063206071267e-21,
      "segment_id": 0
    },
    {
      "time": "2014-01-31 12:00:00+00:00",
      "CP": 5.672463031874185,
      "SCE": 4.757686086290366e-07,
      "S_struct": 14.55833421723339,
      "admissible": false,
      "snowfall_cm": 0.3,
      "depth_est_cm": 24.673857804831908,
      "corridor_score": 1.1739046997315572e-05,
      "segment_id": 0
    },
    {
      "time": "2014-02-08 10:13:00+00:00",
      "CP": 6.978066990917395,
      "SCE": 2.4303829678121782e-09,
      "S_struct": 19.83521699208881,
      "admissible": false,
      "snowfall_cm": 0.2,
      "depth_est_cm": 26.99704995525544,
      "corridor_score": 6.561317039242735e-08,
      "segment_id": 0
    },
    {
      "time": "2014-02-08 10:20:00+00:00",
      "CP": 6.978066990917395,
      "SCE": 5.6169416040946536e-09,
      "S_struct": 18.99747851973026,
      "admissible": false,
      "snowfall_cm": 0.2,
      "depth_est_cm": 26.99704995525544,
      "corridor_score": 1.51640853081496e-07,
      "segment_id": 0
    },
    {
      "time": "2014-02-08 10:32:00+00:00",
      "CP": 6.978066990917395,
      "SCE": 3.7748553628008236e-08,
      "S_struct": 17.092318676475244,
      "admissible": false,
      "snowfall_cm": 0.5,
      "depth_est_cm": 26.99704995525544,
      "corridor_score": 1.0190995880339774e-06,
      "segment_id": 0
    },
    {
      "time": "2014-02-08 10:40:00+00:00",
      "CP": 6.978066990917395,
      "SCE": 1.258997199883403e-07,
      "S_struct": 15.887780119978485,
      "admissible": false,
      "snowfall_cm": 0.7000000000000001,
      "depth_est_cm": 26.99704995525544,
      "corridor_score": 3.398921029877895e-06,
      "segment_id": 0
    },
    {
      "time": "2014-02-08 10:53:00+00:00",
      "CP": 6.978066990917395,
      "SCE": 6.096547581338878e-07,
      "S_struct": 14.310373010273,
      "admissible": false,
      "snowfall_cm": 1.2000000000000002,
      "depth_est_cm": 26.99704995525544,
      "corridor_score": 1.6458879960799743e-05,
      "segment_id": 0
    },
    {
      "time": "2014-02-08 10:56:00+00:00",
      "CP": 7.473397273753434,
      "SCE": 1.5104934979382743e-05,
      "S_struct": 11.10048904771069,
      "admissible": false,
      "snowfall_cm": 1.3,
      "depth_est_cm": 27.780109800833735,
      "corridor_score": 0.00041961675226170685,
      "segment_id": 0
    },
    {
      "time": "2014-02-08 12:00:00+00:00",
      "CP": 1.9846767868906225,
      "SCE": 5.101054154899452e-07,
      "S_struct": 14.488648435547821,
      "admissible": false,
      "snowfall_cm": 1.0,
      "depth_est_cm": 14.215389004483441,
      "corridor_score": 7.251346914483224e-06,
      "segment_id": 0
    },
    {
      "time": "2014-02-08 13:33:00+00:00",
      "CP": 1.0581424283596486,
      "SCE": 2.0196270322783005e-07,
      "S_struct": 15.415182794078795,
      "admissible": false,
      "snowfall_cm": 0.2,
      "depth_est_cm": 9.383449948456906,
      "corridor_score": 1.8951069171933995e-06,
      "segment_id": 0
    },
    {
      "time": "2014-02-08 13:56:00+00:00",
      "CP": 0.7136502197532332,
      "SCE": 1.4909454793461263e-07,
      "S_struct": 15.718685182345881,
      "admissible": false,
      "snowfall_cm": 0.3,
      "depth_est_cm": 7.002134449187826,
      "corridor_score": 1.0439800702790368e-06,
      "segment_id": 0
    },
    {
      "time": "2014-02-08 18:00:00+00:00",
      "CP": 5.746737836213822,
      "SCE": 2.587838319277687e-06,
      "S_struct": 12.864687656508341,
      "admissible": false,
      "snowfall_cm": 0.3,
      "depth_est_cm": 24.817768359038702,
      "corridor_score": 6.422437195847768e-05,
      "segment_id": 0
    },
    {
      "time": "2014-02-09 12:00:00+00:00",
      "CP": 9.094346207599328,
      "SCE": 2.622271685068942e-05,
      "S_struct": 10.548884467502766,
      "admissible": false,
      "snowfall_cm": 0.3,
      "depth_est_cm": 30.055681313908735,
      "corridor_score": 0.0007881416208491857,
      "segment_id": 0
    },
    {
      "time": "2014-02-12 09:05:00+00:00",
      "CP": 2.21543758169784,
      "SCE": 0.0005113083849130044,
      "S_struct": 7.578537656808788,
      "admissible": false,
      "snowfall_cm": 0.2,
      "depth_est_cm": 15.183524911234413,
      "corridor_score": 0.0077634635996496355,
      "segment_id": 0
    },
    {
      "time": "2014-02-12 09:14:00+00:00",
      "CP": 2.21543758169784,
      "SCE": 0.0010606048456666217,
      "S_struct": 6.848915924474188,
      "admissible": false,
      "snowfall_cm": 0.2,
      "depth_est_cm": 15.183524911234413,
      "corridor_score": 0.01610372009515508,
      "segment_id": 0
    },
    {
      "time": "2014-02-12 09:25:00+00:00",
      "CP": 2.7911581933648772,
      "SCE": 0.0005963775990000283,
      "S_struct": 7.424636536141224,
      "admissible": false,
      "snowfall_cm": 0.2,
      "depth_est_cm": 17.324730336257367,
      "corridor_score": 0.010332081081260122,
      "segment_id": 0
    },
    {
      "time": "2014-02-12 09:38:00+00:00",
      "CP": 2.0039084465183734,
      "SCE": 0.0005297706601945515,
      "S_struct": 7.543066361681011,
      "admissible": false,
      "snowfall_cm": 0.5,
      "depth_est_cm": 14.298885331204435,
      "corridor_score": 0.007575129921958362,
      "segment_id": 0
    },
    {
      "time": "2014-02-12 09:56:00+00:00",
      "CP": 2.0039084465183734,
      "SCE": 0.00071798828404045,
      "S_struct": 7.239057306541591,
      "admissible": false,
      "snowfall_cm": 1.0,
      "depth_est_cm": 14.298885331204435,
      "corridor_score": 0.010266432142642634,
      "segment_id": 0
    },
    {
      "time": "2014-02-12 10:22:00+00:00",
      "CP": 1.912069711803106,
      "SCE": 0.0020122712224326616,
      "S_struct": 6.208491233427752,
      "admissible": false,
      "snowfall_cm": 0.5,
      "depth_est_cm": 13.89523290402935,
      "corridor_score": 0.02796097730177768,
      "segment_id": 0
    },
    {
      "time": "2014-02-12 10:46:00+00:00",
      "CP": 1.912069711803106,
      "SCE": 0.004623826308032164,
      "S_struct": 5.376532711459406,
      "admissible": false,
      "snowfall_cm": 0.7000000000000001,
      "depth_est_cm": 13.89523290402935,
      "corridor_score": 0.06424914345788507,
      "segment_id": 0
    },
    {
      "time": "2014-02-12 10:56:00+00:00",
      "CP": 1.580136235301479,
      "SCE": 0.00416121628310927,
      "S_struct": 5.481947871695004,
      "admissible": false,
      "snowfall_cm": 0.8,
      "depth_est_cm": 12.321948624957948,
      "corridor_score": 0.05127429325781089,
      "segment_id": 0
    },
    {
      "time": "2014-02-12 11:56:00+00:00",
      "CP": 2.0696483598551922,
      "SCE": 0.0025505149570751,
      "S_struct": 5.971459996248718,
      "admissible": false,
      "snowfall_cm": 0.8,
      "depth_est_cm": 14.580319185575398,
      "corridor_score": 0.037187322161739096,
      "segment_id": 0
    },
    {
      "time": "2014-02-12 12:00:00+00:00",
      "CP": 1.6261522827433659,
      "SCE": 0.0020530315832886794,
      "S_struct": 6.1884377570945155,
      "admissible": false,
      "snowfall_cm": 3.0,
      "depth_est_cm": 12.551756939557112,
      "corridor_score": 0.025769153422673607,
      "segment_id": 0
    },
    {
      "time": "2014-02-14 04:56:00+00:00",
      "CP": 8.911963548201639,
      "SCE": 9.198891945157633e-09,
      "S_struct": 18.50418280088872,
      "admissible": false,
      "snowfall_cm": 0.3,
      "depth_est_cm": 29.81865206811233,
      "corridor_score": 2.742985583248165e-07,
      "segment_id": 0
    },
    {
      "time": "2014-02-14 05:56:00+00:00",
      "CP": 8.432996756786396,
      "SCE": 2.8563284040588233e-11,
      "S_struct": 24.278898997652156,
      "admissible": false,
      "snowfall_cm": 0.3,
      "depth_est_cm": 29.174779866075294,
      "corridor_score": 8.333275241363433e-10,
      "segment_id": 0
    },
    {
      "time": "2014-02-14 06:56:00+00:00",
      "CP": 4.169121992119117,
      "SCE": 7.605977552756467e-10,
      "S_struct": 20.99691647169348,
      "admissible": false,
      "snowfall_cm": 0.3,
      "depth_est_cm": 21.35513700651388,
      "corridor_score": 1.624266927075835e-08,
      "segment_id": 0
    },
    {
      "time": "2014-02-14 07:21:00+00:00",
      "CP": 4.169121992119117,
      "SCE": 1.1317422489456278e-09,
      "S_struct": 20.59950757836964,
      "admissible": false,
      "snowfall_cm": 0.2,
      "depth_est_cm": 21.35513700651388,
      "corridor_score": 2.416851078229402e-08,
      "segment_id": 0
    },
    {
      "time": "2014-02-14 07:31:00+00:00",
      "CP": 4.169121992119117,
      "SCE": 1.7051564892837332e-09,
      "S_struct": 20.18960894785159,
      "admissible": false,
      "snowfall_cm": 0.2,
      "depth_est_cm": 21.35513700651388,
      "corridor_score": 3.6413850446200336e-08,
      "segment_id": 0
    },
    {
      "time": "2014-02-14 07:38:00+00:00",
      "CP": 3.126841494089337,
      "SCE": 6.958674722496533e-10,
      "S_struct": 21.085861887159474,
      "admissible": false,
      "snowfall_cm": 0.5,
      "depth_est_cm": 18.42766045872914,
      "corridor_score": 1.2823209502890734e-08,
      "segment_id": 0
    },
    {
      "time": "2014-02-14 07:43:00+00:00",
      "CP": 1.1374551012493213,
      "SCE": 2.595815996183265e-10,
      "S_struct": 22.071950013355206,
      "admissible": false,
      "snowfall_cm": 0.7000000000000001,
      "depth_est_cm": 9.875006912480957,
      "corridor_score": 2.5633700905838383e-09,
      "segment_id": 0
    },
    {
      "time": "2014-02-14 07:56:00+00:00",
      "CP": 0.9866583489856725,
      "SCE": 8.931833639547375e-10,
      "S_struct": 20.836229221354607,
      "admissible": false,
      "snowfall_cm": 1.3,
      "depth_est_cm": 8.923902073426678,
      "corridor_score": 7.970680873545897e-09,
      "segment_id": 0
    },
    {
      "time": "2014-02-14 08:03:00+00:00",
      "CP": 0.7399937617392541,
      "SCE": 6.979359297271997e-10,
      "S_struct": 21.082893808601025,
      "admissible": false,
      "snowfall_cm": 0.2,
      "depth_est_cm": 7.200459864164912,
      "corridor_score": 5.025459649759324e-09,
      "segment_id": 0
    },
    {
      "time": "2014-02-14 08:33:00+00:00",
      "CP": 0.7399937617392541,
      "SCE": 2.307500467493939e-09,
      "S_struct": 19.88710094695397,
      "admissible": false,
      "snowfall_cm": 1.0,
      "depth_est_cm": 7.200459864164912,
      "corridor_score": 1.6615064502731876e-08,
      "segment_id": 0
    },
    {
      "time": "2014-02-14 08:44:00+00:00",
      "CP": 0.7399937617392541,
      "SCE": 1.4524564933301705e-08,
      "S_struct": 18.04742448761389,
      "admissible": false,
      "snowfall_cm": 1.0,
      "depth_est_cm": 7.200459864164912,
      "corridor_score": 1.0458354684669604e-07,
      "segment_id": 0
    },
    {
      "time": "2014-02-14 08:53:00+00:00",
      "CP": 0.7399937617392541,
      "SCE": 5.503166124776291e-08,
      "S_struct": 16.715357158291816,
      "admissible": false,
      "snowfall_cm": 1.2000000000000002,
      "depth_est_cm": 7.200459864164912,
      "corridor_score": 3.962532680728363e-07,
      "segment_id": 0
    },
    {
      "time": "2014-02-14 08:56:00+00:00",
      "CP": 0.7399937617392541,
      "SCE": 5.503166124776291e-08,
      "S_struct": 16.715357158291816,
      "admissible": false,
      "snowfall_cm": 1.3,
      "depth_est_cm": 7.200459864164912,
      "corridor_score": 3.962532680728363e-07,
      "segment_id": 0
    },
    {
      "time": "2014-02-14 09:16:00+00:00",
      "CP": 0.1565388946066172,
      "SCE": 1.9888192295831855e-07,
      "S_struct": 15.43055454029311,
      "admissible": false,
      "snowfall_cm": 0.2,
      "depth_est_cm": 1.8906138346016892,
      "corridor_score": 3.7600891499718433e-07,
      "segment_id": 0
    },
    {
      "time": "2014-02-14 09:27:00+00:00",
      "CP": 0.1565388946066172,
      "SCE": 7.900464790755129e-07,
      "S_struct": 14.05117405894321,
      "admissible": false,
      "snowfall_cm": 0.2,
      "depth_est_cm": 1.8906138346016892,
      "corridor_score": 1.4936728033185186e-06,
      "segment_id": 0
    },
    {
      "time": "2014-02-14 09:46:00+00:00",
      "CP": 0.1565388946066172,
      "SCE": 5.137569017729491e-06,
      "S_struct": 12.178930544124228,
      "admissible": false,
      "snowfall_cm": 0.5,
      "depth_est_cm": 1.8906138346016892,
      "corridor_score": 9.713159061140388e-06,
      "segment_id": 0
    },
    {
      "time": "2014-02-14 09:54:00+00:00",
      "CP": 0.1565388946066172,
      "SCE": 1.1158607818163451e-05,
      "S_struct": 11.403299356269116,
      "admissible": false,
      "snowfall_cm": 0.5,
      "depth_est_cm": 1.8906138346016892,
      "corridor_score": 2.1096618315914392e-05,
      "segment_id": 0
    },
    {
      "time": "2014-02-14 09:56:00+00:00",
      "CP": 0.1565388946066172,
      "SCE": 1.1158607818163451e-05,
      "S_struct": 11.403299356269116,
      "admissible": false,
      "snowfall_cm": 0.5,
      "depth_est_cm": 1.8906138346016892,
      "corridor_score": 2.1096618315914392e-05,
      "segment_id": 0
    },
    {
      "time": "2014-02-14 10:44:00+00:00",
      "CP": 0.3443855681345583,
      "SCE": 0.0010557462645110498,
      "S_struct": 6.85350740238897,
      "admissible": false,
      "snowfall_cm": 0.2,
      "depth_est_cm": 3.8471820661424254,
      "corridor_score": 0.004061648095223768,
      "segment_id": 0
    },
    {
      "time": "2014-02-14 10:56:00+00:00",
      "CP": 0.3443855681345583,
      "SCE": 0.005285911162802339,
      "S_struct": 5.24271026907022,
      "admissible": false,
      "snowfall_cm": 0.5,
      "depth_est_cm": 3.8471820661424254,
      "corridor_score": 0.020335862628755214,
      "segment_id": 0
    },
    {
      "time": "2014-02-14 12:00:00+00:00",
      "CP": 0.6163342806959738,
      "SCE": 0.011420120951601104,
      "S_struct": 4.472378483601856,
      "admissible": false,
      "snowfall_cm": 4.0,
      "depth_est_cm": 6.242090342452801,
      "corridor_score": 0.07128542670163215,
      "segment_id": 0
    },
    {
      "time": "2014-02-17 07:22:00+00:00",
      "CP": 5.577015051235075,
      "SCE": 4.6729607365102593e-07,
      "S_struct": 14.576302789477285,
      "admissible": false,
      "snowfall_cm": 1.0,
      "depth_est_cm": 24.486553036162263,
      "corridor_score": 1.1442470091046234e-05,
      "segment_id": 0
    },
    {
      "time": "2014-02-17 07:33:00+00:00",
      "CP": 6.800895575640273,
      "SCE": 1.3742557846663398e-07,
      "S_struct": 15.800183313882485,
      "admissible": false,
      "snowfall_cm": 1.0,
      "depth_est_cm": 26.70510107842606,
      "corridor_score": 3.6699639637126324e-06,
      "segment_id": 0
    },
    {
      "time": "2014-02-17 07:40:00+00:00",
      "CP": 5.564369107342042,
      "SCE": 3.990717190619531e-08,
      "S_struct": 17.036709782180715,
      "admissible": false,
      "snowfall_cm": 1.2000000000000002,
      "depth_est_cm": 24.461533248387898,
      "corridor_score": 9.761906124325282e-07,
      "segment_id": 0
    },
    {
      "time": "2014-02-17 07:56:00+00:00",
      "CP": 3.0409672877944094,
      "SCE": 1.406583160809313e-08,
      "S_struct": 18.079517270688257,
      "admissible": false,
      "snowfall_cm": 1.7999999999999998,
      "depth_est_cm": 18.154293182827246,
      "corridor_score": 2.553552308736011e-07,
      "segment_id": 0
    },
    {
      "time": "2014-02-17 08:03:00+00:00",
      "CP": 2.9295823637349137,
      "SCE": 1.3156692508418908e-06,
      "S_struct": 13.541165085797111,
      "admissible": false,
      "snowfall_cm": 0.2,
      "depth_est_cm": 17.790930969038527,
      "corridor_score": 2.3406980819814712e-05,
      "segment_id": 0
    },
    {
      "time": "2014-02-17 08:12:00+00:00",
      "CP": 2.5441110000855827,
      "SCE": 8.948260908549727e-07,
      "S_struct": 13.926636449446443,
      "admissible": false,
      "snowfall_cm": 0.2,
      "depth_est_cm": 16.448735586637447,
      "corridor_score": 1.4718757764497863e-05,
      "segment_id": 0
    },
    {
      "time": "2014-02-17 08:24:00+00:00",
      "CP": 2.9253942660335586,
      "SCE": 1.0266305492979633e-06,
      "S_struct": 13.789228429520936,
      "admissible": false,
      "snowfall_cm": 0.7000000000000001,
      "depth_est_cm": 17.777068349748102,
      "corridor_score": 1.8250481444809332e-05,
      "segment_id": 0
    },
    {
      "time": "2014-02-17 08:36:00+00:00",
      "CP": 2.9253942660335586,
      "SCE": 1.0266305492979633e-06,
      "S_struct": 13.789228429520936,
      "admissible": false,
      "snowfall_cm": 1.2000000000000002,
      "depth_est_cm": 17.777068349748102,
      "corridor_score": 1.8250481444809332e-05,
      "segment_id": 0
    },
    {
      "time": "2014-02-17 08:43:00+00:00",
      "CP": 2.9253942660335586,
      "SCE": 1.0266305492979633e-06,
      "S_struct": 13.789228429520936,
      "admissible": false,
      "snowfall_cm": 1.5,
      "depth_est_cm": 17.777068349748102,
      "corridor_score": 1.8250481444809332e-05,
      "segment_id": 0
    },
    {
      "time": "2014-02-17 08:56:00+00:00",
      "CP": 2.4562373983101984,
      "SCE": 6.421876429364794e-07,
      "S_struct": 14.258385297244295,
      "admissible": false,
      "snowfall_cm": 1.7999999999999998,
      "depth_est_cm": 16.122347022903273,
      "corridor_score": 1.035357203324222e-05,
      "segment_id": 0
    },
    {
      "time": "2014-02-17 09:06:00+00:00",
      "CP": 2.4562373983101984,
      "SCE": 2.2632551250627395e-06,
      "S_struct": 12.998706460122978,
      "admissible": false,
      "snowfall_cm": 0.2,
      "depth_est_cm": 16.122347022903273,
      "corridor_score": 3.6488984527625834e-05,
      "segment_id": 0
    },
    {
      "time": "2014-02-17 09:13:00+00:00",
      "CP": 2.629123281514812,
      "SCE": 2.7577413417630664e-06,
      "S_struct": 12.801098567703674,
      "admissible": false,
      "snowfall_cm": 0.2,
      "depth_est_cm": 16.756884285208532,
      "corridor_score": 4.6211152552459416e-05,
      "segment_id": 0
    },
    {
      "time": "2014-02-17 09:22:00+00:00",
      "CP": 2.629123281514812,
      "SCE": 2.7577413417630664e-06,
      "S_struct": 12.801098567703674,
      "admissible": false,
      "snowfall_cm": 0.2,
      "depth_est_cm": 16.756884285208532,
      "corridor_score": 4.6211152552459416e-05,
      "segment_id": 0
    },
    {
      "time": "2014-02-17 09:42:00+00:00",
      "CP": 1.7382752700622763,
      "SCE": 1.1315223956804793e-06,
      "S_struct": 13.691946579156209,
      "admissible": false,
      "snowfall_cm": 0.2,
      "depth_est_cm": 13.09526736340869,
      "corridor_score": 1.4817588299120594e-05,
      "segment_id": 0
    },
    {
      "time": "2014-02-17 09:56:00+00:00",
      "CP": 1.7382752700622763,
      "SCE": 1.9007627722373436e-06,
      "S_struct": 13.173255293282725,
      "admissible": false,
      "snowfall_cm": 0.3,
      "depth_est_cm": 13.09526736340869,
      "corridor_score": 2.4890996696861912e-05,
      "segment_id": 0
    },
    {
      "time": "2014-02-17 12:00:00+00:00",
      "CP": 1.392685518066864,
      "SCE": 6.576018424345789e-05,
      "S_struct": 9.629496005464528,
      "admissible": false,
      "snowfall_cm": 4.0,
      "depth_est_cm": 11.341412977056963,
      "corridor_score": 0.0007458134069524101,
      "segment_id": 0
    },
    {
      "time": "2014-02-21 12:00:00+00:00",
      "CP": 4.183294908685713,
      "SCE": 2.214969793952465e-06,
      "S_struct": 13.020271791601937,
      "admissible": false,
      "snowfall_cm": 0.5,
      "depth_est_cm": 21.390732178586674,
      "corridor_score": 4.737982564609648e-05,
      "segment_id": 0
    },
    {
      "time": "2014-02-24 18:15:00+00:00",
      "CP": 2.763058523220342,
      "SCE": 4.788340539694697e-06,
      "S_struct": 12.249326649219034,
      "admissible": false,
      "snowfall_cm": 0.2,
      "depth_est_cm": 17.22801682898262,
      "corridor_score": 8.249361140075996e-05,
      "segment_id": 0
    },
    {
      "time": "2014-02-24 18:19:00+00:00",
      "CP": 2.2754599602991052,
      "SCE": 2.9405167929674255e-06,
      "S_struct": 12.736925212140271,
      "admissible": false,
      "snowfall_cm": 0.2,
      "depth_est_cm": 15.423957966540119,
      "corridor_score": 4.5354407414634926e-05,
      "segment_id": 0
    },
    {
      "time": "2014-02-24 18:26:00+00:00",
      "CP": 2.2754599602991052,
      "SCE": 2.9405167929674255e-06,
      "S_struct": 12.736925212140271,
      "admissible": false,
      "snowfall_cm": 0.2,
      "depth_est_cm": 15.423957966540119,
      "corridor_score": 4.5354407414634926e-05,
      "segment_id": 0
    },
    {
      "time": "2014-02-24 18:40:00+00:00",
      "CP": 2.2754599602991052,
      "SCE": 2.9405167929674255e-06,
      "S_struct": 12.736925212140271,
      "admissible": false,
      "snowfall_cm": 0.2,
      "depth_est_cm": 15.423957966540119,
      "corridor_score": 4.5354407414634926e-05,
      "segment_id": 0
    },
    {
      "time": "2014-02-24 18:56:00+00:00",
      "CP": 2.763058523220342,
      "SCE": 1.8057694389202194e-06,
      "S_struct": 13.224523775061508,
      "admissible": false,
      "snowfall_cm": 0.5,
      "depth_est_cm": 17.22801682898262,
      "corridor_score": 3.110982628298004e-05,
      "segment_id": 0
    },
    {
      "time": "2014-02-24 19:56:00+00:00",
      "CP": 3.1208200300675917,
      "SCE": 3.116347793741354e-06,
      "S_struct": 12.678848820734585,
      "admissible": false,
      "snowfall_cm": 0.3,
      "depth_est_cm": 18.408678339746327,
      "corridor_score": 5.7367844129762714e-05,
      "segment_id": 0
    },
    {
      "time": "2014-02-24 20:47:00+00:00",
      "CP": 4.352522716526633,
      "SCE": 6.865262090637702e-06,
      "S_struct": 11.889036341667165,
      "admissible": false,
      "snowfall_cm": 0.2,
      "depth_est_cm": 21.808383812399814,
      "corridor_score": 0.00014972027064534538,
      "segment_id": 0
    },
    {
      "time": "2014-02-24 20:56:00+00:00",
      "CP": 4.642690897628409,
      "SCE": 1.0961336552085258e-05,
      "S_struct": 11.421136335696518,
      "admissible": false,
      "snowfall_cm": 0.3,
      "depth_est_cm": 22.494693796093976,
      "corridor_score": 0.0002465719093350904,
      "segment_id": 0
    },
    {
      "time": "2014-02-24 21:56:00+00:00",
      "CP": 4.642690897628409,
      "SCE": 1.0961336552085258e-05,
      "S_struct": 11.421136335696518,
      "admissible": false,
      "snowfall_cm": 1.0,
      "depth_est_cm": 22.494693796093976,
      "corridor_score": 0.0002465719093350904,
      "segment_id": 0
    },
    {
      "time": "2014-02-24 22:39:00+00:00",
      "CP": 3.5787409002552306,
      "SCE": 3.7826477405804462e-06,
      "S_struct": 12.485086333069697,
      "admissible": false,
      "snowfall_cm": 0.5,
      "depth_est_cm": 19.77851262039467,
      "corridor_score": 7.481514607557775e-05,
      "segment_id": 0
    },
    {
      "time": "2014-02-24 22:56:00+00:00",
      "CP": 2.99840453805168,
      "SCE": 2.1171860301027423e-06,
      "S_struct": 13.065422695273247,
      "admissible": false,
      "snowfall_cm": 0.5,
      "depth_est_cm": 18.016640408842576,
      "corridor_score": 3.8144579382986066e-05,
      "segment_id": 0
    },
    {
      "time": "2014-02-24 23:56:00+00:00",
      "CP": 2.9415937182907164,
      "SCE": 2.0002597416052018e-06,
      "S_struct": 13.12223351503421,
      "admissible": false,
      "snowfall_cm": 0.5,
      "depth_est_cm": 17.830606801163967,
      "corridor_score": 3.566584495276019e-05,
      "segment_id": 0
    },
    {
      "time": "2014-02-25 00:00:00+00:00",
      "CP": 2.2944412246241916,
      "SCE": 1.0472048314254104e-06,
      "S_struct": 13.769386008700735,
      "admissible": false,
      "snowfall_cm": 3.0,
      "depth_est_cm": 15.499075419861315,
      "corridor_score": 1.6230706662305592e-05,
      "segment_id": 0
    },
    {
      "time": "2014-02-25 00:25:00+00:00",
      "CP": 2.2995052076859532,
      "SCE": 3.536667336313248e-05,
      "S_struct": 10.249740611668473,
      "admissible": false,
      "snowfall_cm": 0.5,
      "depth_est_cm": 15.519042762156523,
      "corridor_score": 0.000548856916277675,
      "segment_id": 0
    },
    {
      "time": "2014-02-25 00:40:00+00:00",
      "CP": 1.9211001312530078,
      "SCE": 4.7681627076491474e-05,
      "S_struct": 9.950964410863007,
      "admissible": false,
      "snowfall_cm": 0.5,
      "depth_est_cm": 13.935483933844404,
      "corridor_score": 0.0006644665480640072,
      "segment_id": 0
    },
    {
      "time": "2014-02-25 00:53:00+00:00",
      "CP": 1.9211001312530078,
      "SCE": 4.7681627076491474e-05,
      "S_struct": 9.950964410863007,
      "admissible": false,
      "snowfall_cm": 0.5,
      "depth_est_cm": 13.935483933844404,
      "corridor_score": 0.0006644665480640072,
      "segment_id": 0
    },
    {
      "time": "2014-02-25 00:56:00+00:00",
      "CP": 1.9211001312530078,
      "SCE": 0.0009382460615328029,
      "S_struct": 6.971498317631492,
      "admissible": false,
      "snowfall_cm": 0.5,
      "depth_est_cm": 13.935483933844404,
      "corridor_score": 0.013074912916483163,
      "segment_id": 0
    },
    {
      "time": "2014-02-25 01:36:00+00:00",
      "CP": 1.9211001312530078,
      "SCE": 0.0022937491449333642,
      "S_struct": 6.077567618942558,
      "admissible": false,
      "snowfall_cm": 0.2,
      "depth_est_cm": 13.935483933844404,
      "corridor_score": 0.03196450435748824,
      "segment_id": 0
    },
    {
      "time": "2014-02-25 01:56:00+00:00",
      "CP": 1.9211001312530078,
      "SCE": 0.0034436081269249197,
      "S_struct": 5.671235483174861,
      "admissible": false,
      "snowfall_cm": 0.5,
      "depth_est_cm": 13.935483933844404,
      "corridor_score": 0.04798834572721824,
      "segment_id": 0
    },
    {
      "time": "2014-02-25 02:47:00+00:00",
      "CP": 1.8079992329647778,
      "SCE": 0.0050079039807460765,
      "S_struct": 5.296737818541854,
      "admissible": false,
      "snowfall_cm": 0.2,
      "depth_est_cm": 13.422138769036863,
      "corridor_score": 0.06721678217158596,
      "segment_id": 0
    },
    {
      "time": "2014-02-25 02:56:00+00:00",
      "CP": 2.052323453635694,
      "SCE": 0.00638717326959616,
      "S_struct": 5.053463476291532,
      "admissible": false,
      "snowfall_cm": 0.3,
      "depth_est_cm": 14.506740152883367,
      "corridor_score": 0.09265706293347395,
      "segment_id": 0
    },
    {
      "time": "2014-02-25 06:00:00+00:00",
      "CP": 2.929719759363657,
      "SCE": 0.0025801553608565007,
      "S_struct": 5.9599056644753645,
      "admissible": false,
      "snowfall_cm": 1.0,
      "depth_est_cm": 17.79138549875271,
      "corridor_score": 0.045904538671671415,
      "segment_id": 0
    },
    {
      "time": "2014-02-28 19:48:00+00:00",
      "CP": 7.030009912391896,
      "SCE": 2.9484360159773994e-05,
      "S_struct": 10.431650599280623,
      "admissible": false,
      "snowfall_cm": 0.2,
      "depth_est_cm": 27.08141491091167,
      "corridor_score": 0.0007984781908695934,
      "segment_id": 0
    },
    {
      "time": "2014-02-28 19:56:00+00:00",
      "CP": 6.71894752688783,
      "SCE": 5.2642328478848094e-05,
      "S_struct": 9.851990037904837,
      "admissible": false,
      "snowfall_cm": 0.3,
      "depth_est_cm": 26.567814312374356,
      "corridor_score": 0.0013985916079970525,
      "segment_id": 0
    },
    {
      "time": "2014-03-01 00:00:00+00:00",
      "CP": 2.8669093992610826,
      "SCE": 2.575358279849968e-05,
      "S_struct": 10.566936802727483,
      "admissible": false,
      "snowfall_cm": 0.3,
      "depth_est_cm": 17.581922580883298,
      "corridor_score": 0.0004527974989435892,
      "segment_id": 0
    },
    {
      "time": "2014-03-01 12:56:00+00:00",
      "CP": 4.912488690842576,
      "SCE": 0.0002197494094572884,
      "S_struct": 8.423022708741446,
      "admissible": false,
      "snowfall_cm": 0.3,
      "depth_est_cm": 23.101868933810206,
      "corridor_score": 0.00507662205556447,
      "segment_id": 0
    },
    {
      "time": "2014-03-01 13:00:00+00:00",
      "CP": 4.912488690842576,
      "SCE": 0.0003004380576772057,
      "S_struct": 8.110268956094782,
      "admissible": false,
      "snowfall_cm": 0.2,
      "depth_est_cm": 23.101868933810206,
      "corridor_score": 0.006940680631187317,
      "segment_id": 0
    },
    {
      "time": "2014-03-01 13:33:00+00:00",
      "CP": 6.450722005067413,
      "SCE": 0.00011447885889751557,
      "S_struct": 9.075120390467402,
      "admissible": false,
      "snowfall_cm": 0.5,
      "depth_est_cm": 26.108042234657923,
      "corridor_score": 0.0029888188830717814,
      "segment_id": 0
    },
    {
      "time": "2014-03-01 13:56:00+00:00",
      "CP": 6.128185904814043,
      "SCE": 0.00019092182943543435,
      "S_struct": 8.563646483663005,
      "admissible": false,
      "snowfall_cm": 0.5,
      "depth_est_cm": 25.532738019758984,
      "corridor_score": 0.004874757053228054,
      "segment_id": 0
    },
    {
      "time": "2014-03-01 14:17:00+00:00",
      "CP": 6.450722005067413,
      "SCE": 0.00025848443499264934,
      "S_struct": 8.260675078623047,
      "admissible": false,
      "snowfall_cm": 0.2,
      "depth_est_cm": 26.108042234657923,
      "corridor_score": 0.0067485225457897795,
      "segment_id": 0
    },
    {
      "time": "2014-03-01 14:29:00+00:00",
      "CP": 5.676635364459323,
      "SCE": 0.00011919357339819464,
      "S_struct": 9.034761719231136,
      "admissible": false,
      "snowfall_cm": 0.5,
      "depth_est_cm": 24.681984245099656,
      "corridor_score": 0.0029419339007313696,
      "segment_id": 0
    },
    {
      "time": "2014-03-01 14:56:00+00:00",
      "CP": 4.967055943901909,
      "SCE": 0.00010958241597620793,
      "S_struct": 9.118833634495225,
      "admissible": false,
      "snowfall_cm": 0.8,
      "depth_est_cm": 23.221297632587163,
      "corridor_score": 0.002544645896681499,
      "segment_id": 0
    },
    {
      "time": "2014-03-01 15:56:00+00:00",
      "CP": 4.6445198436485375,
      "SCE": 9.753993771184196e-05,
      "S_struct": 9.235248646273488,
      "admissible": false,
      "snowfall_cm": 0.5,
      "depth_est_cm": 22.498906758714195,
      "corridor_score": 0.0021945419638295226,
      "segment_id": 0
    },
    {
      "time": "2014-03-01 16:56:00+00:00",
      "CP": 3.0164916271256863,
      "SCE": 0.00014163412767767897,
      "S_struct": 8.862263391071151,
      "admissible": false,
      "snowfall_cm": 0.3,
      "depth_est_cm": 18.07531429613045,
      "corridor_score": 0.0025600813728323163,
      "segment_id": 0
    },
    {
      "time": "2014-03-01 18:00:00+00:00",
      "CP": 1.8682704600982427,
      "SCE": 0.00027498911509500547,
      "S_struct": 8.198779042553777,
      "admissible": false,
      "snowfall_cm": 2.0,
      "depth_est_cm": 13.698219872679426,
      "corridor_score": 0.0037668613611649337,
      "segment_id": 0
    },
    {
      "time": "2014-03-01 20:33:00+00:00",
      "CP": 1.133109026166493,
      "SCE": 0.0025141510964925484,
      "S_struct": 5.98582006859446,
      "admissible": false,
      "snowfall_cm": 0.2,
      "depth_est_cm": 9.848547178405571,
      "corridor_score": 0.02476073568744696,
      "segment_id": 0
    },
    {
      "time": "2014-03-01 20:56:00+00:00",
      "CP": 1.133109026166493,
      "SCE": 0.003471099180942795,
      "S_struct": 5.663283968341089,
      "admissible": false,
      "snowfall_cm": 0.3,
      "depth_est_cm": 9.848547178405571,
      "corridor_score": 0.03418528404444005,
      "segment_id": 0
    },
    {
      "time": "2014-03-01 21:11:00+00:00",
      "CP": 1.133109026166493,
      "SCE": 0.010392600385361304,
      "S_struct": 4.56666122747963,
      "admissible": false,
      "snowfall_cm": 0.2,
      "depth_est_cm": 9.848547178405571,
      "corridor_score": 0.10235201520154671,
      "segment_id": 0
    },
    {
      "time": "2014-03-01 21:14:00+00:00",
      "CP": 0.6286373205583956,
      "SCE": 0.01275855167591116,
      "S_struct": 4.361553512530312,
      "admissible": false,
      "snowfall_cm": 0.2,
      "depth_est_cm": 6.340667651742455,
      "corridor_score": 0.08089773589453439,
      "segment_id": 0
    },
    {
      "time": "2014-03-01 21:17:00+00:00",
      "CP": 0.6651458449443922,
      "SCE": 0.01698328019797693,
      "S_struct": 4.075525936662937,
      "admissible": false,
      "snowfall_cm": 0.2,
      "depth_est_cm": 6.628865284046512,
      "corridor_score": 0.11257987651360384,
      "segment_id": 0
    },
    {
      "time": "2014-03-01 21:22:00+00:00",
      "CP": 0.6651458449443922,
      "SCE": 0.06225169382244788,
      "S_struct": 2.7765695340083427,
      "admissible": false,
      "snowfall_cm": 0.2,
      "depth_est_cm": 6.628865284046512,
      "corridor_score": 0.4126580920527174,
      "segment_id": 0
    },
    {
      "time": "2014-03-01 21:54:00+00:00",
      "CP": 0.6651458449443922,
      "SCE": 0.08650978758791217,
      "S_struct": 2.4474977201400865,
      "admissible": true,
      "snowfall_cm": 0.2,
      "depth_est_cm": 6.628865284046512,
      "corridor_score": 0.5734617276717489,
      "segment_id": 0
    },
    {
      "time": "2014-03-01 21:56:00+00:00",
      "CP": 0.6651458449443922,
      "SCE": 0.08650978758791217,
      "S_struct": 2.4474977201400865,
      "admissible": true,
      "snowfall_cm": 0.3,
      "depth_est_cm": 6.628865284046512,
      "corridor_score": 0.5734617276717489,
      "segment_id": 0
    },
    {
      "time": "2014-03-01 22:45:00+00:00",
      "CP": 0.6564858076689277,
      "SCE": 0.15678819953108789,
      "S_struct": 1.8528594319904137,
      "admissible": true,
      "snowfall_cm": 0.2,
      "depth_est_cm": 6.561078875776531,
      "corridor_score": 1.0286997439144565,
      "segment_id": 0
    },
    {
      "time": "2014-03-01 22:56:00+00:00",
      "CP": 0.6564858076689277,
      "SCE": 0.21788505669277963,
      "S_struct": 1.5237876181221566,
      "admissible": true,
      "snowfall_cm": 0.5,
      "depth_est_cm": 6.561078875776531,
      "corridor_score": 1.4295610428143681,
      "segment_id": 0
    },
    {
      "time": "2014-03-01 23:37:00+00:00",
      "CP": 1.2377015581221635,
      "SCE": 0.21236117406205104,
      "S_struct": 1.5494668026416636,
      "admissible": true,
      "snowfall_cm": 0.2,
      "depth_est_cm": 10.470840236376723,
      "corridor_score": 2.223599926013125,
      "segment_id": 0
    },
    {
      "time": "2014-03-01 23:43:00+00:00",
      "CP": 0.9564057494580354,
      "SCE": 0.21273855054049487,
      "S_struct": 1.5476913294727244,
      "admissible": true,
      "snowfall_cm": 0.2,
      "depth_est_cm": 8.724416850155368,
      "corridor_score": 1.8560197950131228,
      "segment_id": 0
    },
    {
      "time": "2014-03-01 23:56:00+00:00",
      "CP": 1.0993869276281283,
      "SCE": 0.18439547491950525,
      "S_struct": 1.6906725076428173,
      "admissible": true,
      "snowfall_cm": 0.5,
      "depth_est_cm": 9.641389717467629,
      "corridor_score": 1.7778286358364779,
      "segment_id": 0
    },
    {
      "time": "2014-03-02 00:00:00+00:00",
      "CP": 1.0993869276281283,
      "SCE": 0.18654084365405446,
      "S_struct": 1.6791050630494178,
      "admissible": true,
      "snowfall_cm": 2.0,
      "depth_est_cm": 9.641389717467629,
      "corridor_score": 1.7985129718939372,
      "segment_id": 0
    },
    {
      "time": "2014-03-02 00:45:00+00:00",
      "CP": 0.5698008399807611,
      "SCE": 0.1236355196537222,
      "S_struct": 2.0904173994038975,
      "admissible": true,
      "snowfall_cm": 0.2,
      "depth_est_cm": 5.862333851376475,
      "corridor_score": 0.7247926920985371,
      "segment_id": 0
    },
    {
      "time": "2014-03-02 00:50:00+00:00",
      "CP": 0.5698008399807611,
      "SCE": 0.1236355196537222,
      "S_struct": 2.0904173994038975,
      "admissible": true,
      "snowfall_cm": 0.2,
      "depth_est_cm": 5.862333851376475,
      "corridor_score": 0.7247926920985371,
      "segment_id": 0
    },
    {
      "time": "2014-03-02 00:56:00+00:00",
      "CP": 0.6327148295684396,
      "SCE": 0.11609674939489424,
      "S_struct": 2.153331388991576,
      "admissible": true,
      "snowfall_cm": 0.3,
      "depth_est_cm": 6.373174196457513,
      "corridor_score": 0.7399048075361344,
      "segment_id": 0
    },
    {
      "time": "2014-03-02 06:00:00+00:00",
      "CP": 2.0584581686119447,
      "SCE": 0.02969610788695029,
      "S_struct": 3.5167392893383984,
      "admissible": false,
      "snowfall_cm": 0.3,
      "depth_est_cm": 14.532841992685116,
      "corridor_score": 0.43156884371877885,
      "segment_id": 0
    },
    {
      "time": "2014-03-05 03:56:00+00:00",
      "CP": 9.66101029376978,
      "SCE": 5.014729320547342e-05,
      "S_struct": 9.900546018981602,
      "admissible": false,
      "snowfall_cm": 0.3,
      "depth_est_cm": 30.765711450782607,
      "corridor_score": 0.0015428171527973864,
      "segment_id": 0
    },
    {
      "time": "2014-03-05 04:43:00+00:00",
      "CP": 4.2508445292587025,
      "SCE": 5.577462424691298e-07,
      "S_struct": 14.399361740601098,
      "admissible": false,
      "snowfall_cm": 0.2,
      "depth_est_cm": 21.559056042971935,
      "corridor_score": 1.2024482499148985e-05,
      "segment_id": 0
    },
    {
      "time": "2014-03-05 04:56:00+00:00",
      "CP": 3.188133396944027,
      "SCE": 5.018093072243071e-07,
      "S_struct": 14.505045655509118,
      "admissible": false,
      "snowfall_cm": 0.3,
      "depth_est_cm": 18.6193168808973,
      "corridor_score": 9.343346504992922e-06,
      "segment_id": 0
    },
    {
      "time": "2014-03-05 06:00:00+00:00",
      "CP": 1.5803269949528953,
      "SCE": 3.2213141989208693e-06,
      "S_struct": 12.645721145362097,
      "admissible": false,
      "snowfall_cm": 0.5,
      "depth_est_cm": 12.322909730718765,
      "corridor_score": 3.96959640875845e-05,
      "segment_id": 0
    },
    {
      "time": "2014-03-15 18:41:00+00:00",
      "CP": 2.9554914858650734,
      "SCE": 8.665586415188413e-12,
      "S_struct": 25.47166151874527,
      "admissible": false,
      "snowfall_cm": 0.2,
      "depth_est_cm": 17.876363218960023,
      "corridor_score": 1.5490917026319378e-10,
      "segment_id": 0
    },
    {
      "time": "2014-03-15 18:56:00+00:00",
      "CP": 2.9554914858650734,
      "SCE": 2.543497065664397e-11,
      "S_struct": 24.394896091315033,
      "admissible": false,
      "snowfall_cm": 0.3,
      "depth_est_cm": 17.876363218960023,
      "corridor_score": 4.5468477392175776e-10,
      "segment_id": 0
    },
    {
      "time": "2014-03-15 19:34:00+00:00",
      "CP": 2.9554914858650734,
      "SCE": 1.4535706945289462e-09,
      "S_struct": 20.349242759665565,
      "admissible": false,
      "snowfall_cm": 0.2,
      "depth_est_cm": 17.876363218960023,
      "corridor_score": 2.5984557699835428e-08,
      "segment_id": 0
    },
    {
      "time": "2014-03-15 19:45:00+00:00",
      "CP": 2.9554914858650734,
      "SCE": 1.4535706945289462e-09,
      "S_struct": 20.349242759665565,
      "admissible": false,
      "snowfall_cm": 0.5,
      "depth_est_cm": 17.876363218960023,
      "corridor_score": 2.5984557699835428e-08,
      "segment_id": 0
    },
    {
      "time": "2014-03-15 19:49:00+00:00",
      "CP": 2.683661306069363,
      "SCE": 1.1075971038185952e-09,
      "S_struct": 20.621072939461275,
      "admissible": false,
      "snowfall_cm": 0.5,
      "depth_est_cm": 16.950793310144046,
      "corridor_score": 1.8774649577743166e-08,
      "segment_id": 0
    },
    {
      "time": "2014-03-15 19:56:00+00:00",
      "CP": 2.683661306069363,
      "SCE": 1.1075971038185913e-09,
      "S_struct": 20.62107293946128,
      "admissible": false,
      "snowfall_cm": 0.5,
      "depth_est_cm": 16.950793310144046,
      "corridor_score": 1.87746495777431e-08,
      "segment_id": 0
    },
    {
      "time": "2014-03-16 00:00:00+00:00",
      "CP": 0.9228331858495538,
      "SCE": 1.5567671131815926e-09,
      "S_struct": 20.280654529346354,
      "admissible": false,
      "snowfall_cm": 0.8,
      "depth_est_cm": 8.49939630820558,
      "corridor_score": 1.3231580654511485e-08,
      "segment_id": 0
    },
    {
      "time": "2014-03-16 12:00:00+00:00",
      "CP": 6.123517586818157,
      "SCE": 0.0009476621309486606,
      "S_struct": 6.961512521188412,
      "admissible": false,
      "snowfall_cm": 0.8,
      "depth_est_cm": 25.524221404723782,
      "corridor_score": 0.024188338047205955,
      "segment_id": 0
    },
    {
      "time": "2014-03-18 18:56:00+00:00",
      "CP": 17.493672763300033,
      "SCE": 4.4121816102009604e-14,
      "S_struct": 30.75182203858901,
      "admissible": false,
      "snowfall_cm": 0.3,
      "depth_est_cm": 37.926572590269636,
      "corridor_score": 1.673389261207395e-12,
      "segment_id": 0
    },
    {
      "time": "2014-03-18 19:15:00+00:00",
      "CP": 17.493672763300033,
      "SCE": 4.4121816102009604e-14,
      "S_struct": 30.75182203858901,
      "admissible": false,
      "snowfall_cm": 0.2,
      "depth_est_cm": 37.926572590269636,
      "corridor_score": 1.673389261207395e-12,
      "segment_id": 0
    },
    {
      "time": "2014-03-18 19:27:00+00:00",
      "CP": 17.493672763300033,
      "SCE": 4.4121816102009604e-14,
      "S_struct": 30.75182203858901,
      "admissible": false,
      "snowfall_cm": 0.2,
      "depth_est_cm": 37.926572590269636,
      "corridor_score": 1.673389261207395e-12,
      "segment_id": 0
    },
    {
      "time": "2014-03-18 19:45:00+00:00",
      "CP": 17.493672763300033,
      "SCE": 4.4121816102009604e-14,
      "S_struct": 30.75182203858901,
      "admissible": false,
      "snowfall_cm": 0.2,
      "depth_est_cm": 37.926572590269636,
      "corridor_score": 1.673389261207395e-12,
      "segment_id": 0
    },
    {
      "time": "2014-03-18 19:56:00+00:00",
      "CP": 17.493672763300033,
      "SCE": 4.4121816102009604e-14,
      "S_struct": 30.75182203858901,
      "admissible": false,
      "snowfall_cm": 0.3,
      "depth_est_cm": 37.926572590269636,
      "corridor_score": 1.673389261207395e-12,
      "segment_id": 0
    },
    {
      "time": "2014-03-18 20:22:00+00:00",
      "CP": 6.341222113222485,
      "SCE": 5.244031058769392e-18,
      "S_struct": 39.789441185284005,
      "admissible": false,
      "snowfall_cm": 0.5,
      "depth_est_cm": 25.91556927967534,
      "corridor_score": 1.359020502083074e-16,
      "segment_id": 0
    },
    {
      "time": "2014-03-18 20:33:00+00:00",
      "CP": 4.658073710036866,
      "SCE": 1.8334848252918847e-18,
      "S_struct": 40.84031324175895,
      "admissible": false,
      "snowfall_cm": 0.5,
      "depth_est_cm": 22.53008550484397,
      "corridor_score": 4.130856988566007e-17,
      "segment_id": 0
    },
    {
      "time": "2014-03-18 20:43:00+00:00",
      "CP": 2.7169045610070204,
      "SCE": 3.336494499290419e-19,
      "S_struct": 42.54419606217336,
      "admissible": false,
      "snowfall_cm": 0.7000000000000001,
      "depth_est_cm": 17.067585790261035,
      "corridor_score": 5.694590610537326e-18,
      "segment_id": 0
    },
    {
      "time": "2014-03-18 20:56:00+00:00",
      "CP": 1.9366337767400215,
      "SCE": 5.809927807546258e-19,
      "S_struct": 41.989548621651664,
      "admissible": false,
      "snowfall_cm": 0.8,
      "depth_est_cm": 14.004431369100306,
      "corridor_score": 8.136473524020899e-18,
      "segment_id": 0
    },
    {
      "time": "2014-03-18 21:31:00+00:00",
      "CP": 1.9366337767400215,
      "SCE": 5.507624184556109e-17,
      "S_struct": 37.43781323319605,
      "admissible": false,
      "snowfall_cm": 0.5,
      "depth_est_cm": 14.004431369100306,
      "corridor_score": 7.713114489941307e-16,
      "segment_id": 0
    },
    {
      "time": "2014-03-18 21:56:00+00:00",
      "CP": 1.9366337767400215,
      "SCE": 5.507624184556109e-17,
      "S_struct": 37.43781323319605,
      "admissible": false,
      "snowfall_cm": 1.0,
      "depth_est_cm": 14.004431369100306,
      "corridor_score": 7.713114489941307e-16,
      "segment_id": 0
    },
    {
      "time": "2014-03-18 22:02:00+00:00",
      "CP": 1.9366337767400215,
      "SCE": 5.507624184556109e-17,
      "S_struct": 37.43781323319605,
      "admissible": false,
      "snowfall_cm": 0.2,
      "depth_est_cm": 14.004431369100306,
      "corridor_score": 7.713114489941307e-16,
      "segment_id": 0
    },
    {
      "time": "2014-03-18 22:37:00+00:00",
      "CP": 2.963196771720558,
      "SCE": 1.9730298431957088e-17,
      "S_struct": 38.46437622817659,
      "admissible": false,
      "snowfall_cm": 1.0,
      "depth_est_cm": 17.90166254745412,
      "corridor_score": 3.5320514448945895e-16,
      "segment_id": 0
    },
    {
      "time": "2014-03-18 22:56:00+00:00",
      "CP": 2.5832997497051013,
      "SCE": 1.440062124759618e-17,
      "S_struct": 38.779260326047286,
      "admissible": false,
      "snowfall_cm": 1.5,
      "depth_est_cm": 16.59169321792219,
      "corridor_score": 2.389306898876078e-16,
      "segment_id": 0
    },
    {
      "time": "2014-03-18 23:10:00+00:00",
      "CP": 2.5832997497051013,
      "SCE": 4.616166043286947e-17,
      "S_struct": 37.61438208109059,
      "admissible": false,
      "snowfall_cm": 0.5,
      "depth_est_cm": 16.59169321792219,
      "corridor_score": 7.659001083320676e-16,
      "segment_id": 0
    },
    {
      "time": "2014-03-18 23:16:00+00:00",
      "CP": 2.5832997497051013,
      "SCE": 2.0470767874142883e-16,
      "S_struct": 36.12494866975802,
      "admissible": false,
      "snowfall_cm": 0.7000000000000001,
      "depth_est_cm": 16.59169321792219,
      "corridor_score": 3.3964470050307596e-15,
      "segment_id": 0
    },
    {
      "time": "2014-03-18 23:33:00+00:00",
      "CP": 0.7970824974257208,
      "SCE": 8.144063925187567e-16,
      "S_struct": 34.744072178767404,
      "admissible": false,
      "snowfall_cm": 1.2000000000000002,
      "depth_est_cm": 7.620138697143306,
      "corridor_score": 6.2058896668330576e-15,
      "segment_id": 0
    },
    {
      "time": "2014-03-18 23:56:00+00:00",
      "CP": 0.7970824974257208,
      "SCE": 2.661328840314025e-14,
      "S_struct": 31.25736573983577,
      "admissible": false,
      "snowfall_cm": 1.3,
      "depth_est_cm": 7.620138697143306,
      "corridor_score": 2.027969488190042e-13,
      "segment_id": 0
    },
    {
      "time": "2014-03-19 00:00:00+00:00",
      "CP": 0.37389795617253774,
      "SCE": 6.275413038506625e-13,
      "S_struct": 28.096966903201395,
      "admissible": false,
      "snowfall_cm": 5.0,
      "depth_est_cm": 4.129475003375779,
      "corridor_score": 2.5914161278371552e-12,
      "segment_id": 0
    },
    {
      "time": "2014-03-19 00:56:00+00:00",
      "CP": 0.37389795617253774,
      "SCE": 8.914003633179444e-12,
      "S_struct": 25.443397633822997,
      "admissible": false,
      "snowfall_cm": 1.0,
      "depth_est_cm": 4.129475003375779,
      "corridor_score": 3.681015518321539e-11,
      "segment_id": 0
    },
    {
      "time": "2014-03-19 01:34:00+00:00",
      "CP": 0.20394433973047507,
      "SCE": 4.600284135396936e-10,
      "S_struct": 21.499732859788455,
      "admissible": false,
      "snowfall_cm": 0.2,
      "depth_est_cm": 2.4128405126575947,
      "corridor_score": 1.1099751931621744e-09,
      "segment_id": 0
    },
    {
      "time": "2014-03-19 01:45:00+00:00",
      "CP": 0.20394433973047507,
      "SCE": 3.976537331560126e-09,
      "S_struct": 19.34285441353063,
      "admissible": false,
      "snowfall_cm": 0.2,
      "depth_est_cm": 2.4128405126575947,
      "corridor_score": 9.594750373683599e-09,
      "segment_id": 0
    },
    {
      "time": "2014-03-19 01:56:00+00:00",
      "CP": 0.37389795617253774,
      "SCE": 3.355020252686625e-09,
      "S_struct": 19.512808029972692,
      "admissible": false,
      "snowfall_cm": 0.3,
      "depth_est_cm": 4.129475003375779,
      "corridor_score": 1.3854472269288908e-08,
      "segment_id": 0
    },
    {
      "time": "2014-03-19 06:00:00+00:00",
      "CP": 0.8019138232520838,
      "SCE": 0.012478040863037703,
      "S_struct": 4.383784910492229,
      "admissible": false,
      "snowfall_cm": 1.0,
      "depth_est_cm": 7.65504135770421,
      "corridor_score": 0.09551991886967676,
      "segment_id": 0
    },
    {
      "time": "2014-03-19 12:00:00+00:00",
      "CP": 2.6722518295847357,
      "SCE": 0.04681996110991327,
      "S_struct": 3.0614456475495064,
      "admissible": false,
      "snowfall_cm": 6.4,
      "depth_est_cm": 16.910465668827463,
      "corridor_score": 0.7917473449650254,
      "segment_id": 0
    },
    {
      "time": "2014-03-24 05:56:00+00:00",
      "CP": 29.777691932343,
      "SCE": 1.4652826156680068e-08,
      "S_struct": 18.038632608369632,
      "admissible": false,
      "snowfall_cm": 0.3,
      "depth_est_cm": 44.54827181538991,
      "corridor_score": 6.527580824914388e-07,
      "segment_id": 0
    },
    {
      "time": "2014-03-24 06:00:00+00:00",
      "CP": 28.557294722001075,
      "SCE": 9.534209036389528e-09,
      "S_struct": 18.46837955504337,
      "admissible": false,
      "snowfall_cm": 0.3,
      "depth_est_cm": 44.02229745799237,
      "corridor_score": 4.1971778622661865e-07,
      "segment_id": 0
    },
    {
      "time": "2014-03-24 08:56:00+00:00",
      "CP": 7.571526443980834,
      "SCE": 1.2883614103699382e-11,
      "S_struct": 25.075064836499322,
      "admissible": false,
      "snowfall_cm": 0.3,
      "depth_est_cm": 27.92979581035836,
      "corridor_score": 3.598367112157769e-10,
      "segment_id": 0
    }
  ]
}