{
  "rows": 11710,
  "start": "2022-01-01 00:00:00+00:00",
  "end": "2022-12-31 23:53:00+00:00",
  "segments": 1,
  "params": {
    "tct_window_hours": 24,
    "stress_window_hours": 24,
    "cp_threshold": 0.08,
    "s_max": 2.5,
    "k_depth": 13.0,
    "gap_hours": 6.0
  },
  "top_CP": [
    {
      "time": "2022-03-06 14:53:00+00:00",
      "CP": 73.06395727749654,
      "SCE": 6.890142776649671e-28,
      "S_struct": 62.54229079672203,
      "admissible": false,
      "snowfall_cm": 0.0,
      "depth_est_cm": 55.96407709693453,
      "corridor_score": 3.856004815613087e-26,
      "segment_id": 0
    },
    {
      "time": "2022-03-06 13:53:00+00:00",
      "CP": 73.06395727749654,
      "SCE": 5.390616908545056e-29,
      "S_struct": 65.09030786418029,
      "admissible": false,
      "snowfall_cm": 0.0,
      "depth_est_cm": 55.96407709693453,
      "corridor_score": 3.016809002698544e-27,
      "segment_id": 0
    },
    {
      "time": "2022-03-06 12:53:00+00:00",
      "CP": 73.06395727749654,
      "SCE": 4.064655634492252e-33,
      "S_struct": 74.58297904415429,
      "admissible": false,
      "snowfall_cm": 0.0,
      "depth_est_cm": 55.96407709693453,
      "corridor_score": 2.274747013012137e-31,
      "segment_id": 0
    },
    {
      "time": "2022-03-06 05:53:00+00:00",
      "CP": 73.00949264970959,
      "SCE": 8.502740864006042e-35,
      "S_struct": 78.45008968868369,
      "admissible": false,
      "snowfall_cm": 0.0,
      "depth_est_cm": 55.95451373235419,
      "corridor_score": 4.757667304376752e-33,
      "segment_id": 0
    },
    {
      "time": "2022-03-06 05:59:00+00:00",
      "CP": 73.00949264970959,
      "SCE": 8.502740864006042e-35,
      "S_struct": 78.45008968868369,
      "admissible": false,
      "snowfall_cm": 0.0,
      "depth_est_cm": 55.95451373235419,
      "corridor_score": 4.757667304376752e-33,
      "segment_id": 0
    },
    {
      "time": "2022-03-06 06:00:00+00:00",
      "CP": 73.00949264970959,
      "SCE": 5.611119315424647e-34,
      "S_struct": 76.56314294069864,
      "admissible": false,
      "snowfall_cm": 0.0,
      "depth_est_cm": 55.95451373235419,
      "corridor_score": 3.1396745278880624e-32,
      "segment_id": 0
    },
    {
      "time": "2022-03-06 04:53:00+00:00",
      "CP": 72.86400487287604,
      "SCE": 9.834300668837404e-35,
      "S_struct": 78.30460191185014,
      "admissible": false,
      "snowfall_cm": 0.0,
      "depth_est_cm": 55.928933195736185,
      "corridor_score": 5.5002194513419086e-33,
      "segment_id": 0
    },
    {
      "time": "2022-09-22 11:20:00+00:00",
      "CP": 72.5910330178564,
      "SCE": 1.899396476517258e-19,
      "S_struct": 43.10758057511228,
      "admissible": false,
      "snowfall_cm": 0.0,
      "depth_est_cm": 55.88080139610736,
      "corridor_score": 1.0613979727672698e-17,
      "segment_id": 0
    },
    {
      "time": "2022-03-06 06:53:00+00:00",
      "CP": 72.01528864015928,
      "SCE": 2.076214350269796e-34,
      "S_struct": 77.55734695024894,
      "admissible": false,
      "snowfall_cm": 0.0,
      "depth_est_cm": 55.77869508441246,
      "corridor_score": 1.1580852717358048e-32,
      "segment_id": 0
    },
    {
      "time": "2022-03-06 11:53:00+00:00",
      "CP": 71.52035254628183,
      "SCE": 4.137734233736457e-38,
      "S_struct": 86.07808518228954,
      "admissible": false,
      "snowfall_cm": 0.0,
      "depth_est_cm": 55.69027421413434,
      "corridor_score": 2.3043155410199432e-36,
      "segment_id": 0
    },
    {
      "time": "2022-03-06 12:00:00+00:00",
      "CP": 71.52035254628183,
      "SCE": 1.9028421994227675e-32,
      "S_struct": 73.03937431293957,
      "admissible": false,
      "snowfall_cm": 0.0,
      "depth_est_cm": 55.69027421413434,
      "corridor_score": 1.0596980387208042e-30,
      "segment_id": 0
    },
    {
      "time": "2022-03-06 03:53:00+00:00",
      "CP": 71.26611002917262,
      "SCE": 3.3789351495621382e-34,
      "S_struct": 77.07033254644782,
      "admissible": false,
      "snowfall_cm": 0.0,
      "depth_est_cm": 55.64461861815178,
      "corridor_score": 1.8801955773285283e-32,
      "segment_id": 0
    }
  ],
  "top_depth_any": [
    {
      "time": "2022-03-06 14:53:00+00:00",
      "CP": 73.06395727749654,
      "SCE": 6.890142776649671e-28,
      "S_struct": 62.54229079672203,
      "admissible": false,
      "snowfall_cm": 0.0,
      "depth_est_cm": 55.96407709693453,
      "corridor_score": 3.856004815613087e-26,
      "segment_id": 0
    },
    {
      "time": "2022-03-06 13:53:00+00:00",
      "CP": 73.06395727749654,
      "SCE": 5.390616908545056e-29,
      "S_struct": 65.09030786418029,
      "admissible": false,
      "snowfall_cm": 0.0,
      "depth_est_cm": 55.96407709693453,
      "corridor_score": 3.016809002698544e-27,
      "segment_id": 0
    },
    {
      "time": "2022-03-06 12:53:00+00:00",
      "CP": 73.06395727749654,
      "SCE": 4.064655634492252e-33,
      "S_struct": 74.58297904415429,
      "admissible": false,
      "snowfall_cm": 0.0,
      "depth_est_cm": 55.96407709693453,
      "corridor_score": 2.274747013012137e-31,
      "segment_id": 0
    },
    {
      "time": "2022-03-06 05:53:00+00:00",
      "CP": 73.00949264970959,
      "SCE": 8.502740864006042e-35,
      "S_struct": 78.45008968868369,
      "admissible": false,
      "snowfall_cm": 0.0,
      "depth_est_cm": 55.95451373235419,
      "corridor_score": 4.757667304376752e-33,
      "segment_id": 0
    },
    {
      "time": "2022-03-06 05:59:00+00:00",
      "CP": 73.00949264970959,
      "SCE": 8.502740864006042e-35,
      "S_struct": 78.45008968868369,
      "admissible": false,
      "snowfall_cm": 0.0,
      "depth_est_cm": 55.95451373235419,
      "corridor_score": 4.757667304376752e-33,
      "segment_id": 0
    },
    {
      "time": "2022-03-06 06:00:00+00:00",
      "CP": 73.00949264970959,
      "SCE": 5.611119315424647e-34,
      "S_struct": 76.56314294069864,
      "admissible": false,
      "snowfall_cm": 0.0,
      "depth_est_cm": 55.95451373235419,
      "corridor_score": 3.1396745278880624e-32,
      "segment_id": 0
    },
    {
      "time": "2022-03-06 04:53:00+00:00",
      "CP": 72.86400487287604,
      "SCE": 9.834300668837404e-35,
      "S_struct": 78.30460191185014,
      "admissible": false,
      "snowfall_cm": 0.0,
      "depth_est_cm": 55.928933195736185,
      "corridor_score": 5.5002194513419086e-33,
      "segment_id": 0
    },
    {
      "time": "2022-09-22 11:20:00+00:00",
      "CP": 72.5910330178564,
      "SCE": 1.899396476517258e-19,
      "S_struct": 43.10758057511228,
      "admissible": false,
      "snowfall_cm": 0.0,
      "depth_est_cm": 55.88080139610736,
      "corridor_score": 1.0613979727672698e-17,
      "segment_id": 0
    },
    {
      "time": "2022-03-06 06:53:00+00:00",
      "CP": 72.01528864015928,
      "SCE": 2.076214350269796e-34,
      "S_struct": 77.55734695024894,
      "admissible": false,
      "snowfall_cm": 0.0,
      "depth_est_cm": 55.77869508441246,
      "corridor_score": 1.1580852717358048e-32,
      "segment_id": 0
    },
    {
      "time": "2022-03-06 11:53:00+00:00",
      "CP": 71.52035254628183,
      "SCE": 4.137734233736457e-38,
      "S_struct": 86.07808518228954,
      "admissible": false,
      "snowfall_cm": 0.0,
      "depth_est_cm": 55.69027421413434,
      "corridor_score": 2.3043155410199432e-36,
      "segment_id": 0
    },
    {
      "time": "2022-03-06 12:00:00+00:00",
      "CP": 71.52035254628183,
      "SCE": 1.9028421994227675e-32,
      "S_struct": 73.03937431293957,
      "admissible": false,
      "snowfall_cm": 0.0,
      "depth_est_cm": 55.69027421413434,
      "corridor_score": 1.0596980387208042e-30,
      "segment_id": 0
    },
    {
      "time": "2022-03-06 03:53:00+00:00",
      "CP": 71.26611002917262,
      "SCE": 3.3789351495621382e-34,
      "S_struct": 77.07033254644782,
      "admissible": false,
      "snowfall_cm": 0.0,
      "depth_est_cm": 55.64461861815178,
      "corridor_score": 1.8801955773285283e-32,
      "segment_id": 0
    }
  ],
  "top_depth_admissible": [
    {
      "time": "2022-06-15 16:53:00+00:00",
      "CP": 7.7520591265234975,
      "SCE": 0.1293912578869904,
      "S_struct": 2.0449144580306875,
      "admissible": true,
      "snowfall_cm": 0.0,
      "depth_est_cm": 28.2007570185848,
      "corridor_score": 3.6489314240000605,
      "segment_id": 0
    },
    {
      "time": "2022-06-15 15:53:00+00:00",
      "CP": 7.7520591265234975,
      "SCE": 0.08983745828113286,
      "S_struct": 2.4097532605691185,
      "admissible": true,
      "snowfall_cm": 0.0,
      "depth_est_cm": 28.2007570185848,
      "corridor_score": 2.533484332153477,
      "segment_id": 0
    },
    {
      "time": "2022-03-22 13:53:00+00:00",
      "CP": 2.1511204139245486,
      "SCE": 0.11047408285736615,
      "S_struct": 2.2029743298113695,
      "admissible": true,
      "snowfall_cm": 0.0,
      "depth_est_cm": 14.92085499522936,
      "corridor_score": 1.648367771045714,
      "segment_id": 0
    },
    {
      "time": "2022-12-13 15:53:00+00:00",
      "CP": 2.097184449284365,
      "SCE": 0.08427709329761712,
      "S_struct": 2.473645179278566,
      "admissible": true,
      "snowfall_cm": 0.0,
      "depth_est_cm": 14.696414936098256,
      "corridor_score": 1.2385711327100464,
      "segment_id": 0
    },
    {
      "time": "2022-05-05 20:53:00+00:00",
      "CP": 1.8474233203998311,
      "SCE": 0.13435378114602461,
      "S_struct": 2.0072788003194657,
      "admissible": true,
      "snowfall_cm": 0.0,
      "depth_est_cm": 13.603388334016557,
      "corridor_score": 1.827666659072845,
      "segment_id": 0
    },
    {
      "time": "2022-05-26 18:53:00+00:00",
      "CP": 1.7649018012048503,
      "SCE": 0.13318744263670348,
      "S_struct": 2.0159977998191914,
      "admissible": true,
      "snowfall_cm": 0.0,
      "depth_est_cm": 13.22106655231275,
      "corridor_score": 1.7608800430321936,
      "segment_id": 0
    },
    {
      "time": "2022-01-02 15:53:00+00:00",
      "CP": 1.520012273941904,
      "SCE": 0.14745539452164877,
      "S_struct": 1.9142295589601144,
      "admissible": true,
      "snowfall_cm": 0.0,
      "depth_est_cm": 12.015429037603385,
      "corridor_score": 1.7717398290866817,
      "segment_id": 0
    },
    {
      "time": "2022-01-02 13:53:00+00:00",
      "CP": 1.2691616960278798,
      "SCE": 0.16082288646264212,
      "S_struct": 1.8274516036172719,
      "admissible": true,
      "snowfall_cm": 0.0,
      "depth_est_cm": 10.652336062971187,
      "corridor_score": 1.7131394332171235,
      "segment_id": 0
    },
    {
      "time": "2022-01-02 14:53:00+00:00",
      "CP": 1.2691616960278798,
      "SCE": 0.18949758832721694,
      "S_struct": 1.6633789810460902,
      "admissible": true,
      "snowfall_cm": 0.0,
      "depth_est_cm": 10.652336062971187,
      "corridor_score": 2.018591993984081,
      "segment_id": 0
    },
    {
      "time": "2022-05-26 17:53:00+00:00",
      "CP": 1.202999378253405,
      "SCE": 0.20673307742710015,
      "S_struct": 1.5763267988413228,
      "admissible": true,
      "snowfall_cm": 0.0,
      "depth_est_cm": 10.267657212708126,
      "corridor_score": 2.1226643735497124,
      "segment_id": 0
    },
    {
      "time": "2022-05-26 18:00:00+00:00",
      "CP": 1.202999378253405,
      "SCE": 0.20788633791903566,
      "S_struct": 1.5707638009526268,
      "admissible": true,
      "snowfall_cm": 0.0,
      "depth_est_cm": 10.267657212708126,
      "corridor_score": 2.1345056569578653,
      "segment_id": 0
    },
    {
      "time": "2022-05-26 18:12:00+00:00",
      "CP": 1.202999378253405,
      "SCE": 0.20992749954462658,
      "S_struct": 1.5609930481374912,
      "admissible": true,
      "snowfall_cm": 0.0,
      "depth_est_cm": 10.267657212708126,
      "corridor_score": 2.155463604845167,
      "segment_id": 0
    }
  ],
  "top_depth_admissible_snow": [],
  "top_corridor_any": [
    {
      "time": "2022-05-05 20:02:00+00:00",
      "CP": 1.0071710406225123,
      "SCE": 0.5610388224772082,
      "S_struct": 0.5779651735771445,
      "admissible": true,
      "snowfall_cm": 0.0,
      "depth_est_cm": 9.057441746822903,
      "corridor_score": 5.081576452293429,
      "segment_id": 0
    },
    {
      "time": "2022-05-05 19:53:00+00:00",
      "CP": 1.0071710406225123,
      "SCE": 0.5610388224771721,
      "S_struct": 0.5779651735772087,
      "admissible": true,
      "snowfall_cm": 0.0,
      "depth_est_cm": 9.057441746822903,
      "corridor_score": 5.081576452293102,
      "segment_id": 0
    },
    {
      "time": "2022-05-05 19:27:00+00:00",
      "CP": 1.0071710406225123,
      "SCE": 0.5610388224770756,
      "S_struct": 0.5779651735773808,
      "admissible": true,
      "snowfall_cm": 0.0,
      "depth_est_cm": 9.057441746822903,
      "corridor_score": 5.081576452292228,
      "segment_id": 0
    },
    {
      "time": "2022-05-05 18:13:00+00:00",
      "CP": 1.0071710406225123,
      "SCE": 0.5139927475550827,
      "S_struct": 0.6655461234415304,
      "admissible": true,
      "snowfall_cm": 0.0,
      "depth_est_cm": 9.057441746822903,
      "corridor_score": 4.655459369269612,
      "segment_id": 0
    },
    {
      "time": "2022-05-05 18:00:00+00:00",
      "CP": 1.0071710406225123,
      "SCE": 0.5139927475550827,
      "S_struct": 0.6655461234415304,
      "admissible": true,
      "snowfall_cm": 0.0,
      "depth_est_cm": 9.057441746822903,
      "corridor_score": 4.655459369269612,
      "segment_id": 0
    },
    {
      "time": "2022-05-05 19:17:00+00:00",
      "CP": 1.0071710406225123,
      "SCE": 0.5139927475550827,
      "S_struct": 0.6655461234415304,
      "admissible": true,
      "snowfall_cm": 0.0,
      "depth_est_cm": 9.057441746822903,
      "corridor_score": 4.655459369269612,
      "segment_id": 0
    },
    {
      "time": "2022-05-05 18:51:00+00:00",
      "CP": 1.0071710406225123,
      "SCE": 0.5139927475550827,
      "S_struct": 0.6655461234415304,
      "admissible": true,
      "snowfall_cm": 0.0,
      "depth_est_cm": 9.057441746822903,
      "corridor_score": 4.655459369269612,
      "segment_id": 0
    },
    {
      "time": "2022-05-05 18:53:00+00:00",
      "CP": 1.0071710406225123,
      "SCE": 0.5139927475550827,
      "S_struct": 0.6655461234415304,
      "admissible": true,
      "snowfall_cm": 0.0,
      "depth_est_cm": 9.057441746822903,
      "corridor_score": 4.655459369269612,
      "segment_id": 0
    },
    {
      "time": "2022-05-05 16:20:00+00:00",
      "CP": 0.6714539489587654,
      "SCE": 0.6035110483384961,
      "S_struct": 0.5049909315060823,
      "admissible": true,
      "snowfall_cm": 0.0,
      "depth_est_cm": 6.678020385021146,
      "corridor_score": 4.030259083389959,
      "segment_id": 0
    },
    {
      "time": "2022-05-05 17:53:00+00:00",
      "CP": 1.0071710406225123,
      "SCE": 0.43140497055785343,
      "S_struct": 0.8407080231698292,
      "admissible": true,
      "snowfall_cm": 0.0,
      "depth_est_cm": 9.057441746822903,
      "corridor_score": 3.907425390117607,
      "segment_id": 0
    },
    {
      "time": "2022-05-05 16:53:00+00:00",
      "CP": 1.0071710406225123,
      "SCE": 0.43140497055785343,
      "S_struct": 0.8407080231698292,
      "admissible": true,
      "snowfall_cm": 0.0,
      "depth_est_cm": 9.057441746822903,
      "corridor_score": 3.907425390117607,
      "segment_id": 0
    },
    {
      "time": "2022-05-05 16:17:00+00:00",
      "CP": 0.6714539489587654,
      "SCE": 0.552903452466566,
      "S_struct": 0.5925718813702321,
      "admissible": true,
      "snowfall_cm": 0.0,
      "depth_est_cm": 6.678020385021146,
      "corridor_score": 3.692300526520298,
      "segment_id": 0
    }
  ],
  "top_corridor_admissible": [
    {
      "time": "2022-05-05 20:02:00+00:00",
      "CP": 1.0071710406225123,
      "SCE": 0.5610388224772082,
      "S_struct": 0.5779651735771445,
      "admissible": true,
      "snowfall_cm": 0.0,
      "depth_est_cm": 9.057441746822903,
      "corridor_score": 5.081576452293429,
      "segment_id": 0
    },
    {
      "time": "2022-05-05 19:53:00+00:00",
      "CP": 1.0071710406225123,
      "SCE": 0.5610388224771721,
      "S_struct": 0.5779651735772087,
      "admissible": true,
      "snowfall_cm": 0.0,
      "depth_est_cm": 9.057441746822903,
      "corridor_score": 5.081576452293102,
      "segment_id": 0
    },
    {
      "time": "2022-05-05 19:27:00+00:00",
      "CP": 1.0071710406225123,
      "SCE": 0.5610388224770756,
      "S_struct": 0.5779651735773808,
      "admissible": true,
      "snowfall_cm": 0.0,
      "depth_est_cm": 9.057441746822903,
      "corridor_score": 5.081576452292228,
      "segment_id": 0
    },
    {
      "time": "2022-05-05 18:13:00+00:00",
      "CP": 1.0071710406225123,
      "SCE": 0.5139927475550827,
      "S_struct": 0.6655461234415304,
      "admissible": true,
      "snowfall_cm": 0.0,
      "depth_est_cm": 9.057441746822903,
      "corridor_score": 4.655459369269612,
      "segment_id": 0
    },
    {
      "time": "2022-05-05 18:00:00+00:00",
      "CP": 1.0071710406225123,
      "SCE": 0.5139927475550827,
      "S_struct": 0.6655461234415304,
      "admissible": true,
      "snowfall_cm": 0.0,
      "depth_est_cm": 9.057441746822903,
      "corridor_score": 4.655459369269612,
      "segment_id": 0
    },
    {
      "time": "2022-05-05 19:17:00+00:00",
      "CP": 1.0071710406225123,
      "SCE": 0.5139927475550827,
      "S_struct": 0.6655461234415304,
      "admissible": true,
      "snowfall_cm": 0.0,
      "depth_est_cm": 9.057441746822903,
      "corridor_score": 4.655459369269612,
      "segment_id": 0
    },
    {
      "time": "2022-05-05 18:53:00+00:00",
      "CP": 1.0071710406225123,
      "SCE": 0.5139927475550827,
      "S_struct": 0.6655461234415304,
      "admissible": true,
      "snowfall_cm": 0.0,
      "depth_est_cm": 9.057441746822903,
      "corridor_score": 4.655459369269612,
      "segment_id": 0
    },
    {
      "time": "2022-05-05 18:51:00+00:00",
      "CP": 1.0071710406225123,
      "SCE": 0.5139927475550827,
      "S_struct": 0.6655461234415304,
      "admissible": true,
      "snowfall_cm": 0.0,
      "depth_est_cm": 9.057441746822903,
      "corridor_score": 4.655459369269612,
      "segment_id": 0
    },
    {
      "time": "2022-05-05 16:20:00+00:00",
      "CP": 0.6714539489587654,
      "SCE": 0.6035110483384961,
      "S_struct": 0.5049909315060823,
      "admissible": true,
      "snowfall_cm": 0.0,
      "depth_est_cm": 6.678020385021146,
      "corridor_score": 4.030259083389959,
      "segment_id": 0
    },
    {
      "time": "2022-05-05 16:53:00+00:00",
      "CP": 1.0071710406225123,
      "SCE": 0.43140497055785343,
      "S_struct": 0.8407080231698292,
      "admissible": true,
      "snowfall_cm": 0.0,
      "depth_est_cm": 9.057441746822903,
      "corridor_score": 3.907425390117607,
      "segment_id": 0
    },
    {
      "time": "2022-05-05 17:53:00+00:00",
      "CP": 1.0071710406225123,
      "SCE": 0.43140497055785343,
      "S_struct": 0.8407080231698292,
      "admissible": true,
      "snowfall_cm": 0.0,
      "depth_est_cm": 9.057441746822903,
      "corridor_score": 3.907425390117607,
      "segment_id": 0
    },
    {
      "time": "2022-05-05 16:17:00+00:00",
      "CP": 0.6714539489587654,
      "SCE": 0.552903452466566,
      "S_struct": 0.5925718813702321,
      "admissible": true,
      "snowfall_cm": 0.0,
      "depth_est_cm": 6.678020385021146,
      "corridor_score": 3.692300526520298,
      "segment_id": 0
    }
  ],
  "top_corridor_admissible_snow": [],
  "observed_snow_events_first200": [
    {
      "time": "2022-01-01 13:43:00+00:00",
      "CP": 14.565746830083663,
      "SCE": 9.674825935763127e-10,
      "S_struct": 20.756323682322048,
      "admissible": false,
      "snowfall_cm": 0.5,
      "depth_est_cm": 35.68594619351232,
      "corridor_score": 3.452553177752405e-08,
      "segment_id": 0
    },
    {
      "time": "2022-01-01 13:53:00+00:00",
      "CP": 5.905313231764638,
      "SCE": 1.676735801816996e-13,
      "S_struct": 29.41675728064107,
      "admissible": false,
      "snowfall_cm": 0.5,
      "depth_est_cm": 25.119784935290983,
      "corridor_score": 4.211924273494562e-12,
      "segment_id": 0
    },
    {
      "time": "2022-01-01 18:00:00+00:00",
      "CP": 5.195590217028769,
      "SCE": 1.8296831281412256e-15,
      "S_struct": 33.93463359707143,
      "admissible": false,
      "snowfall_cm": 0.5,
      "depth_est_cm": 23.70989118772352,
      "corridor_score": 4.338158787624205e-14,
      "segment_id": 0
    },
    {
      "time": "2022-01-02 04:15:00+00:00",
      "CP": 0.7109813644751193,
      "SCE": 0.0013166318833887154,
      "S_struct": 6.632678406765626,
      "admissible": false,
      "snowfall_cm": 0.2,
      "depth_est_cm": 6.981872342280314,
      "corridor_score": 0.009192555731596112,
      "segment_id": 0
    },
    {
      "time": "2022-01-02 04:29:00+00:00",
      "CP": 0.5372087225045634,
      "SCE": 0.001959754389908464,
      "S_struct": 6.234936124863016,
      "admissible": false,
      "snowfall_cm": 0.2,
      "depth_est_cm": 5.589587301653286,
      "corridor_score": 0.010954218252191634,
      "segment_id": 0
    },
    {
      "time": "2022-01-02 04:53:00+00:00",
      "CP": 0.3484404874026003,
      "SCE": 0.0016226342664908135,
      "S_struct": 6.4237043599649795,
      "admissible": false,
      "snowfall_cm": 0.3,
      "depth_est_cm": 3.88633349236932,
      "corridor_score": 0.006306097895729374,
      "segment_id": 0
    },
    {
      "time": "2022-01-02 06:00:00+00:00",
      "CP": 0.15838203972845447,
      "SCE": 0.005747084590752242,
      "S_struct": 5.159062580450147,
      "admissible": false,
      "snowfall_cm": 0.3,
      "depth_est_cm": 1.9113150959637815,
      "corridor_score": 0.010984489536085591,
      "segment_id": 0
    },
    {
      "time": "2022-01-06 13:41:00+00:00",
      "CP": 9.458028044736148,
      "SCE": 7.221692206202517e-14,
      "S_struct": 30.259101998883665,
      "admissible": false,
      "snowfall_cm": 0.2,
      "depth_est_cm": 30.51580892641074,
      "corridor_score": 2.2037577948982568e-12,
      "segment_id": 0
    },
    {
      "time": "2022-01-06 13:53:00+00:00",
      "CP": 7.960992494241804,
      "SCE": 1.6161612726293628e-14,
      "S_struct": 31.756137549378007,
      "admissible": false,
      "snowfall_cm": 0.3,
      "depth_est_cm": 28.50745287388683,
      "corridor_score": 4.607264131608253e-13,
      "segment_id": 0
    },
    {
      "time": "2022-01-06 18:00:00+00:00",
      "CP": 0.9949627600059636,
      "SCE": 8.814064486001538e-13,
      "S_struct": 27.757257526214435,
      "admissible": false,
      "snowfall_cm": 0.3,
      "depth_est_cm": 8.978129985551027,
      "corridor_score": 7.913381665635081e-12,
      "segment_id": 0
    },
    {
      "time": "2022-01-07 12:00:00+00:00",
      "CP": 1.1008149255878026,
      "SCE": 0.04124775077084261,
      "S_struct": 3.188158694455537,
      "admissible": false,
      "snowfall_cm": 0.3,
      "depth_est_cm": 9.650229280345693,
      "corridor_score": 0.398050252237187,
      "segment_id": 0
    },
    {
      "time": "2022-01-15 06:00:00+00:00",
      "CP": 35.82185902461369,
      "SCE": 3.617378153857408e-17,
      "S_struct": 37.85819708435929,
      "admissible": false,
      "snowfall_cm": 2.0,
      "depth_est_cm": 46.879191632826966,
      "corridor_score": 1.6957976368308325e-15,
      "segment_id": 0
    },
    {
      "time": "2022-02-02 04:07:00+00:00",
      "CP": 15.365624788468674,
      "SCE": 3.6267932650944475e-09,
      "S_struct": 19.434916977141263,
      "admissible": false,
      "snowfall_cm": 0.2,
      "depth_est_cm": 36.33738011228483,
      "corridor_score": 1.3178816546241154e-07,
      "segment_id": 0
    },
    {
      "time": "2022-02-02 04:16:00+00:00",
      "CP": 16.40150960566881,
      "SCE": 1.2871932112079374e-09,
      "S_struct": 20.470801794341398,
      "admissible": false,
      "snowfall_cm": 0.2,
      "depth_est_cm": 37.13524049824715,
      "corridor_score": 4.780022946591779e-08,
      "segment_id": 0
    },
    {
      "time": "2022-02-02 04:34:00+00:00",
      "CP": 15.365624788468674,
      "SCE": 4.628160362351982e-10,
      "S_struct": 21.49369147074435,
      "admissible": false,
      "snowfall_cm": 0.2,
      "depth_est_cm": 36.33738011228483,
      "corridor_score": 1.6817522230739387e-08,
      "segment_id": 0
    },
    {
      "time": "2022-02-02 04:41:00+00:00",
      "CP": 13.46650262360176,
      "SCE": 8.292652914090692e-11,
      "S_struct": 23.213066091218334,
      "admissible": false,
      "snowfall_cm": 0.2,
      "depth_est_cm": 34.73386556889069,
      "corridor_score": 2.8803589152749573e-09,
      "segment_id": 0
    },
    {
      "time": "2022-02-02 04:53:00+00:00",
      "CP": 13.984445032201826,
      "SCE": 3.657603423527173e-10,
      "S_struct": 21.72904279931883,
      "admissible": false,
      "snowfall_cm": 0.5,
      "depth_est_cm": 35.191164647531345,
      "corridor_score": 1.2871532429271906e-08,
      "segment_id": 0
    },
    {
      "time": "2022-02-02 05:04:00+00:00",
      "CP": 13.549392233517521,
      "SCE": 3.3237620722678535e-10,
      "S_struct": 21.82475363424925,
      "admissible": false,
      "snowfall_cm": 0.2,
      "depth_est_cm": 34.808139884086486,
      "corridor_score": 1.1569397515292062e-08,
      "segment_id": 0
    },
    {
      "time": "2022-02-02 05:18:00+00:00",
      "CP": 13.549392233517521,
      "SCE": 6.741899969802023e-10,
      "S_struct": 21.117509150111687,
      "admissible": false,
      "snowfall_cm": 0.7000000000000001,
      "depth_est_cm": 34.808139884086486,
      "corridor_score": 2.3467299723338725e-08,
      "segment_id": 0
    },
    {
      "time": "2022-02-02 05:36:00+00:00",
      "CP": 11.476084245304364,
      "SCE": 8.479223562701454e-11,
      "S_struct": 23.190817138324842,
      "admissible": false,
      "snowfall_cm": 1.0,
      "depth_est_cm": 32.809576167057024,
      "corridor_score": 2.7819973131795796e-09,
      "segment_id": 0
    },
    {
      "time": "2022-02-02 05:53:00+00:00",
      "CP": 11.476084245304364,
      "SCE": 7.076413729757785e-10,
      "S_struct": 21.06908368591214,
      "admissible": false,
      "snowfall_cm": 1.3,
      "depth_est_cm": 32.809576167057024,
      "corridor_score": 2.321741352560961e-08,
      "segment_id": 0
    },
    {
      "time": "2022-02-02 06:00:00+00:00",
      "CP": 4.002177632186434,
      "SCE": 1.9646033877639223e-11,
      "S_struct": 24.653145636273447,
      "admissible": false,
      "snowfall_cm": 4.0,
      "depth_est_cm": 20.928353472744597,
      "corridor_score": 4.111591413287488e-10,
      "segment_id": 0
    },
    {
      "time": "2022-02-02 06:35:00+00:00",
      "CP": 2.8162713959063237,
      "SCE": 2.1348605891823694e-11,
      "S_struct": 24.570034676192762,
      "admissible": false,
      "snowfall_cm": 0.2,
      "depth_est_cm": 17.41056033050907,
      "corridor_score": 3.7169119085185785e-10,
      "segment_id": 0
    },
    {
      "time": "2022-02-02 06:49:00+00:00",
      "CP": 2.062429823221918,
      "SCE": 1.0045701856458787e-11,
      "S_struct": 25.323876248877166,
      "admissible": false,
      "snowfall_cm": 0.2,
      "depth_est_cm": 14.549712589645782,
      "corridor_score": 1.4616207477274643e-10,
      "segment_id": 0
    },
    {
      "time": "2022-02-02 06:53:00+00:00",
      "CP": 1.2169469445844356,
      "SCE": 1.044076226403799e-11,
      "S_struct": 25.28530352234269,
      "admissible": false,
      "snowfall_cm": 0.3,
      "depth_est_cm": 10.349702989243195,
      "corridor_score": 1.0805878841409154e-10,
      "segment_id": 0
    },
    {
      "time": "2022-02-02 07:48:00+00:00",
      "CP": 0.9811744400943233,
      "SCE": 1.5142912877416583e-10,
      "S_struct": 22.610903397300408,
      "admissible": false,
      "snowfall_cm": 1.2000000000000002,
      "depth_est_cm": 8.8879676655169,
      "corridor_score": 1.3458972001621808e-09,
      "segment_id": 0
    },
    {
      "time": "2022-02-02 07:53:00+00:00",
      "CP": 1.0966067271642437,
      "SCE": 4.071204076867505e-09,
      "S_struct": 19.31932703926233,
      "admissible": false,
      "snowfall_cm": 1.3,
      "depth_est_cm": 9.624162517289047,
      "corridor_score": 3.9181929676822597e-08,
      "segment_id": 0
    },
    {
      "time": "2022-02-02 08:17:00+00:00",
      "CP": 1.1254647989317237,
      "SCE": 4.700778792165519e-09,
      "S_struct": 19.175537641496454,
      "admissible": false,
      "snowfall_cm": 0.2,
      "depth_est_cm": 9.801876595780701,
      "corridor_score": 4.607645362486948e-08,
      "segment_id": 0
    },
    {
      "time": "2022-02-02 08:31:00+00:00",
      "CP": 1.9012239020579473,
      "SCE": 2.1640232227432804e-09,
      "S_struct": 19.951296744622677,
      "admissible": false,
      "snowfall_cm": 0.2,
      "depth_est_cm": 13.846724880989273,
      "corridor_score": 2.996463420139797e-08,
      "segment_id": 0
    },
    {
      "time": "2022-02-02 08:34:00+00:00",
      "CP": 1.9012239020579473,
      "SCE": 5.130517031597201e-09,
      "S_struct": 19.088059396955895,
      "admissible": false,
      "snowfall_cm": 0.5,
      "depth_est_cm": 13.846724880989273,
      "corridor_score": 7.10408578337562e-08,
      "segment_id": 0
    },
    {
      "time": "2022-02-02 08:53:00+00:00",
      "CP": 1.647727381783554,
      "SCE": 3.981704204430001e-09,
      "S_struct": 19.341555917230288,
      "admissible": false,
      "snowfall_cm": 0.8,
      "depth_est_cm": 12.658121843589711,
      "corridor_score": 5.040089696480839e-08,
      "segment_id": 0
    },
    {
      "time": "2022-02-02 09:16:00+00:00",
      "CP": 1.647727381783554,
      "SCE": 1.1218842568842724e-08,
      "S_struct": 18.305671100030153,
      "admissible": false,
      "snowfall_cm": 0.5,
      "depth_est_cm": 12.658121843589711,
      "corridor_score": 1.4200947618046219e-07,
      "segment_id": 0
    },
    {
      "time": "2022-02-02 09:34:00+00:00",
      "CP": 1.647727381783554,
      "SCE": 3.161019054214145e-08,
      "S_struct": 17.269786282830015,
      "admissible": false,
      "snowfall_cm": 0.7000000000000001,
      "depth_est_cm": 12.658121843589711,
      "corridor_score": 4.001256433815136e-07,
      "segment_id": 0
    },
    {
      "time": "2022-02-02 09:47:00+00:00",
      "CP": 1.9392047864512205,
      "SCE": 1.57767797237939e-07,
      "S_struct": 15.662141522630769,
      "admissible": false,
      "snowfall_cm": 1.0,
      "depth_est_cm": 14.01580783154704,
      "corridor_score": 2.211243128093431e-06,
      "segment_id": 0
    },
    {
      "time": "2022-02-02 09:53:00+00:00",
      "CP": 1.984302572182644,
      "SCE": 2.531466429414709e-07,
      "S_struct": 15.189296899762128,
      "admissible": false,
      "snowfall_cm": 0.8,
      "depth_est_cm": 14.213758980012775,
      "corridor_score": 3.598165369369419e-06,
      "segment_id": 0
    },
    {
      "time": "2022-02-02 10:35:00+00:00",
      "CP": 1.2922112883256693,
      "SCE": 1.2670704040782925e-07,
      "S_struct": 15.881388183619102,
      "admissible": false,
      "snowfall_cm": 0.2,
      "depth_est_cm": 10.783720736581888,
      "corridor_score": 1.3663733391168274e-06,
      "segment_id": 0
    },
    {
      "time": "2022-02-02 10:53:00+00:00",
      "CP": 1.3350414957985148,
      "SCE": 1.8756027202172558e-07,
      "S_struct": 15.489165592407643,
      "admissible": false,
      "snowfall_cm": 0.5,
      "depth_est_cm": 11.024385608377376,
      "corridor_score": 2.067736763579657e-06,
      "segment_id": 0
    },
    {
      "time": "2022-02-02 11:53:00+00:00",
      "CP": 1.3469078622073765,
      "SCE": 1.8534776627408236e-07,
      "S_struct": 15.501031958816503,
      "admissible": false,
      "snowfall_cm": 0.3,
      "depth_est_cm": 11.090282559339844,
      "corridor_score": 2.0555590997220535e-06,
      "segment_id": 0
    },
    {
      "time": "2022-02-02 12:00:00+00:00",
      "CP": 1.3469078622073765,
      "SCE": 1.4737152412667286e-06,
      "S_struct": 13.427723970603346,
      "admissible": false,
      "snowfall_cm": 4.0,
      "depth_est_cm": 11.090282559339844,
      "corridor_score": 1.634391843765371e-05,
      "segment_id": 0
    },
    {
      "time": "2022-02-02 12:53:00+00:00",
      "CP": 1.3469078622073765,
      "SCE": 1.4737152412667286e-06,
      "S_struct": 13.427723970603346,
      "admissible": false,
      "snowfall_cm": 0.5,
      "depth_est_cm": 11.090282559339844,
      "corridor_score": 1.634391843765371e-05,
      "segment_id": 0
    },
    {
      "time": "2022-02-02 15:53:00+00:00",
      "CP": 2.194673608479745,
      "SCE": 0.007156231721296768,
      "S_struct": 4.939771732460159,
      "admissible": false,
      "snowfall_cm": 0.3,
      "depth_est_cm": 15.099304033330057,
      "corridor_score": 0.10805411849282079,
      "segment_id": 0
    },
    {
      "time": "2022-02-02 18:00:00+00:00",
      "CP": 2.5135230073109276,
      "SCE": 0.02200706220261709,
      "S_struct": 3.816391867926386,
      "admissible": false,
      "snowfall_cm": 0.8,
      "depth_est_cm": 16.336050118550627,
      "corridor_score": 0.35950847110401396,
      "segment_id": 0
    },
    {
      "time": "2022-02-17 06:39:00+00:00",
      "CP": 34.26353844704364,
      "SCE": 1.2246821141015671e-17,
      "S_struct": 38.941265269270296,
      "admissible": false,
      "snowfall_cm": 2.7,
      "depth_est_cm": 46.31704382424827,
      "corridor_score": 5.672365514961531e-16,
      "segment_id": 0
    },
    {
      "time": "2022-02-17 06:53:00+00:00",
      "CP": 46.57520436149152,
      "SCE": 1.4709744471595478e-22,
      "S_struct": 50.27094697546819,
      "admissible": false,
      "snowfall_cm": 4.6000000000000005,
      "depth_est_cm": 50.21005221359019,
      "corridor_score": 7.385770379673786e-21,
      "segment_id": 0
    },
    {
      "time": "2022-02-17 07:25:00+00:00",
      "CP": 46.57520436149152,
      "SCE": 4.845961399498604e-22,
      "S_struct": 49.078726388942094,
      "admissible": false,
      "snowfall_cm": 2.7,
      "depth_est_cm": 50.21005221359019,
      "corridor_score": 2.4331597489386747e-20,
      "segment_id": 0
    },
    {
      "time": "2022-02-17 07:48:00+00:00",
      "CP": 46.57520436149152,
      "SCE": 4.191916025602438e-21,
      "S_struct": 46.92112903811735,
      "admissible": false,
      "snowfall_cm": 3.3000000000000003,
      "depth_est_cm": 50.21005221359019,
      "corridor_score": 2.1047632252048388e-19,
      "segment_id": 0
    },
    {
      "time": "2022-02-17 07:53:00+00:00",
      "CP": 46.57520436149152,
      "SCE": 1.1402046673897486e-20,
      "S_struct": 45.92049408079057,
      "admissible": false,
      "snowfall_cm": 2.8000000000000003,
      "depth_est_cm": 50.21005221359019,
      "corridor_score": 5.724973588381851e-19,
      "segment_id": 0
    },
    {
      "time": "2022-02-17 08:53:00+00:00",
      "CP": 44.20331895419334,
      "SCE": 4.590452307782689e-21,
      "S_struct": 46.830308391656864,
      "admissible": false,
      "snowfall_cm": 0.5,
      "depth_est_cm": 49.545216660323625,
      "corridor_score": 2.274349541579759e-19,
      "segment_id": 0
    },
    {
      "time": "2022-02-17 09:00:00+00:00",
      "CP": 44.20331895419334,
      "SCE": 1.6457664073088225e-20,
      "S_struct": 45.55349568306221,
      "admissible": false,
      "snowfall_cm": 0.2,
      "depth_est_cm": 49.545216660323625,
      "corridor_score": 8.153985322239802e-19,
      "segment_id": 0
    },
    {
      "time": "2022-02-17 09:38:00+00:00",
      "CP": 46.57520436149152,
      "SCE": 2.76983393638606e-21,
      "S_struct": 47.335499585235986,
      "admissible": false,
      "snowfall_cm": 0.2,
      "depth_est_cm": 50.21005221359019,
      "corridor_score": 1.3907350656891812e-19,
      "segment_id": 0
    },
    {
      "time": "2022-02-17 10:27:00+00:00",
      "CP": 30.535964431515335,
      "SCE": 6.763226492210828e-29,
      "S_struct": 64.86346762889276,
      "admissible": false,
      "snowfall_cm": 0.2,
      "depth_est_cm": 44.86467209302622,
      "corridor_score": 3.0342993886390674e-27,
      "segment_id": 0
    },
    {
      "time": "2022-02-17 10:36:00+00:00",
      "CP": 25.326564340190757,
      "SCE": 3.696070257261418e-31,
      "S_struct": 70.07286772021735,
      "admissible": false,
      "snowfall_cm": 0.2,
      "depth_est_cm": 42.51752024498289,
      "corridor_score": 1.5714774198999146e-29,
      "segment_id": 0
    },
    {
      "time": "2022-02-17 10:47:00+00:00",
      "CP": 22.463399241047515,
      "SCE": 1.5920492562449567e-30,
      "S_struct": 68.61253076302545,
      "admissible": false,
      "snowfall_cm": 0.5,
      "depth_est_cm": 41.020742462886574,
      "corridor_score": 6.530704252865449e-29,
      "segment_id": 0
    },
    {
      "time": "2022-02-17 10:53:00+00:00",
      "CP": 18.285533667187963,
      "SCE": 1.929967954629923e-31,
      "S_struct": 70.72263448385516,
      "admissible": false,
      "snowfall_cm": 0.8,
      "depth_est_cm": 38.47161843114449,
      "corridor_score": 7.424899073485878e-30,
      "segment_id": 0
    },
    {
      "time": "2022-02-17 11:21:00+00:00",
      "CP": 14.14909131032393,
      "SCE": 6.241994355041929e-32,
      "S_struct": 71.85142323631214,
      "admissible": false,
      "snowfall_cm": 0.2,
      "depth_est_cm": 35.33322715831952,
      "corridor_score": 2.205498044676446e-30,
      "segment_id": 0
    },
    {
      "time": "2022-02-17 11:47:00+00:00",
      "CP": 11.590213094627048,
      "SCE": 1.179945658724653e-31,
      "S_struct": 71.21466949732653,
      "admissible": false,
      "snowfall_cm": 0.7000000000000001,
      "depth_est_cm": 32.927957057035364,
      "corridor_score": 3.885319998012068e-30,
      "segment_id": 0
    },
    {
      "time": "2022-02-17 11:53:00+00:00",
      "CP": 12.111930283941021,
      "SCE": 1.7105210947479032e-30,
      "S_struct": 68.540754731958,
      "admissible": false,
      "snowfall_cm": 0.8,
      "depth_est_cm": 33.455792817997335,
      "corridor_score": 5.722683935669984e-29,
      "segment_id": 0
    },
    {
      "time": "2022-02-17 12:00:00+00:00",
      "CP": 6.396469116291535,
      "SCE": 5.63553547274401e-33,
      "S_struct": 74.25621589960748,
      "admissible": false,
      "snowfall_cm": 9.0,
      "depth_est_cm": 26.013035618601783,
      "corridor_score": 1.4659738498238379e-31,
      "segment_id": 0
    },
    {
      "time": "2022-02-17 12:31:00+00:00",
      "CP": 7.832251713641317,
      "SCE": 1.5441028042243907e-32,
      "S_struct": 73.24827994337655,
      "admissible": false,
      "snowfall_cm": 1.5,
      "depth_est_cm": 28.319329861087905,
      "corridor_score": 4.372795665226136e-31,
      "segment_id": 0
    },
    {
      "time": "2022-02-17 12:42:00+00:00",
      "CP": 7.832251713641317,
      "SCE": 1.5441028042243907e-32,
      "S_struct": 73.24827994337655,
      "admissible": false,
      "snowfall_cm": 1.5,
      "depth_est_cm": 28.319329861087905,
      "corridor_score": 4.372795665226136e-31,
      "segment_id": 0
    },
    {
      "time": "2022-02-17 12:53:00+00:00",
      "CP": 5.678665552768766,
      "SCE": 5.090953576926552e-32,
      "S_struct": 72.055257819586,
      "admissible": false,
      "snowfall_cm": 1.5,
      "depth_est_cm": 24.685936600556058,
      "corridor_score": 1.2567495723638296e-30,
      "segment_id": 0
    },
    {
      "time": "2022-02-17 13:43:00+00:00",
      "CP": 4.089572864057076,
      "SCE": 3.0820200372357047e-32,
      "S_struct": 72.55713773755834,
      "admissible": false,
      "snowfall_cm": 0.2,
      "depth_est_cm": 21.153520834589415,
      "corridor_score": 6.519557507028752e-31,
      "segment_id": 0
    },
    {
      "time": "2022-02-17 13:53:00+00:00",
      "CP": 3.4416853827390885,
      "SCE": 1.498784388130008e-25,
      "S_struct": 57.15997295321432,
      "admissible": false,
      "snowfall_cm": 0.5,
      "depth_est_cm": 19.38344063662252,
      "corridor_score": 2.9051598214414616e-24,
      "segment_id": 0
    },
    {
      "time": "2022-02-17 14:47:00+00:00",
      "CP": 3.186745724758415,
      "SCE": 1.161502834560375e-25,
      "S_struct": 57.41491261119499,
      "admissible": false,
      "snowfall_cm": 1.0,
      "depth_est_cm": 18.615008821445723,
      "corridor_score": 2.162138551147559e-24,
      "segment_id": 0
    },
    {
      "time": "2022-02-17 14:53:00+00:00",
      "CP": 3.2504806392535834,
      "SCE": 1.089784313525285e-25,
      "S_struct": 57.478647525690164,
      "admissible": false,
      "snowfall_cm": 0.8,
      "depth_est_cm": 18.81141688570342,
      "corridor_score": 2.0500387037224256e-24,
      "segment_id": 0
    },
    {
      "time": "2022-02-17 16:33:00+00:00",
      "CP": 2.3581918363212275,
      "SCE": 6.303944537476649e-23,
      "S_struct": 51.118281584335286,
      "admissible": false,
      "snowfall_cm": 0.2,
      "depth_est_cm": 15.748234907231723,
      "corridor_score": 9.92759994183425e-22,
      "segment_id": 0
    },
    {
      "time": "2022-02-17 16:53:00+00:00",
      "CP": 2.485661665311564,
      "SCE": 1.8735799111444554e-20,
      "S_struct": 45.423850868139176,
      "admissible": false,
      "snowfall_cm": 0.5,
      "depth_est_cm": 16.23255253246539,
      "corridor_score": 3.0412984331424213e-19,
      "segment_id": 0
    },
    {
      "time": "2022-02-17 17:04:00+00:00",
      "CP": 2.0349386018086437,
      "SCE": 1.057599818500987e-15,
      "S_struct": 34.48277437640946,
      "admissible": false,
      "snowfall_cm": 0.2,
      "depth_est_cm": 14.432485525383328,
      "corridor_score": 1.526379407216353e-14,
      "segment_id": 0
    },
    {
      "time": "2022-02-17 17:46:00+00:00",
      "CP": 1.733067431607515,
      "SCE": 2.530940616299271e-15,
      "S_struct": 33.610185376167685,
      "admissible": false,
      "snowfall_cm": 0.2,
      "depth_est_cm": 13.070519536760154,
      "corridor_score": 3.30807087717194e-14,
      "segment_id": 0
    },
    {
      "time": "2022-02-17 17:53:00+00:00",
      "CP": 1.733067431607515,
      "SCE": 4.631222740622509e-13,
      "S_struct": 28.400785284843106,
      "admissible": false,
      "snowfall_cm": 0.8,
      "depth_est_cm": 13.070519536760154,
      "corridor_score": 6.05324873103944e-12,
      "segment_id": 0
    },
    {
      "time": "2022-02-17 18:00:00+00:00",
      "CP": 1.5369307682755808,
      "SCE": 6.667628616133451e-12,
      "S_struct": 25.7337568490318,
      "admissible": false,
      "snowfall_cm": 4.0,
      "depth_est_cm": 12.102414888583462,
      "corridor_score": 8.069440783543863e-11,
      "segment_id": 0
    },
    {
      "time": "2022-02-18 12:00:00+00:00",
      "CP": 21.986935227001,
      "SCE": 6.091921668460297e-11,
      "S_struct": 23.52147244608335,
      "admissible": false,
      "snowfall_cm": 4.3,
      "depth_est_cm": 40.75403827206773,
      "corridor_score": 2.482704088268697e-09,
      "segment_id": 0
    },
    {
      "time": "2022-02-24 14:53:00+00:00",
      "CP": 8.46086864689453,
      "SCE": 2.21123457747507e-08,
      "S_struct": 17.627129752058003,
      "admissible": false,
      "snowfall_cm": 0.3,
      "depth_est_cm": 29.213134625834346,
      "corridor_score": 6.459709340107915e-07,
      "segment_id": 0
    },
    {
      "time": "2022-02-24 18:00:00+00:00",
      "CP": 4.566261797529541,
      "SCE": 4.5001661959042834e-10,
      "S_struct": 21.521736601422994,
      "admissible": false,
      "snowfall_cm": 0.3,
      "depth_est_cm": 22.317408062649132,
      "corridor_score": 1.0043204534373533e-08,
      "segment_id": 0
    },
    {
      "time": "2022-02-25 12:00:00+00:00",
      "CP": 5.28439911279882,
      "SCE": 0.0005927497165111929,
      "S_struct": 7.430738311279198,
      "admissible": false,
      "snowfall_cm": 0.3,
      "depth_est_cm": 23.89491300190975,
      "corridor_score": 0.014163702907941621,
      "segment_id": 0
    },
    {
      "time": "2022-03-06 20:36:00+00:00",
      "CP": 6.825040179663406,
      "SCE": 9.976103563741866e-40,
      "S_struct": 89.8032111301487,
      "admissible": false,
      "snowfall_cm": 0.5,
      "depth_est_cm": 26.7452753255259,
      "corridor_score": 2.6681363648823633e-38,
      "segment_id": 0
    },
    {
      "time": "2022-03-06 20:42:00+00:00",
      "CP": 6.92618705794851,
      "SCE": 9.016405139370708e-40,
      "S_struct": 89.9043580084338,
      "admissible": false,
      "snowfall_cm": 0.5,
      "depth_est_cm": 26.912237235499116,
      "corridor_score": 2.42651634122118e-38,
      "segment_id": 0
    },
    {
      "time": "2022-03-06 20:53:00+00:00",
      "CP": 6.92618705794851,
      "SCE": 2.4367486443123166e-39,
      "S_struct": 88.9101539988835,
      "admissible": false,
      "snowfall_cm": 1.0,
      "depth_est_cm": 26.912237235499116,
      "corridor_score": 6.557835759901392e-38,
      "segment_id": 0
    },
    {
      "time": "2022-03-06 21:00:00+00:00",
      "CP": 8.689486232970413,
      "SCE": 9.080990933576616e-38,
      "S_struct": 85.29205021346137,
      "admissible": false,
      "snowfall_cm": 0.2,
      "depth_est_cm": 29.523538254128834,
      "corridor_score": 2.6810298321284634e-36,
      "segment_id": 0
    },
    {
      "time": "2022-03-06 21:04:00+00:00",
      "CP": 8.689486232970413,
      "SCE": 1.8215233822691357e-35,
      "S_struct": 79.99080508058668,
      "admissible": false,
      "snowfall_cm": 0.2,
      "depth_est_cm": 29.523538254128834,
      "corridor_score": 5.377781525721297e-34,
      "segment_id": 0
    },
    {
      "time": "2022-03-06 21:18:00+00:00",
      "CP": 10.460700974777515,
      "SCE": 9.98929245508466e-36,
      "S_struct": 80.59154958295026,
      "admissible": false,
      "snowfall_cm": 1.7000000000000002,
      "depth_est_cm": 31.706010394493713,
      "corridor_score": 3.1672061041455186e-34,
      "segment_id": 0
    },
    {
      "time": "2022-03-06 21:28:00+00:00",
      "CP": 10.460700974777515,
      "SCE": 4.069389381866343e-35,
      "S_struct": 79.18698529561804,
      "admissible": false,
      "snowfall_cm": 2.5,
      "depth_est_cm": 31.706010394493713,
      "corridor_score": 1.2902410204069662e-33,
      "segment_id": 0
    },
    {
      "time": "2022-03-06 21:31:00+00:00",
      "CP": 11.476368292994467,
      "SCE": 2.9824581249502526e-32,
      "S_struct": 72.58997514116948,
      "admissible": false,
      "snowfall_cm": 3.3000000000000003,
      "depth_est_cm": 32.8098721395644,
      "corridor_score": 9.785406974122276e-31,
      "segment_id": 0
    },
    {
      "time": "2022-03-06 21:44:00+00:00",
      "CP": 11.476368292994467,
      "SCE": 2.9824581249502526e-32,
      "S_struct": 72.58997514116948,
      "admissible": false,
      "snowfall_cm": 7.300000000000001,
      "depth_est_cm": 32.8098721395644,
      "corridor_score": 9.785406974122276e-31,
      "segment_id": 0
    },
    {
      "time": "2022-03-06 21:53:00+00:00",
      "CP": 10.347545182208126,
      "SCE": 4.515561105783414e-32,
      "S_struct": 72.1751935207411,
      "admissible": false,
      "snowfall_cm": 7.9,
      "depth_est_cm": 31.577018681375296,
      "corridor_score": 1.4258795739421457e-30,
      "segment_id": 0
    },
    {
      "time": "2022-03-06 22:16:00+00:00",
      "CP": 8.278036145766501,
      "SCE": 5.70079427498219e-33,
      "S_struct": 74.24470255718272,
      "admissible": false,
      "snowfall_cm": 0.2,
      "depth_est_cm": 28.959448728333886,
      "corridor_score": 1.6509185951712608e-31,
      "segment_id": 0
    },
    {
      "time": "2022-03-06 22:53:00+00:00",
      "CP": 8.089898960635443,
      "SCE": 4.723113993699928e-33,
      "S_struct": 74.43283974231377,
      "admissible": false,
      "snowfall_cm": 0.5,
      "depth_est_cm": 28.693129304917544,
      "corridor_score": 1.3552092054309754e-31,
      "segment_id": 0
    },
    {
      "time": "2022-03-06 23:27:00+00:00",
      "CP": 8.089898960635443,
      "SCE": 2.034868789939879e-12,
      "S_struct": 26.92058977580072,
      "admissible": false,
      "snowfall_cm": 0.2,
      "depth_est_cm": 28.693129304917544,
      "corridor_score": 5.838675330828605e-11,
      "segment_id": 0
    },
    {
      "time": "2022-03-06 23:35:00+00:00",
      "CP": 7.14921303498016,
      "SCE": 6.473902958939829e-08,
      "S_struct": 16.552901577911932,
      "admissible": false,
      "snowfall_cm": 0.2,
      "depth_est_cm": 27.272977712050313,
      "corridor_score": 1.7656261110914252e-06,
      "segment_id": 0
    },
    {
      "time": "2022-03-06 23:39:00+00:00",
      "CP": 5.74300763650244,
      "SCE": 1.715382978828636e-08,
      "S_struct": 17.88104437699437,
      "admissible": false,
      "snowfall_cm": 0.2,
      "depth_est_cm": 24.810578809379365,
      "corridor_score": 4.2559644584495806e-07,
      "segment_id": 0
    },
    {
      "time": "2022-03-06 23:53:00+00:00",
      "CP": 5.158256182578202,
      "SCE": 2.192637480956919e-07,
      "S_struct": 15.332990502548522,
      "admissible": false,
      "snowfall_cm": 0.3,
      "depth_est_cm": 23.631317452923344,
      "corridor_score": 5.181491237167112e-06,
      "segment_id": 0
    },
    {
      "time": "2022-03-07 00:00:00+00:00",
      "CP": 2.9864940139378486,
      "SCE": 5.732480351257124e-07,
      "S_struct": 14.371947342818785,
      "admissible": false,
      "snowfall_cm": 11.0,
      "depth_est_cm": 17.977857967886752,
      "corridor_score": 1.0305771755860214e-05,
      "segment_id": 0
    },
    {
      "time": "2022-03-07 12:00:00+00:00",
      "CP": 2.1211918960322427,
      "SCE": 0.03910980824812029,
      "S_struct": 3.2413819931129444,
      "admissible": false,
      "snowfall_cm": 10.9,
      "depth_est_cm": 14.796794308792093,
      "corridor_score": 0.5786997881037363,
      "segment_id": 0
    },
    {
      "time": "2022-03-11 01:38:00+00:00",
      "CP": 1.1475312897930783,
      "SCE": 3.0500293684083845e-08,
      "S_struct": 17.305529524393048,
      "admissible": false,
      "snowfall_cm": 0.2,
      "depth_est_cm": 9.936146286358575,
      "corridor_score": 3.030553798219556e-07,
      "segment_id": 0
    },
    {
      "time": "2022-03-11 01:53:00+00:00",
      "CP": 1.929488640001,
      "SCE": 1.3954178009918866e-08,
      "S_struct": 18.08748687460097,
      "admissible": false,
      "snowfall_cm": 0.5,
      "depth_est_cm": 13.972762468608884,
      "corridor_score": 1.9497841477728175e-07,
      "segment_id": 0
    },
    {
      "time": "2022-03-11 02:07:00+00:00",
      "CP": 1.929488640001,
      "SCE": 1.3954178009918866e-08,
      "S_struct": 18.08748687460097,
      "admissible": false,
      "snowfall_cm": 0.2,
      "depth_est_cm": 13.972762468608884,
      "corridor_score": 1.9497841477728175e-07,
      "segment_id": 0
    },
    {
      "time": "2022-03-11 02:27:00+00:00",
      "CP": 1.929488640001,
      "SCE": 2.5350718895300613e-08,
      "S_struct": 17.490458748522343,
      "admissible": false,
      "snowfall_cm": 0.2,
      "depth_est_cm": 13.972762468608884,
      "corridor_score": 3.542195735325105e-07,
      "segment_id": 0
    },
    {
      "time": "2022-03-11 02:49:00+00:00",
      "CP": 2.731891659670507,
      "SCE": 1.1363472776752849e-08,
      "S_struct": 18.292861768191848,
      "admissible": false,
      "snowfall_cm": 0.5,
      "depth_est_cm": 17.11989828204122,
      "corridor_score": 1.9454149806875327e-07,
      "segment_id": 0
    },
    {
      "time": "2022-03-11 02:53:00+00:00",
      "CP": 2.731891659670507,
      "SCE": 2.3262388295617008e-08,
      "S_struct": 17.57642801689749,
      "admissible": false,
      "snowfall_cm": 0.5,
      "depth_est_cm": 17.11989828204122,
      "corridor_score": 3.982497214183094e-07,
      "segment_id": 0
    },
    {
      "time": "2022-03-11 03:49:00+00:00",
      "CP": 2.731891659670507,
      "SCE": 4.76208919445039e-08,
      "S_struct": 16.859994265603135,
      "admissible": false,
      "snowfall_cm": 0.2,
      "depth_est_cm": 17.11989828204122,
      "corridor_score": 8.152648261899829e-07,
      "segment_id": 0
    },
    {
      "time": "2022-03-11 03:53:00+00:00",
      "CP": 2.731891659670507,
      "SCE": 1.5867106837945214e-05,
      "S_struct": 11.051262343892505,
      "admissible": false,
      "snowfall_cm": 0.3,
      "depth_est_cm": 17.11989828204122,
      "corridor_score": 0.00027164325509590275,
      "segment_id": 0
    },
    {
      "time": "2022-03-11 06:00:00+00:00",
      "CP": 1.9080855205853882,
      "SCE": 0.002157978006792372,
      "S_struct": 6.138583603675249,
      "admissible": false,
      "snowfall_cm": 1.0,
      "depth_est_cm": 13.87743458358849,
      "corridor_score": 0.02994719862208382,
      "segment_id": 0
    },
    {
      "time": "2022-03-19 12:00:00+00:00",
      "CP": 31.926752381957005,
      "SCE": 3.641382260410856e-18,
      "S_struct": 40.154168322456755,
      "admissible": false,
      "snowfall_cm": 3.0,
      "depth_est_cm": 45.42571110556635,
      "corridor_score": 1.654123785863577e-16,
      "segment_id": 0
    },
    {
      "time": "2022-03-31 11:30:00+00:00",
      "CP": 18.781649621649645,
      "SCE": 1.5001930894469886e-10,
      "S_struct": 22.62025710381882,
      "admissible": false,
      "snowfall_cm": 0.2,
      "depth_est_cm": 38.80181137537525,
      "corridor_score": 5.82102092833635e-09,
      "segment_id": 0
    },
    {
      "time": "2022-03-31 11:45:00+00:00",
      "CP": 16.0896035048774,
      "SCE": 3.3236934725839026e-11,
      "S_struct": 24.127359366624333,
      "admissible": false,
      "snowfall_cm": 0.5,
      "depth_est_cm": 36.90011385374075,
      "corridor_score": 1.2264466755328096e-09,
      "segment_id": 0
    },
    {
      "time": "2022-03-31 11:49:00+00:00",
      "CP": 14.992585084090303,
      "SCE": 9.109315852384046e-10,
      "S_struct": 20.816553320019466,
      "admissible": false,
      "snowfall_cm": 0.5,
      "depth_est_cm": 36.03762737350768,
      "corridor_score": 3.282781303158028e-08,
      "segment_id": 0
    },
    {
      "time": "2022-03-31 11:53:00+00:00",
      "CP": 14.992585084090303,
      "SCE": 9.44602138928572e-09,
      "S_struct": 18.477672201100106,
      "admissible": false,
      "snowfall_cm": 0.8,
      "depth_est_cm": 36.03762737350768,
      "corridor_score": 3.4041219898926216e-07,
      "segment_id": 0
    },
    {
      "time": "2022-03-31 12:00:00+00:00",
      "CP": 13.529841109554122,
      "SCE": 1.310909843859398e-07,
      "S_struct": 15.847374217527419,
      "admissible": false,
      "snowfall_cm": 0.5,
      "depth_est_cm": 34.79065904841086,
      "corridor_score": 4.560741742091783e-06,
      "segment_id": 0
    },
    {
      "time": "2022-03-31 13:53:00+00:00",
      "CP": 5.6765088964663475,
      "SCE": 5.092299986826444e-11,
      "S_struct": 23.700706430615192,
      "admissible": false,
      "snowfall_cm": 0.5,
      "depth_est_cm": 24.681737998391522,
      "corridor_score": 1.256868140840629e-09,
      "segment_id": 0
    },
    {
      "time": "2022-03-31 14:29:00+00:00",
      "CP": 3.566314500256435,
      "SCE": 6.172600901856617e-12,
      "S_struct": 25.810900826825105,
      "admissible": false,
      "snowfall_cm": 0.2,
      "depth_est_cm": 19.743183517982004,
      "corridor_score": 1.218667923886164e-10,
      "segment_id": 0
    },
    {
      "time": "2022-03-31 14:40:00+00:00",
      "CP": 2.7567483335709118,
      "SCE": 1.3715613997062792e-11,
      "S_struct": 25.01248622425357,
      "admissible": false,
      "snowfall_cm": 0.2,
      "depth_est_cm": 17.206199118432465,
      "corridor_score": 2.359935854650218e-10,
      "segment_id": 0
    },
    {
      "time": "2022-03-31 14:53:00+00:00",
      "CP": 2.7567483335709118,
      "SCE": 6.847821468794124e-11,
      "S_struct": 23.40450545499651,
      "admissible": false,
      "snowfall_cm": 0.3,
      "depth_est_cm": 17.206199118432465,
      "corridor_score": 1.1782497971954837e-09,
      "segment_id": 0
    },
    {
      "time": "2022-04-01 12:00:00+00:00",
      "CP": 18.159610613398495,
      "SCE": 1.2676388136249225e-13,
      "S_struct": 29.696450240783214,
      "admissible": false,
      "snowfall_cm": 1.0,
      "depth_est_cm": 38.38645784278088,
      "corridor_score": 4.866016387908585e-12,
      "segment_id": 0
    },
    {
      "time": "2022-11-15 01:27:00+00:00",
      "CP": 6.044718973807943,
      "SCE": 7.85046828236821e-08,
      "S_struct": 16.3601075601324,
      "admissible": false,
      "snowfall_cm": 0.2,
      "depth_est_cm": 25.37961730710771,
      "corridor_score": 1.9924188068809236e-06,
      "segment_id": 0
    },
    {
      "time": "2022-11-15 01:34:00+00:00",
      "CP": 6.868998833872662,
      "SCE": 1.8811040476168937e-06,
      "S_struct": 13.183651694121032,
      "admissible": false,
      "snowfall_cm": 0.2,
      "depth_est_cm": 26.81810093768344,
      "corridor_score": 5.044763822327473e-05,
      "segment_id": 0
    },
    {
      "time": "2022-11-15 01:45:00+00:00",
      "CP": 6.868998833872662,
      "SCE": 7.629320504907212e-06,
      "S_struct": 11.783511772346944,
      "admissible": false,
      "snowfall_cm": 0.5,
      "depth_est_cm": 26.81810093768344,
      "corridor_score": 0.00020460388738653958,
      "segment_id": 0
    },
    {
      "time": "2022-11-15 01:53:00+00:00",
      "CP": 6.868998833872662,
      "SCE": 7.629320504907212e-06,
      "S_struct": 11.783511772346944,
      "admissible": false,
      "snowfall_cm": 0.5,
      "depth_est_cm": 26.81810093768344,
      "corridor_score": 0.00020460388738653958,
      "segment_id": 0
    },
    {
      "time": "2022-11-15 02:20:00+00:00",
      "CP": 6.842555121581931,
      "SCE": 7.4302170676259605e-06,
      "S_struct": 11.809955484637674,
      "admissible": false,
      "snowfall_cm": 0.2,
      "depth_est_cm": 26.774340965199926,
      "corridor_score": 0.0001989391652140654,
      "segment_id": 0
    },
    {
      "time": "2022-11-15 02:40:00+00:00",
      "CP": 6.842555121581931,
      "SCE": 7.4302170676259605e-06,
      "S_struct": 11.809955484637674,
      "admissible": false,
      "snowfall_cm": 0.2,
      "depth_est_cm": 26.774340965199926,
      "corridor_score": 0.0001989391652140654,
      "segment_id": 0
    },
    {
      "time": "2022-11-15 02:50:00+00:00",
      "CP": 7.514791310493948,
      "SCE": 3.793613080680005e-06,
      "S_struct": 12.482191673549691,
      "admissible": false,
      "snowfall_cm": 0.2,
      "depth_est_cm": 27.843462469653183,
      "corridor_score": 0.0001056273234362991,
      "segment_id": 0
    },
    {
      "time": "2022-11-15 02:53:00+00:00",
      "CP": 7.514791310493948,
      "SCE": 6.457907014396713e-06,
      "S_struct": 11.95020528424583,
      "admissible": false,
      "snowfall_cm": 0.3,
      "depth_est_cm": 27.843462469653183,
      "corridor_score": 0.0001798104915878649,
      "segment_id": 0
    },
    {
      "time": "2022-11-15 06:00:00+00:00",
      "CP": 1.805099938050608,
      "SCE": 2.8458059164137058e-05,
      "S_struct": 10.467079162844515,
      "admissible": false,
      "snowfall_cm": 0.8,
      "depth_est_cm": 13.408709169420753,
      "corridor_score": 0.00038158583885808286,
      "segment_id": 0
    },
    {
      "time": "2022-12-14 12:00:00+00:00",
      "CP": 25.839621941160747,
      "SCE": 5.2277679186157156e-20,
      "S_struct": 44.39771745710588,
      "admissible": false,
      "snowfall_cm": 0.3,
      "depth_est_cm": 42.768429942608876,
      "corridor_score": 2.2358342598353443e-18,
      "segment_id": 0
    },
    {
      "time": "2022-12-22 05:53:00+00:00",
      "CP": 1.6281676181763618,
      "SCE": 0.03965487199168555,
      "S_struct": 3.227541463501855,
      "admissible": false,
      "snowfall_cm": 0.3,
      "depth_est_cm": 12.561729443100017,
      "corridor_score": 0.49813377306031853,
      "segment_id": 0
    },
    {
      "time": "2022-12-22 06:00:00+00:00",
      "CP": 1.3776802923030755,
      "SCE": 0.04096653157445117,
      "S_struct": 3.1949998486967663,
      "admissible": false,
      "snowfall_cm": 0.3,
      "depth_est_cm": 11.259629488730939,
      "corridor_score": 0.46126796696671746,
      "segment_id": 0
    },
    {
      "time": "2022-12-22 12:53:00+00:00",
      "CP": 13.126954884914548,
      "SCE": 8.740980594353928e-11,
      "S_struct": 23.16041364341024,
      "admissible": false,
      "snowfall_cm": 0.3,
      "depth_est_cm": 34.425100663047374,
      "corridor_score": 3.0090913685437763e-09,
      "segment_id": 0
    },
    {
      "time": "2022-12-22 13:23:00+00:00",
      "CP": 13.474228823668902,
      "SCE": 7.934622403479832e-11,
      "S_struct": 23.25720025629131,
      "admissible": false,
      "snowfall_cm": 0.5,
      "depth_est_cm": 34.7408066929215,
      "corridor_score": 2.7565518310061705e-09,
      "segment_id": 0
    },
    {
      "time": "2022-12-22 13:36:00+00:00",
      "CP": 8.128002608831025,
      "SCE": 3.781723045042292e-13,
      "S_struct": 28.603426471129183,
      "admissible": false,
      "snowfall_cm": 0.5,
      "depth_est_cm": 28.74750967874579,
      "corridor_score": 1.0871511983968929e-11,
      "segment_id": 0
    },
    {
      "time": "2022-12-22 13:51:00+00:00",
      "CP": 6.570953933893411,
      "SCE": 6.427112979580931e-13,
      "S_struct": 28.07308076378941,
      "admissible": false,
      "snowfall_cm": 0.5,
      "depth_est_cm": 26.31614796922141,
      "corridor_score": 1.691368561855553e-11,
      "segment_id": 0
    },
    {
      "time": "2022-12-22 13:53:00+00:00",
      "CP": 4.777787729136776,
      "SCE": 2.679989210491358e-13,
      "S_struct": 28.947793440343993,
      "admissible": false,
      "snowfall_cm": 0.5,
      "depth_est_cm": 22.80227122672617,
      "corridor_score": 6.110984086232368e-12,
      "segment_id": 0
    },
    {
      "time": "2022-12-22 14:53:00+00:00",
      "CP": 3.57425483979091,
      "SCE": 6.147816955432018e-13,
      "S_struct": 28.117509156716142,
      "admissible": false,
      "snowfall_cm": 0.3,
      "depth_est_cm": 19.765769515871913,
      "corridor_score": 1.2151633296683864e-11,
      "segment_id": 0
    },
    {
      "time": "2022-12-22 18:00:00+00:00",
      "CP": 1.4516659650058037,
      "SCE": 1.956629294152421e-11,
      "S_struct": 24.657212778037476,
      "admissible": false,
      "snowfall_cm": 1.0,
      "depth_est_cm": 11.657981129440794,
      "corridor_score": 2.2810347388539983e-10,
      "segment_id": 0
    },
    {
      "time": "2022-12-23 12:00:00+00:00",
      "CP": 1.0744857876184306,
      "SCE": 0.0014010392565217207,
      "S_struct": 6.570540991661714,
      "admissible": false,
      "snowfall_cm": 1.0,
      "depth_est_cm": 9.486273027087488,
      "corridor_score": 0.013290640909032708,
      "segment_id": 0
    },
    {
      "time": "2022-12-26 02:53:00+00:00",
      "CP": 12.65974122817026,
      "SCE": 5.600653831413791e-11,
      "S_struct": 23.6055526763992,
      "admissible": false,
      "snowfall_cm": 0.3,
      "depth_est_cm": 33.98788783257687,
      "corridor_score": 1.903543942111838e-09,
      "segment_id": 0
    },
    {
      "time": "2022-12-26 03:53:00+00:00",
      "CP": 11.853719650186704,
      "SCE": 2.501427999375192e-11,
      "S_struct": 24.411574254382753,
      "admissible": false,
      "snowfall_cm": 1.0,
      "depth_est_cm": 33.197232073126635,
      "corridor_score": 8.304048580947512e-10,
      "segment_id": 0
    },
    {
      "time": "2022-12-26 06:00:00+00:00",
      "CP": 15.181211412908494,
      "SCE": 1.1960496272569699e-09,
      "S_struct": 20.544241687916823,
      "admissible": false,
      "snowfall_cm": 1.0,
      "depth_est_cm": 36.19006013786271,
      "corridor_score": 4.328510793829802e-08,
      "segment_id": 0
    }
  ]
}